/*
SQLyog Community v13.1.7 (64 bit)
MySQL - 10.4.21-MariaDB : Database - db_bumbu_transaction
*********************************************************************
*/

/*!40101 SET NAMES utf8 */;

/*!40101 SET SQL_MODE=''*/;

/*!40014 SET @OLD_UNIQUE_CHECKS=@@UNIQUE_CHECKS, UNIQUE_CHECKS=0 */;
/*!40014 SET @OLD_FOREIGN_KEY_CHECKS=@@FOREIGN_KEY_CHECKS, FOREIGN_KEY_CHECKS=0 */;
/*!40101 SET @OLD_SQL_MODE=@@SQL_MODE, SQL_MODE='NO_AUTO_VALUE_ON_ZERO' */;
/*!40111 SET @OLD_SQL_NOTES=@@SQL_NOTES, SQL_NOTES=0 */;
CREATE DATABASE /*!32312 IF NOT EXISTS*/`db_bumbu_transaction` /*!40100 DEFAULT CHARACTER SET utf8mb4 */;

USE `db_bumbu_transaction`;

/*Table structure for table `mst_coa` */

DROP TABLE IF EXISTS `mst_coa`;

CREATE TABLE `mst_coa` (
  `coa_id` int(10) NOT NULL AUTO_INCREMENT COMMENT 'Id COA',
  `coa_level` int(3) DEFAULT NULL COMMENT 'Level COA',
  `coa_code` varchar(5) DEFAULT NULL COMMENT 'Kode COA',
  `coa_detail` varchar(30) DEFAULT NULL COMMENT 'Kode Detil COA',
  `coa_name` varchar(150) DEFAULT NULL COMMENT 'Nama COA',
  `coa_parent_id` int(3) DEFAULT NULL COMMENT 'Id Induk COA',
  `is_active` int(1) DEFAULT NULL COMMENT 'Status Aktif COA',
  `is_lowest` int(11) DEFAULT NULL COMMENT 'Status Level COA',
  `pic_input` int(11) DEFAULT NULL,
  `input_time` datetime DEFAULT NULL,
  `pic_edit` int(11) DEFAULT NULL,
  `edit_time` datetime DEFAULT NULL,
  PRIMARY KEY (`coa_id`)
) ENGINE=InnoDB AUTO_INCREMENT=171 DEFAULT CHARSET=latin1;

/*Data for the table `mst_coa` */

/*Table structure for table `mst_coa_level` */

DROP TABLE IF EXISTS `mst_coa_level`;

CREATE TABLE `mst_coa_level` (
  `coa_level` int(2) NOT NULL AUTO_INCREMENT COMMENT 'Level COA',
  `level_name` varchar(50) DEFAULT NULL COMMENT 'Keterangan',
  PRIMARY KEY (`coa_level`)
) ENGINE=InnoDB AUTO_INCREMENT=8 DEFAULT CHARSET=latin1;

/*Data for the table `mst_coa_level` */

/*Table structure for table `mst_journal_config` */

DROP TABLE IF EXISTS `mst_journal_config`;

CREATE TABLE `mst_journal_config` (
  `jc_id` varchar(10) NOT NULL COMMENT 'Id Data',
  `trn_code` varchar(10) DEFAULT NULL COMMENT 'Kode Dokumen Transaksi',
  `db_coa_id` int(10) DEFAULT NULL COMMENT 'Id COA Debet',
  `db_coa_code` varchar(5) DEFAULT NULL COMMENT 'Kode COA Debet',
  `db_coa_detail` varchar(30) DEFAULT NULL COMMENT 'Kode Detil COA Debet',
  `db_coa_name` varchar(70) DEFAULT NULL COMMENT 'Nama COA Debet',
  `cr_coa_id` int(10) DEFAULT NULL COMMENT 'Id COA Kredit',
  `cr_coa_code` varchar(5) DEFAULT NULL COMMENT 'Kode COA Kredit',
  `cr_coa_detail` varchar(30) DEFAULT NULL COMMENT 'Kode Detil COA Kredit',
  `cr_coa_name` varchar(70) DEFAULT NULL COMMENT 'Nama COA Kredit',
  PRIMARY KEY (`jc_id`)
) ENGINE=InnoDB DEFAULT CHARSET=latin1;

/*Data for the table `mst_journal_config` */

/*Table structure for table `trn_closing_journal` */

DROP TABLE IF EXISTS `trn_closing_journal`;

CREATE TABLE `trn_closing_journal` (
  `closing_journal_id` int(11) NOT NULL AUTO_INCREMENT COMMENT 'Id Closing',
  `month_periode` varchar(2) DEFAULT NULL COMMENT 'Bulan Closing',
  `year_periode` year(4) DEFAULT NULL COMMENT 'Tahun Closing',
  `is_active` int(1) DEFAULT 1 COMMENT '1 = Closing , 0 = Open',
  `pic_closing` int(4) DEFAULT NULL,
  `time_closing` datetime DEFAULT NULL,
  PRIMARY KEY (`closing_journal_id`)
) ENGINE=InnoDB AUTO_INCREMENT=5 DEFAULT CHARSET=latin1;

/*Data for the table `trn_closing_journal` */

/*Table structure for table `trn_do_01` */

DROP TABLE IF EXISTS `trn_do_01`;

CREATE TABLE `trn_do_01` (
  `do_id` int(11) NOT NULL AUTO_INCREMENT COMMENT 'Id Incoming Stok',
  `do_date` date DEFAULT NULL COMMENT 'Tanggal',
  `do_no` varchar(15) DEFAULT NULL COMMENT 'Nomor Dokumen (CCCCYYYYMMNNNN) ex : LMIS2018070001',
  `warehouse_id` int(11) DEFAULT NULL COMMENT 'Id Gudang',
  `doc_ref` varchar(15) DEFAULT NULL COMMENT 'Referensi Dokumen',
  `company_id` int(11) DEFAULT NULL COMMENT 'Id Company',
  `company_name` varchar(50) DEFAULT NULL COMMENT 'Nama Company',
  `do_status` varchar(20) DEFAULT NULL COMMENT '1 = Close, 2 = Void',
  `remarks` varchar(200) DEFAULT NULL COMMENT 'Info',
  `pic_input` int(11) DEFAULT NULL,
  `input_time` datetime DEFAULT NULL,
  `pic_edit` int(11) DEFAULT NULL,
  `edit_time` datetime DEFAULT NULL,
  PRIMARY KEY (`do_id`)
) ENGINE=InnoDB AUTO_INCREMENT=81 DEFAULT CHARSET=latin1;

/*Data for the table `trn_do_01` */

insert  into `trn_do_01`(`do_id`,`do_date`,`do_no`,`warehouse_id`,`doc_ref`,`company_id`,`company_name`,`do_status`,`remarks`,`pic_input`,`input_time`,`pic_edit`,`edit_time`) values 
(1,'2021-06-17','DO2021060001',4,'SL2021060001',1,'Suhanda Souwmpie','Close','Paketan Berkat Bintang Mas Trip 1 2021',1,'2021-07-27 08:48:11',NULL,NULL),
(2,'2021-07-13','DO2021070001',4,'SL2021070002',1,'Suhanda Souwmpie','Close','Paketan Putra Bintang Mas I Trip 2 2021',1,'2021-07-27 08:51:52',NULL,NULL),
(3,'2021-07-15','DO2021070002',4,'SL2021070003',1,'Suhanda Souwmpie','Close','Bintang Mas Trip 2 2021',1,'2021-07-27 08:53:30',NULL,NULL),
(4,'2021-07-16','DO2021070003',4,'SL2021070004',1,'Suhanda Souwmpie','Close','Bintang Mas Trip 2 2021',1,'2021-07-27 08:55:44',NULL,NULL),
(5,'2021-07-16','DO2021070004',4,'SL2021070005',1,'Suhanda Souwmpie','Close','Paketan Bintang Mas II Trip 2 2021',1,'2021-07-27 08:57:10',NULL,NULL),
(6,'2021-06-15','DO2021060002',4,'SL2021060003',1,'Suhanda Souwmpie','Close','Bintang Mas II Trip 2 2021',1,'2021-07-27 10:02:51',NULL,NULL),
(7,'2021-06-17','DO2021060003',4,'SL2021060004',1,'Suhanda Souwmpie','Close','Bintang Mas II Trip 2 2021',1,'2021-07-27 10:06:26',NULL,NULL),
(8,'2021-06-20','DO2021060004',4,'SL2021060005',1,'Suhanda Souwmpie','Close','Bintang Mas II Trip 2 2021',1,'2021-07-27 10:12:51',NULL,NULL),
(9,'2021-06-16','DO2021060005',4,'SL2021060006',1,'Suhanda Souwmpie','Close','Putra Bintang Mas III Trip 2 2021',1,'2021-07-27 11:05:59',NULL,NULL),
(10,'2021-06-30','DO2021060006',4,'SL2021060007',1,'Suhanda Souwmpie','Close','Putra Bintang Mas III Trip 2 2021',1,'2021-07-27 11:13:01',NULL,NULL),
(11,'2021-06-17','DO2021060007',4,'SL2021060008',1,'Suhanda Souwmpie','Close','Putra Bintang Mas III Trip 2 2021',1,'2021-07-27 11:17:00',NULL,NULL),
(12,'2021-07-13','DO2021070005',4,'SL2021070008',1,'Suhanda Souwmpie','Reject','Putra Bintang Mas III Trip 2 2021',1,'2021-08-05 09:10:05',NULL,NULL),
(13,'2021-07-13','DO2021070006',4,'SL2021070009',1,'Suhanda Souwmpie','Close','Putra Bintang Mas III Trip 2 2021 (Kekurangan 18pcs Lem Dexton  SL2021070008)',1,'2021-08-05 09:14:48',NULL,NULL),
(14,'2021-07-31','DO2021070007',4,'SL2021070010',1,'Suhanda Souwmpie','Reject','Putra Bintang Mas III Trip 2 2021 Paketan',1,'2021-08-05 09:38:18',NULL,NULL),
(15,'2021-08-07','DO2021080001',4,'SL2021080002',1,'Suhanda Souwmpie','Close','Putra Bintang Mas II Trip 2 2021',1,'2021-08-10 06:59:52',NULL,NULL),
(16,'2021-08-07','DO2021080002',4,'SL2021080003',1,'Suhanda Souwmpie','Close','Marbella Trip 2 2021',1,'2021-08-10 07:00:24',NULL,NULL),
(17,'2021-08-03','DO2021080003',4,'SL2021080004',1,'Suhanda Souwmpie','Close','Marbella Trip 2 2021',1,'2021-08-10 07:14:08',NULL,NULL),
(18,'2021-07-13','DO2021070008',4,'SL2021070008',1,'Suhanda Souwmpie','Close','Putra Bintang Mas III Trip 2 2021 Untuk yang Ke Reject',1,'2021-08-26 06:28:33',NULL,NULL),
(19,'2021-07-13','DO2021070009',4,'SL2021070011',1,'Suhanda Souwmpie','Close','Bintang Mas II Trip 2 2021',1,'2021-08-26 06:49:17',NULL,NULL),
(20,'2021-07-31','DO2021070010',4,'SL2021070012',1,'Suhanda Souwmpie','Close','Marbella Trip 2 2021',1,'2021-08-26 07:46:24',NULL,NULL),
(21,'2021-07-31','DO2021070011',4,'SL2021070013',1,'Suhanda Souwmpie','Close','Irwan Jaya Trip 2 2021',1,'2021-08-26 07:51:24',NULL,NULL),
(22,'2021-08-09','DO2021080004',4,'SL2021080005',1,'Suhanda Souwmpie','Close','Irwan Jaya Trip 2 2021',1,'2021-08-26 08:00:08',NULL,NULL),
(23,'2021-06-17','DO2021060008',4,'SL2021060009',1,'Suhanda Souwmpie','Close','Berkat Bintang Mas Trip 1 2021',1,'2021-08-26 08:04:21',NULL,NULL),
(24,'2021-07-15','DO2021070012',4,'SL2021070014',1,'Suhanda Souwmpie','Close','Bintang Mas Trip 2 2021',1,'2021-08-26 08:07:29',NULL,NULL),
(25,'2021-07-31','DO2021070013',4,'SL2021070010',1,'Suhanda Souwmpie','Reject','Putra Bintang Mas III Trip 2 2021',1,'2021-08-27 03:42:49',NULL,NULL),
(26,'2021-08-23','DO2021080005',4,'SL2021080006',1,'Suhanda Souwmpie','Close','Paketan Putra Bintang Mas I Trip 2 2021 (Dastim)',1,'2021-09-02 06:50:12',NULL,NULL),
(27,'2021-08-25','DO2021080006',4,'SL2021080007',1,'Suhanda Souwmpie','Close','Irwan Jaya Trip 3 2021',1,'2021-09-02 07:16:34',NULL,NULL),
(28,'2021-08-26','DO2021080007',4,'SL2021080008',1,'Suhanda Souwmpie','Close','Putra Bintang Mas II Trip 2 2021',1,'2021-09-02 07:49:09',NULL,NULL),
(29,'2021-08-26','DO2021080008',4,'SL2021080009',1,'Suhanda Souwmpie','Close','Irwan Jaya Trip 3 2021',1,'2021-09-02 08:27:12',NULL,NULL),
(30,'2021-08-27','DO2021080009',4,'SL2021080010',1,'Suhanda Souwmpie','Close','Irwan Jaya Trip 3 2021',1,'2021-09-02 09:15:01',NULL,NULL),
(31,'2021-08-30','DO2021080010',4,'SL2021080011',1,'Suhanda Souwmpie','Close','Putra Bintang Mas II Trip 2 2021',1,'2021-09-02 09:20:06',NULL,NULL),
(32,'2021-09-01','DO2021090001',4,'SL2021090001',1,'Suhanda Souwmpie','Close','Putra Bintang Mas I Trip 2 2021',1,'2021-09-02 09:48:13',NULL,NULL),
(33,'2021-08-30','DO2021080011',4,'SL2021080012',1,'Suhanda Souwmpie','Close','B 9744 JQO dan B 9424 VZM',1,'2021-09-03 06:23:29',NULL,NULL),
(34,'2021-08-16','DO2021080012',4,'SL2021080013',1,'Suhanda Souwmpie','Close','B 9424 VZM',1,'2021-09-03 06:39:14',NULL,NULL),
(35,'2021-07-31','DO2021070014',4,'SL2021070015',1,'Suhanda Souwmpie','Close','B 9649 CQB',1,'2021-09-03 06:39:59',NULL,NULL),
(36,'2021-09-04','DO2021090002',4,'SL2021090002',1,'Suhanda Souwmpie','Close','Putra Bintang Mas II Trip 2 2021 (Alat Dapur dan Pancing)',1,'2021-09-06 05:39:29',NULL,NULL),
(37,'2021-09-03','DO2021090003',4,'SL2021090003',1,'Suhanda Souwmpie','Close','Paketan Marbella Trip 2 2021',1,'2021-09-06 06:41:05',NULL,NULL),
(38,'2021-09-04','DO2021090004',4,'SL2021090004',1,'Suhanda Souwmpie','Close','Putra Bintang Mas II Trip 2 2021',1,'2021-09-14 05:06:26',NULL,NULL),
(39,'2021-09-10','DO2021090005',4,'SL2021090005',1,'Suhanda Souwmpie','Close','Irwan Jaya Trip 3 2021',1,'2021-09-14 05:09:23',NULL,NULL),
(40,'2021-07-31','DO2021070015',4,'SL2021070016',1,'Suhanda Souwmpie','Close','Putra Bintang Mas I Trip 2 2021',1,'2021-09-21 06:55:48',NULL,NULL),
(41,'2021-09-10','DO2021090006',4,'SL2021090007',1,'Suhanda Souwmpie','Close','Irwan Jaya Trip 3 2021 Alat Pancing dan Alat Dapur',1,'2021-09-21 07:14:16',NULL,NULL),
(42,'2021-09-10','DO2021090007',4,'SL2021090008',1,'Suhanda Souwmpie','Close','Irwan Jaya Trip 3 2021',1,'2021-09-21 07:59:47',NULL,NULL),
(43,'2021-09-15','DO2021090008',4,'SL2021090009',1,'Suhanda Souwmpie','Close','Berkat Bintang Mas Trip 2 2021',1,'2021-09-21 08:22:16',NULL,NULL),
(44,'2021-06-23','DO2021060009',4,'SL2021060010',1,'Suhanda Souwmpie','Close','Putra Bintang Mas I Trip 2 2021 (Dastim)',1,'2021-10-06 06:37:32',NULL,NULL),
(45,'2021-10-03','DO2021100001',4,'SL2021100001',1,'Suhanda Souwmpie','Close','Berkat Bintang Mas Trip 2 2021',1,'2021-10-06 08:36:08',NULL,NULL),
(46,'2021-10-04','DO2021100002',4,'SL2021100002',1,'Suhanda Souwmpie','Close','Putra Bintang Mas I Trip 3 2021',1,'2021-10-06 08:38:27',NULL,NULL),
(47,'2021-10-08','DO2021100003',4,'SL2021100004',1,'Suhanda Souwmpie','Close','Putra Bintang Mas I Trip 3 2021',1,'2021-10-09 07:49:05',NULL,NULL),
(48,'2021-10-07','DO2021100004',4,'SL2021100005',1,'Suhanda Souwmpie','Close','Berkat Bintang Mas Trip 3 2021',1,'2021-10-15 05:54:09',NULL,NULL),
(49,'2021-10-09','DO2021100005',4,'SL2021100006',1,'Suhanda Souwmpie','Close','Putra Bintang Mas I Trip 3 2021',1,'2021-10-15 06:10:32',NULL,NULL),
(50,'2021-10-09','DO2021100006',4,'SL2021100007',1,'Suhanda Souwmpie','Close','Berkat Bintang Mas Trip 3 2021',1,'2021-10-15 07:24:32',NULL,NULL),
(51,'2021-10-08','DO2021100007',4,'SL2021100008',1,'Suhanda Souwmpie','Close','Berkat Bintang Mas Trip 3 2021',1,'2021-10-15 07:28:27',NULL,NULL),
(52,'2021-10-11','DO2021100008',4,'SL2021100009',1,'Suhanda Souwmpie','Close','Putra Bintang Mas I Trip 3 2021',1,'2021-10-15 07:40:04',NULL,NULL),
(53,'2021-10-13','DO2021100009',4,'SL2021100010',1,'Suhanda Souwmpie','Close','Putra Bintang Mas I Trip 3 2021',1,'2021-10-15 07:43:38',NULL,NULL),
(54,'2021-10-13','DO2021100010',4,'SL2021100010',1,'Suhanda Souwmpie','Reject','Putra Bintang Mas I Trip 3 2021',1,'2021-10-15 07:43:44',NULL,NULL),
(55,'2021-10-14','DO2021100011',4,'SL2021100011',1,'Suhanda Souwmpie','Close','Putra Bintang Mas I Trip 3 2021',1,'2021-10-15 07:48:14',NULL,NULL),
(56,'2021-10-05','DO2021100012',4,'SL2021100012',1,'Suhanda Souwmpie','Close','Putra Bintang Mas I Trip 3 2021',1,'2021-10-18 05:58:52',NULL,NULL),
(57,'2021-10-08','DO2021100013',4,'SL2021100013',1,'Suhanda Souwmpie','Close','Berkat Bintang Mas Trip 2 2021',1,'2021-10-18 05:59:18',NULL,NULL),
(58,'2021-10-15','DO2021100014',4,'SL2021100014',1,'Suhanda Souwmpie','Close','KM Marbella Trip 3 2021',1,'2021-10-18 09:14:09',NULL,NULL),
(59,'2021-10-17','DO2021100015',4,'SL2021100015',1,'Suhanda Souwmpie','Close','KM Marbella Trip 3 2021',1,'2021-10-18 09:14:57',NULL,NULL),
(60,'2021-10-18','DO2021100016',4,'SL2021100016',1,'Suhanda Souwmpie','Close','Putra Bintang Mas III Trip 3 2021',1,'2021-10-18 09:16:27',NULL,NULL),
(61,'2021-10-18','DO2021100017',4,'SL2021100017',1,'Suhanda Souwmpie','Close','Putra Bintang Mas I Trip 2 2021',1,'2021-10-18 09:17:16',NULL,NULL),
(62,'2021-10-22','DO2021100018',4,'SL2021100018',1,'Suhanda Souwmpie','Close','Putra Bintang Mas I Trip 2 2021',1,'2021-10-22 08:23:26',NULL,NULL),
(63,'2021-11-02','DO2021110001',4,'SL2021100020',1,'Suhanda Souwmpie','Close','',1,'2021-11-02 15:48:04',NULL,NULL),
(64,'2021-11-02','DO2021110002',6,'SL2021110001',1,'Suhanda Souwmpie','Close','test',1,'2021-11-02 16:03:17',NULL,NULL),
(65,'2021-11-02','DO2021110003',6,'SL2021110001',1,'Suhanda Souwmpie','Close','',1,'2021-11-02 16:06:40',NULL,NULL),
(66,'2021-11-02','DO2021110004',6,'SL2021110001',1,'Suhanda Souwmpie','Close','',1,'2021-11-02 16:10:22',NULL,NULL),
(67,'2021-11-02','DO2021110005',6,'SL2021110002',1,'Suhanda Souwmpie','Reject','',1,'2021-11-02 16:16:51',NULL,NULL),
(68,'2021-11-02','DO2021110006',6,'SL2021110002',1,'Suhanda Souwmpie','Reject','',1,'2021-11-02 16:17:09',NULL,NULL),
(69,'2021-11-02','DO2021110007',6,'SL2021110002',1,'Suhanda Souwmpie','Reject','',1,'2021-11-02 16:18:19',NULL,NULL),
(70,'2021-11-02','DO2021110008',6,'SL2021110002',1,'Suhanda Souwmpie','Reject','',1,'2021-11-02 16:19:26',NULL,NULL),
(71,'2021-11-02','DO2021110009',6,'SL2021110002',1,'Suhanda Souwmpie','Reject','',1,'2021-11-02 16:20:43',NULL,NULL),
(72,'2021-11-02','DO2021110010',6,'SL2021110002',1,'Suhanda Souwmpie','Reject','',1,'2021-11-02 16:21:23',NULL,NULL),
(73,'2021-11-02','DO2021110011',6,'SL2021110002',1,'Suhanda Souwmpie','Reject','',1,'2021-11-02 16:22:28',NULL,NULL),
(74,'2021-11-02','DO2021110012',6,'SL2021110002',1,'Suhanda Souwmpie','Reject','',1,'2021-11-02 16:22:44',NULL,NULL),
(75,'2021-11-02','DO2021110013',6,'SL2021110002',1,'Suhanda Souwmpie','Reject','',1,'2021-11-02 16:25:09',NULL,NULL),
(76,'2021-11-02','DO2021110014',6,'SL2021110002',1,'Suhanda Souwmpie','Reject','',1,'2021-11-02 16:26:26',NULL,NULL),
(77,'2021-11-02','DO2021110015',6,'SL2021110002',1,'Suhanda Souwmpie','Reject','',1,'2021-11-02 16:27:50',NULL,NULL),
(78,'2021-11-02','DO2021110016',6,'SL2021110002',1,'Suhanda Souwmpie','Reject','',1,'2021-11-02 16:28:32',NULL,NULL),
(79,'2021-11-02','DO2021110017',6,'SL2021110003',1,'Suhanda Souwmpie','Reject','',1,'2021-11-02 16:39:27',NULL,NULL),
(80,'2021-11-02','DO2021110018',6,'SL2021110003',1,'Suhanda Souwmpie','Close','',1,'2021-11-02 16:40:45',NULL,NULL);

/*Table structure for table `trn_do_02` */

DROP TABLE IF EXISTS `trn_do_02`;

CREATE TABLE `trn_do_02` (
  `do_02_id` int(11) NOT NULL AUTO_INCREMENT COMMENT 'Id Detail',
  `do_id` int(11) DEFAULT NULL COMMENT 'Id header',
  `items_id` int(11) DEFAULT NULL COMMENT 'Id items',
  `items_name` varchar(250) DEFAULT NULL COMMENT 'Nama items',
  `qty` decimal(7,1) DEFAULT NULL COMMENT 'Qty Incoming',
  `do_qty` decimal(7,1) DEFAULT NULL COMMENT 'Qty PO',
  `price` decimal(12,2) DEFAULT NULL,
  `discount` decimal(12,2) DEFAULT 0.00,
  `total` decimal(12,2) DEFAULT NULL,
  `remarks` varchar(200) DEFAULT NULL COMMENT 'Info',
  PRIMARY KEY (`do_02_id`),
  KEY `is_id` (`do_02_id`)
) ENGINE=InnoDB AUTO_INCREMENT=494 DEFAULT CHARSET=latin1;

/*Data for the table `trn_do_02` */

insert  into `trn_do_02`(`do_02_id`,`do_id`,`items_id`,`items_name`,`qty`,`do_qty`,`price`,`discount`,`total`,`remarks`) values 
(1,1,39,'Kain campur/ Warna',100.0,100.0,0.00,0.00,0.00,'0'),
(2,1,42,'Pancing udang-udangan 2.0',200.0,200.0,0.00,0.00,0.00,'0'),
(3,2,129,'Saringan radiator CH 400',1.0,1.0,0.00,0.00,0.00,'0'),
(4,3,100,'Masker kain',1.0,1.0,0.00,0.00,0.00,'0'),
(5,4,89,'Silet SDI / Pisau Lipat',1.0,1.0,0.00,0.00,0.00,'0'),
(6,4,179,'Oli Mesin',80.0,80.0,0.00,0.00,0.00,'0'),
(7,5,179,'Oli Mesin',40.0,40.0,0.00,0.00,0.00,'0'),
(8,6,7,'Sarung tangan kain /No.6 B',1.0,1.0,0.00,0.00,0.00,'0'),
(9,6,179,'Oli Mesin',80.0,80.0,0.00,0.00,0.00,'0'),
(10,6,222,'Kain Lap',2.0,2.0,0.00,0.00,0.00,'0'),
(11,7,84,'Siltip/ Onda/ Selotip',3.0,3.0,0.00,0.00,0.00,'0'),
(12,7,190,'Batu Gurinda Potong (WD)',2.0,2.0,0.00,0.00,0.00,'0'),
(13,8,205,'Ring Baja Hitam 1/2',36.0,36.0,0.00,0.00,0.00,'0'),
(14,8,214,'As Drat 1/2 inch',3.0,3.0,0.00,0.00,0.00,'0'),
(15,8,289,'Mur 1/2',36.0,36.0,0.00,0.00,0.00,'0'),
(16,9,7,'Sarung tangan kain /No.6 B',1.0,1.0,0.00,0.00,0.00,'0'),
(17,9,179,'Oli Mesin',100.0,100.0,0.00,0.00,0.00,'0'),
(18,9,222,'Kain Lap',3.0,3.0,0.00,0.00,0.00,'0'),
(19,10,1224,'Senter Push On 3watt',1.0,1.0,0.00,0.00,0.00,'0'),
(20,11,98,'Pisau kater (cutter) besar',1.0,1.0,0.00,0.00,0.00,'0'),
(21,11,192,'Batu Gurinda Amplas (Kinik)',2.0,2.0,0.00,0.00,0.00,'0'),
(22,12,1,'Langseng/ Dandang 32inch',0.0,2.0,0.00,0.00,0.00,'0'),
(23,12,7,'Sarung tangan kain /No.6 B',0.0,2.0,0.00,0.00,0.00,'0'),
(24,12,9,'Sarung tangan karet',0.0,12.0,0.00,0.00,0.00,'0'),
(25,12,22,'Kompaan/ Pompa Ban/ Angin',0.0,1.0,0.00,0.00,0.00,'0'),
(26,12,23,'Kepala Kompor 203 (EMSTAR MT)',0.0,6.0,0.00,0.00,0.00,'0'),
(27,12,25,'Termos Air Panas (Solaris)',0.0,2.0,0.00,0.00,0.00,'0'),
(28,12,31,'Sendok',0.0,1.0,0.00,0.00,0.00,'0'),
(29,12,33,'Serop/ Serok kerupuk 8 inch',0.0,1.0,0.00,0.00,0.00,'0'),
(30,12,34,'Selang kompor kuningan',0.0,3.0,0.00,0.00,0.00,'0'),
(31,12,36,'Spuyer kompor 203',0.0,10.0,0.00,0.00,0.00,'0'),
(32,12,37,'Jarum/ Colok kompor no 168',0.0,10.0,0.00,0.00,0.00,'0'),
(33,12,39,'Kain campur/ Warna',0.0,150.0,0.00,0.00,0.00,'0'),
(34,12,40,'Kain putih (3x1.5)m',0.0,100.0,0.00,0.00,0.00,'0'),
(35,12,41,'Pancing Apollo 4 inch',0.0,200.0,0.00,0.00,0.00,'0'),
(36,12,42,'Pancing udang-udangan 2.0',0.0,400.0,0.00,0.00,0.00,'0'),
(37,12,43,'Pancing udang-udangan 3.5',0.0,10.0,0.00,0.00,0.00,'0'),
(38,12,47,'Gunting ',0.0,12.0,0.00,0.00,0.00,'0'),
(39,12,48,'Jarum jahit',0.0,5.0,0.00,0.00,0.00,'0'),
(40,12,49,'Kumis udang',0.0,2.0,0.00,0.00,0.00,'0'),
(41,12,50,'Benang Sutra Hijau & Putih 555',0.0,8.0,0.00,0.00,0.00,'0'),
(42,12,51,'Serampad PE 380/D60 Dolpin Hitam',0.0,2.0,0.00,0.00,0.00,'0'),
(43,12,56,'Cincin kecil',0.0,20.0,0.00,0.00,0.00,'0'),
(44,12,59,'Pancing no 14',0.0,1.0,0.00,0.00,0.00,'0'),
(45,12,67,'Tasbeh besar',0.0,3.0,0.00,0.00,0.00,'0'),
(46,12,68,'Tasbeh kecil',0.0,3.0,0.00,0.00,0.00,'0'),
(47,12,74,'Senar no 15',0.0,30.0,0.00,0.00,0.00,'0'),
(48,12,77,'Senar no 40',0.0,10.0,0.00,0.00,0.00,'0'),
(49,12,79,'Senar no 60',0.0,10.0,0.00,0.00,0.00,'0'),
(50,12,80,'Senar no 70',0.0,10.0,0.00,0.00,0.00,'0'),
(51,12,83,'Mata Gergaji Besi (Sandflex 12 inch)',0.0,3.0,0.00,0.00,0.00,'0'),
(52,12,84,'Siltip/ Onda/ Selotip',0.0,10.0,0.00,0.00,0.00,'0'),
(53,12,89,'Silet SDI / Pisau Lipat',0.0,5.0,0.00,0.00,0.00,'0'),
(54,12,92,'Spidol (G-12) (M)',0.0,5.0,0.00,0.00,0.00,'0'),
(55,12,93,'Pulpen (Faster C6 (H))',0.0,5.0,0.00,0.00,0.00,'0'),
(56,12,94,'Lem dexton',0.0,2.0,0.00,0.00,0.00,'0'),
(57,12,95,'Lem besi dexton 5 mnt',0.0,2.0,0.00,0.00,0.00,'0'),
(58,12,97,'Lem merah',0.0,2.0,0.00,0.00,0.00,'0'),
(59,12,101,'Solasiban/ Solasi Hitam (Nitto)',0.0,2.0,0.00,0.00,0.00,'0'),
(60,12,105,'Rexco 500ml Semprotan Anti Karat (WD)',0.0,1.0,0.00,0.00,0.00,'0'),
(61,12,106,'Asbes Alumunium tape/prada',0.0,1.0,0.00,0.00,0.00,'0'),
(62,12,110,'MCB 40a',0.0,1.0,0.00,0.00,0.00,'0'),
(63,12,125,'Asbes knalpot 3 in',0.0,1.0,0.00,0.00,0.00,'0'),
(64,12,135,'Mug / Cangkir/ Gelas plastik kecil',0.0,12.0,0.00,0.00,0.00,'0'),
(65,12,187,'Neklin',0.0,3.0,0.00,0.00,0.00,'0'),
(66,12,188,'Plastik Cumi',0.0,3.0,0.00,0.00,0.00,'0'),
(67,12,222,'Kain Lap',0.0,5.0,0.00,0.00,0.00,'0'),
(68,12,390,'Fosfor Skotlet 2inch x 10m',0.0,1.0,0.00,0.00,0.00,'0'),
(69,12,566,'Kili-kili 2 putaran No.3 (pcs)',0.0,15.0,0.00,0.00,0.00,'0'),
(70,12,570,'Teko HC No. 28/ Teko Alumunium',0.0,1.0,0.00,0.00,0.00,'0'),
(71,12,576,'Colokan Broco/ Unicorn',0.0,2.0,0.00,0.00,0.00,'0'),
(72,12,1136,'Aki N120 Massiv XP (Bekas)',0.0,1.0,0.00,0.00,0.00,'0'),
(73,12,1137,'Piring Kaleng 22inch (Pcs)',0.0,12.0,0.00,0.00,0.00,'0'),
(74,12,1221,'Pisau Dapur Amazon No 7',0.0,1.0,0.00,0.00,0.00,'0'),
(75,12,1227,'Racor/ Filter Harian (Fuel Filter Element C21-0617)',0.0,2.0,0.00,0.00,0.00,'0'),
(76,13,94,'Lem dexton',18.0,18.0,0.00,0.00,0.00,'0'),
(77,14,7,'Sarung tangan kain /No.6 B',0.0,1.0,0.00,0.00,0.00,'0'),
(78,14,22,'Kompaan/ Pompa Ban/ Angin',0.0,1.0,0.00,0.00,0.00,'0'),
(79,14,23,'Kepala Kompor 203 (EMSTAR MT)',0.0,2.0,0.00,0.00,0.00,'0'),
(80,14,37,'Jarum/ Colok kompor no 168',0.0,8.0,0.00,0.00,0.00,'0'),
(81,14,73,'Kili-kili biasa no 8 (Swivel Putih 305 No. 8)',0.0,12.0,0.00,0.00,0.00,'0'),
(82,14,75,'Senar no 20',0.0,30.0,0.00,0.00,0.00,'0'),
(83,14,97,'Lem merah',0.0,2.0,0.00,0.00,0.00,'0'),
(84,15,179,'Oli Mesin',20.0,20.0,0.00,0.00,0.00,'0'),
(85,16,179,'Oli Mesin',80.0,80.0,0.00,0.00,0.00,'0'),
(86,17,190,'Batu Gurinda Potong (WD)',3.0,3.0,0.00,0.00,0.00,'0'),
(87,17,194,'Klem Selang 1 3/4 inch',5.0,5.0,0.00,0.00,0.00,'0'),
(88,17,205,'Ring Baja Hitam 1/2',14.0,14.0,0.00,0.00,0.00,'0'),
(89,17,214,'As Drat 1/2 inch',2.0,2.0,0.00,0.00,0.00,'0'),
(90,17,220,'Selang Kawat 1 inch',5.0,5.0,0.00,0.00,0.00,'0'),
(91,17,289,'Mur 1/2',14.0,14.0,0.00,0.00,0.00,'0'),
(92,17,382,'Ring Per/ Ver Baja 1/2',12.0,12.0,0.00,0.00,0.00,'0'),
(93,17,706,'(Vlog) V. Ring ss 304 1 1/4 x 1/2inch (Bering)',1.0,1.0,0.00,0.00,0.00,'0'),
(94,17,1181,'HOSE Nepple 1 1/4 ss (Pipa)',1.0,1.0,0.00,0.00,0.00,'0'),
(95,18,1,'Langseng/ Dandang 32inch',2.0,2.0,0.00,0.00,0.00,'0'),
(96,18,7,'Sarung tangan kain /No.6 B',2.0,2.0,0.00,0.00,0.00,'0'),
(97,18,9,'Sarung tangan karet',12.0,12.0,0.00,0.00,0.00,'0'),
(98,18,22,'Kompaan/ Pompa Ban/ Angin',1.0,1.0,0.00,0.00,0.00,'0'),
(99,18,23,'Kepala Kompor 203 (EMSTAR MT)',6.0,6.0,0.00,0.00,0.00,'0'),
(100,18,25,'Termos Air Panas (Solaris)',2.0,2.0,0.00,0.00,0.00,'0'),
(101,18,31,'Sendok',1.0,1.0,0.00,0.00,0.00,'0'),
(102,18,33,'Serop/ Serok kerupuk 8 inch',1.0,1.0,0.00,0.00,0.00,'0'),
(103,18,34,'Selang kompor kuningan',3.0,3.0,0.00,0.00,0.00,'0'),
(104,18,36,'Spuyer kompor 203',10.0,10.0,0.00,0.00,0.00,'0'),
(105,18,37,'Jarum/ Colok kompor no 168',10.0,10.0,0.00,0.00,0.00,'0'),
(106,18,39,'Kain campur/ Warna',150.0,150.0,0.00,0.00,0.00,'0'),
(107,18,40,'Kain putih (3x1.5)m',100.0,100.0,0.00,0.00,0.00,'0'),
(108,18,41,'Pancing Apollo 4 inch',200.0,200.0,0.00,0.00,0.00,'0'),
(109,18,42,'Pancing udang-udangan 2.0',400.0,400.0,0.00,0.00,0.00,'0'),
(110,18,43,'Pancing udang-udangan 3.5',10.0,10.0,0.00,0.00,0.00,'0'),
(111,18,47,'Gunting ',12.0,12.0,0.00,0.00,0.00,'0'),
(112,18,48,'Jarum jahit',5.0,5.0,0.00,0.00,0.00,'0'),
(113,18,49,'Kumis udang',2.0,2.0,0.00,0.00,0.00,'0'),
(114,18,50,'Benang Sutra Hijau & Putih 555',8.0,8.0,0.00,0.00,0.00,'0'),
(115,18,51,'Serampad PE 380/D60 Dolpin Hitam',2.0,2.0,0.00,0.00,0.00,'0'),
(116,18,56,'Cincin kecil',20.0,20.0,0.00,0.00,0.00,'0'),
(117,18,59,'Pancing no 14',1.0,1.0,0.00,0.00,0.00,'0'),
(118,18,67,'Tasbeh besar',3.0,3.0,0.00,0.00,0.00,'0'),
(119,18,68,'Tasbeh kecil',3.0,3.0,0.00,0.00,0.00,'0'),
(120,18,74,'Senar no 15',30.0,30.0,0.00,0.00,0.00,'0'),
(121,18,77,'Senar no 40',10.0,10.0,0.00,0.00,0.00,'0'),
(122,18,79,'Senar no 60',10.0,10.0,0.00,0.00,0.00,'0'),
(123,18,80,'Senar no 70',10.0,10.0,0.00,0.00,0.00,'0'),
(124,18,83,'Mata Gergaji Besi (Sandflex 12 inch)',3.0,3.0,0.00,0.00,0.00,'0'),
(125,18,84,'Siltip/ Onda/ Selotip',10.0,10.0,0.00,0.00,0.00,'0'),
(126,18,89,'Silet SDI / Pisau Lipat',5.0,5.0,0.00,0.00,0.00,'0'),
(127,18,92,'Spidol (G-12) (M)',5.0,5.0,0.00,0.00,0.00,'0'),
(128,18,93,'Pulpen (Faster C6 (H))',5.0,5.0,0.00,0.00,0.00,'0'),
(129,18,94,'Lem dexton',2.0,2.0,0.00,0.00,0.00,'0'),
(130,18,95,'Lem besi dexton 5 mnt',2.0,2.0,0.00,0.00,0.00,'0'),
(131,18,97,'Lem merah',2.0,2.0,0.00,0.00,0.00,'0'),
(132,18,101,'Solasiban/ Solasi Hitam (Nitto)',2.0,2.0,0.00,0.00,0.00,'0'),
(133,18,105,'Rexco 500ml Semprotan Anti Karat (WD)',1.0,1.0,0.00,0.00,0.00,'0'),
(134,18,106,'Asbes Alumunium tape/prada',1.0,1.0,0.00,0.00,0.00,'0'),
(135,18,110,'MCB 40a',1.0,1.0,0.00,0.00,0.00,'0'),
(136,18,125,'Asbes knalpot 3 in',1.0,1.0,0.00,0.00,0.00,'0'),
(137,18,135,'Mug / Cangkir/ Gelas plastik kecil',12.0,12.0,0.00,0.00,0.00,'0'),
(138,18,187,'Neklin',3.0,3.0,0.00,0.00,0.00,'0'),
(139,18,188,'Plastik Cumi',3.0,3.0,0.00,0.00,0.00,'0'),
(140,18,222,'Kain Lap',5.0,5.0,0.00,0.00,0.00,'0'),
(141,18,390,'Fosfor Skotlet 2inch x 10m',1.0,1.0,0.00,0.00,0.00,'0'),
(142,18,566,'Kili-kili 2 putaran No.3 (pcs)',15.0,15.0,0.00,0.00,0.00,'0'),
(143,18,570,'Teko HC No. 28/ Teko Alumunium',1.0,1.0,0.00,0.00,0.00,'0'),
(144,18,576,'Colokan Broco/ Unicorn',2.0,2.0,0.00,0.00,0.00,'0'),
(145,18,1136,'Aki N120 Massiv XP (Bekas)',1.0,1.0,0.00,0.00,0.00,'0'),
(146,18,1137,'Piring Kaleng 22inch (Pcs)',12.0,12.0,0.00,0.00,0.00,'0'),
(147,18,1221,'Pisau Dapur Amazon No 7',1.0,1.0,0.00,0.00,0.00,'0'),
(148,18,1227,'Racor/ Filter Harian (Fuel Filter Element C21-0617)',2.0,2.0,0.00,0.00,0.00,'0'),
(149,19,7,'Sarung tangan kain /No.6 B',2.0,2.0,0.00,0.00,0.00,'0'),
(150,19,9,'Sarung tangan karet',12.0,12.0,0.00,0.00,0.00,'0'),
(151,19,11,'Selang Kompaan/ Pompa',1.0,1.0,0.00,0.00,0.00,'0'),
(152,19,16,'Mug / Gelas plastik besar',6.0,6.0,0.00,0.00,0.00,'0'),
(153,19,22,'Kompaan/ Pompa Ban/ Angin',1.0,1.0,0.00,0.00,0.00,'0'),
(154,19,23,'Kepala Kompor 203 (EMSTAR MT)',6.0,6.0,0.00,0.00,0.00,'0'),
(155,19,25,'Termos Air Panas (Solaris)',1.0,1.0,0.00,0.00,0.00,'0'),
(156,19,31,'Sendok',1.0,1.0,0.00,0.00,0.00,'0'),
(157,19,33,'Serop/ Serok kerupuk 8 inch',1.0,1.0,0.00,0.00,0.00,'0'),
(158,19,34,'Selang kompor kuningan',4.0,4.0,0.00,0.00,0.00,'0'),
(159,19,36,'Spuyer kompor 203',6.0,6.0,0.00,0.00,0.00,'0'),
(160,19,37,'Jarum/ Colok kompor no 168',10.0,10.0,0.00,0.00,0.00,'0'),
(161,19,39,'Kain campur/ Warna',100.0,100.0,0.00,0.00,0.00,'0'),
(162,19,41,'Pancing Apollo 4 inch',50.0,50.0,0.00,0.00,0.00,'0'),
(163,19,42,'Pancing udang-udangan 2.0',400.0,400.0,0.00,0.00,0.00,'0'),
(164,19,47,'Gunting ',12.0,12.0,0.00,0.00,0.00,'0'),
(165,19,51,'Serampad PE 380/D60 Dolpin Hitam',1.0,1.0,0.00,0.00,0.00,'0'),
(166,19,58,'Pancing no 7 (Pancing Mustad 2335 No. 7)',2.0,2.0,0.00,0.00,0.00,'0'),
(167,19,62,'kili-kili snap no 3',6.0,6.0,0.00,0.00,0.00,'0'),
(168,19,66,'Kili-kili snap no 8',12.0,12.0,0.00,0.00,0.00,'0'),
(169,19,83,'Mata Gergaji Besi (Sandflex 12 inch)',4.0,4.0,0.00,0.00,0.00,'0'),
(170,19,89,'Silet SDI / Pisau Lipat',2.0,2.0,0.00,0.00,0.00,'0'),
(171,19,94,'Lem dexton',20.0,20.0,0.00,0.00,0.00,'0'),
(172,19,95,'Lem besi dexton 5 mnt',2.0,2.0,0.00,0.00,0.00,'0'),
(173,19,97,'Lem merah',2.0,2.0,0.00,0.00,0.00,'0'),
(174,19,101,'Solasiban/ Solasi Hitam (Nitto)',2.0,2.0,0.00,0.00,0.00,'0'),
(175,19,105,'Rexco 500ml Semprotan Anti Karat (WD)',1.0,1.0,0.00,0.00,0.00,'0'),
(176,19,106,'Asbes Alumunium tape/prada',1.0,1.0,0.00,0.00,0.00,'0'),
(177,19,125,'Asbes knalpot 3 in',1.0,1.0,0.00,0.00,0.00,'0'),
(178,19,135,'Mug / Cangkir/ Gelas plastik kecil',6.0,6.0,0.00,0.00,0.00,'0'),
(179,19,187,'Neklin',4.0,4.0,0.00,0.00,0.00,'0'),
(180,19,188,'Plastik Cumi',3.0,3.0,0.00,0.00,0.00,'0'),
(181,19,190,'Batu Gurinda Potong (WD)',2.0,2.0,0.00,0.00,0.00,'0'),
(182,19,222,'Kain Lap',3.0,3.0,0.00,0.00,0.00,'0'),
(183,19,390,'Fosfor Skotlet 2inch x 10m',2.0,2.0,0.00,0.00,0.00,'0'),
(184,19,412,'Lampu ML 500 watt (Lampu Susu)',2.0,2.0,0.00,0.00,0.00,'0'),
(185,19,441,'Label Kapal (500lbr)',0.5,0.5,0.00,0.00,0.00,'0'),
(186,19,566,'Kili-kili 2 putaran No.3 (pcs)',10.0,10.0,0.00,0.00,0.00,'0'),
(187,19,576,'Colokan Broco/ Unicorn',3.0,3.0,0.00,0.00,0.00,'0'),
(188,19,1136,'Aki N120 Massiv XP (Bekas)',1.0,1.0,0.00,0.00,0.00,'0'),
(189,19,1137,'Piring Kaleng 22inch (Pcs)',12.0,12.0,0.00,0.00,0.00,'0'),
(190,19,1224,'Senter Push On 3watt',1.0,1.0,0.00,0.00,0.00,'0'),
(191,20,84,'Siltip/ Onda/ Selotip',3.0,3.0,0.00,0.00,0.00,'0'),
(192,20,205,'Ring Baja Hitam 1/2',2.0,2.0,0.00,0.00,0.00,'0'),
(193,20,704,'(Vlog) V. Ring ss 304 2 x 1 1/4inch (Bering)',1.0,1.0,0.00,0.00,0.00,'0'),
(194,20,705,'(Vlog) V. Ring ss 304 2 x 1 1/2inch (Bering)',1.0,1.0,0.00,0.00,0.00,'0'),
(195,20,717,'Street Elbow ss304 1 1/2 Inch drat luar dalam',2.0,2.0,0.00,0.00,0.00,'0'),
(196,20,774,'Baut + Mur 1/2 x 2 Inch',2.0,2.0,0.00,0.00,0.00,'0'),
(197,20,1181,'HOSE Nepple 1 1/4 ss (Pipa)',1.0,1.0,0.00,0.00,0.00,'0'),
(198,20,1235,'(Vlog) V. Ring ss 304 2 x 1 inch (Bering)',1.0,1.0,0.00,0.00,0.00,'0'),
(199,20,1236,'Hose Nepple ss 304 1 inch (Pipa)',1.0,1.0,0.00,0.00,0.00,'0'),
(200,20,1238,'Per Klep 6D',1.0,1.0,0.00,0.00,0.00,'0'),
(201,21,1,'Langseng/ Dandang 32inch',1.0,1.0,0.00,0.00,0.00,'0'),
(202,21,42,'Pancing udang-udangan 2.0',100.0,100.0,0.00,0.00,0.00,'0'),
(203,21,51,'Serampad PE 380/D60 Dolpin Hitam',1.0,1.0,0.00,0.00,0.00,'0'),
(204,21,62,'kili-kili snap no 3',12.0,12.0,0.00,0.00,0.00,'0'),
(205,21,78,'senar no 50',5.0,5.0,0.00,0.00,0.00,'0'),
(206,21,94,'Lem dexton',15.0,15.0,0.00,0.00,0.00,'0'),
(207,22,39,'Kain campur/ Warna',200.0,200.0,0.00,0.00,0.00,'0'),
(208,23,39,'Kain campur/ Warna',100.0,100.0,0.00,0.00,0.00,'0'),
(209,23,42,'Pancing udang-udangan 2.0',200.0,200.0,0.00,0.00,0.00,'0'),
(210,24,100,'Masker kain',1.0,1.0,0.00,0.00,0.00,'0'),
(211,25,7,'Sarung tangan kain /No.6 B',0.0,1.0,0.00,0.00,0.00,'0'),
(212,25,22,'Kompaan/ Pompa Ban/ Angin',0.0,1.0,0.00,0.00,0.00,'0'),
(213,25,23,'Kepala Kompor 203 (EMSTAR MT)',0.0,2.0,0.00,0.00,0.00,'0'),
(214,25,37,'Jarum/ Colok kompor no 168',0.0,8.0,0.00,0.00,0.00,'0'),
(215,25,73,'Kili-kili biasa no 8 (Swivel Putih 305 No. 8)',0.0,12.0,0.00,0.00,0.00,'0'),
(216,25,75,'Senar no 20',0.0,30.0,0.00,0.00,0.00,'0'),
(217,25,97,'Lem merah',0.0,2.0,0.00,0.00,0.00,'0'),
(218,26,283,'Gula',10.0,10.0,0.00,0.00,0.00,'0'),
(219,27,7,'Sarung tangan kain /No.6 B',1.0,1.0,0.00,0.00,0.00,'0'),
(220,27,100,'Masker kain',1.0,1.0,0.00,0.00,0.00,'0'),
(221,27,179,'Oli Mesin',79.0,79.0,0.00,0.00,0.00,'0'),
(222,27,222,'Kain Lap',3.0,3.0,0.00,0.00,0.00,'0'),
(223,28,106,'Asbes Alumunium tape/prada',1.0,1.0,0.00,0.00,0.00,'0'),
(224,28,187,'Neklin',5.0,5.0,0.00,0.00,0.00,'0'),
(225,28,190,'Batu Gurinda Potong (WD)',1.0,1.0,0.00,0.00,0.00,'0'),
(226,28,192,'Batu Gurinda Amplas (Kinik)',1.0,1.0,0.00,0.00,0.00,'0'),
(227,28,207,'Mur 5/8',10.0,10.0,0.00,0.00,0.00,'0'),
(228,28,215,'As Drat 5/8 inch',1.0,1.0,0.00,0.00,0.00,'0'),
(229,28,534,'Pigment Union Blue/ Biru',0.5,0.5,0.00,0.00,0.00,'0'),
(230,28,650,'Ring 5/8 Baja',10.0,10.0,0.00,0.00,0.00,'0'),
(231,29,84,'Siltip/ Onda/ Selotip',5.0,5.0,0.00,0.00,0.00,'0'),
(232,29,534,'Pigment Union Blue/ Biru',0.5,0.5,0.00,0.00,0.00,'0'),
(233,29,756,'Double Nepple 1/2 ss 304',3.0,3.0,0.00,0.00,0.00,'0'),
(234,29,1256,'Selang Benang 1/2 inch',6.0,6.0,0.00,0.00,0.00,'0'),
(235,30,187,'Neklin',5.0,5.0,0.00,0.00,0.00,'0'),
(236,30,702,'Ball Valve s/s 1/2 inch',1.0,1.0,0.00,0.00,0.00,'0'),
(237,31,126,'Pilox/ Pylox Biru (Blue Lagoon) (RJ 21 400cc)',3.0,3.0,0.00,0.00,0.00,'0'),
(238,31,127,'Clear (pylox) (pilox) (RJ 540 400cc)',1.0,1.0,0.00,0.00,0.00,'0'),
(239,32,117,'Papan Oli Cooler samping 6D (Cover)',1.0,1.0,0.00,0.00,0.00,'0'),
(240,32,737,'O Ring Oli Cooler 6D',1.0,1.0,0.00,0.00,0.00,'0'),
(241,32,740,'Packing Oli Cooler 6D',1.0,1.0,0.00,0.00,0.00,'0'),
(242,33,179,'Oli Mesin',18.0,18.0,0.00,0.00,0.00,'0'),
(243,34,179,'Oli Mesin',1.0,1.0,0.00,0.00,0.00,'0'),
(244,35,95,'Lem besi dexton 5 mnt',1.0,1.0,0.00,0.00,0.00,'0'),
(245,36,1,'Langseng/ Dandang 32inch',1.0,1.0,0.00,0.00,0.00,'0'),
(246,36,7,'Sarung tangan kain /No.6 B',1.0,1.0,0.00,0.00,0.00,'0'),
(247,36,8,'Sarung tangan freezer',1.0,1.0,0.00,0.00,0.00,'0'),
(248,36,13,'Jas Hujan',3.0,3.0,0.00,0.00,0.00,'0'),
(249,36,14,'Teko HC No. 26/ Teko Alumunium',1.0,1.0,0.00,0.00,0.00,'0'),
(250,36,19,'Panci jawa no 26',1.0,1.0,0.00,0.00,0.00,'0'),
(251,36,21,'Rantang susun 3',1.0,1.0,0.00,0.00,0.00,'0'),
(252,36,22,'Kompaan/ Pompa Ban/ Angin',1.0,1.0,0.00,0.00,0.00,'0'),
(253,36,23,'Kepala Kompor 203 (EMSTAR MT)',3.0,3.0,0.00,0.00,0.00,'0'),
(254,36,27,'Samsi/susruk',1.0,1.0,0.00,0.00,0.00,'0'),
(255,36,28,'Centong nasi',1.0,1.0,0.00,0.00,0.00,'0'),
(256,36,31,'Sendok',1.0,1.0,0.00,0.00,0.00,'0'),
(257,36,34,'Selang kompor kuningan',5.0,5.0,0.00,0.00,0.00,'0'),
(258,36,35,'Kunci Spuyer Kompor',1.0,1.0,0.00,0.00,0.00,'0'),
(259,36,36,'Spuyer kompor 203',10.0,10.0,0.00,0.00,0.00,'0'),
(260,36,37,'Jarum/ Colok kompor no 168',20.0,20.0,0.00,0.00,0.00,'0'),
(261,36,41,'Pancing Apollo 4 inch',200.0,200.0,0.00,0.00,0.00,'0'),
(262,36,42,'Pancing udang-udangan 2.0',400.0,400.0,0.00,0.00,0.00,'0'),
(263,36,43,'Pancing udang-udangan 3.5',10.0,10.0,0.00,0.00,0.00,'0'),
(264,36,47,'Gunting ',12.0,12.0,0.00,0.00,0.00,'0'),
(265,36,51,'Serampad PE 380/D60 Dolpin Hitam',1.0,1.0,0.00,0.00,0.00,'0'),
(266,36,56,'Cincin kecil',15.0,15.0,0.00,0.00,0.00,'0'),
(267,36,58,'Pancing no 7 (Pancing Mustad 2335 No. 7)',2.0,2.0,0.00,0.00,0.00,'0'),
(268,36,59,'Pancing no 14',2.0,2.0,0.00,0.00,0.00,'0'),
(269,36,61,'Kili-kili snap/ snep no 1',12.0,12.0,0.00,0.00,0.00,'0'),
(270,36,73,'Kili-kili biasa no 8 (Swivel Putih 305 No. 8)',12.0,12.0,0.00,0.00,0.00,'0'),
(271,36,83,'Mata Gergaji Besi (Sandflex 12 inch) 24T (TPI) BAHCO 18 Hologram Silver',3.0,3.0,0.00,0.00,0.00,'0'),
(272,36,89,'Silet SDI / Pisau Lipat',5.0,5.0,0.00,0.00,0.00,'0'),
(273,36,92,'Spidol (G-12) (M)',3.0,3.0,0.00,0.00,0.00,'0'),
(274,36,93,'Pulpen (Faster C6 (H))',3.0,3.0,0.00,0.00,0.00,'0'),
(275,36,94,'Lem dexton',15.0,15.0,0.00,0.00,0.00,'0'),
(276,36,95,'Lem besi dexton 5 mnt',1.0,1.0,0.00,0.00,0.00,'0'),
(277,36,105,'Rexco 500ml Semprotan Anti Karat (WD)',1.0,1.0,0.00,0.00,0.00,'0'),
(278,36,107,'Senter village 5720',1.0,1.0,0.00,0.00,0.00,'0'),
(279,36,135,'Mug / Cangkir/ Gelas plastik kecil',12.0,12.0,0.00,0.00,0.00,'0'),
(280,36,179,'Oli Mesin',60.0,60.0,0.00,0.00,0.00,'0'),
(281,36,185,'Golok Gagang Kayu',1.0,1.0,0.00,0.00,0.00,'0'),
(282,36,188,'Plastik Cumi',2.0,2.0,0.00,0.00,0.00,'0'),
(283,36,222,'Kain Lap',2.0,2.0,0.00,0.00,0.00,'0'),
(284,36,1137,'Piring Kaleng 22inch (Pcs)',12.0,12.0,0.00,0.00,0.00,'0'),
(285,36,1222,'Pisau Dapur Sulis No 1',2.0,2.0,0.00,0.00,0.00,'0'),
(286,37,1257,'Jarum Jahit 3 1/2 inch Lonceng',1.0,1.0,0.00,0.00,0.00,'0'),
(287,38,283,'Gula',40.0,40.0,0.00,0.00,0.00,'0'),
(288,39,283,'Gula',50.0,50.0,0.00,0.00,0.00,'0'),
(289,40,7,'Sarung tangan kain /No.6 B',1.0,1.0,0.00,0.00,0.00,'0'),
(290,40,22,'Kompaan/ Pompa Ban/ Angin',1.0,1.0,0.00,0.00,0.00,'0'),
(291,40,23,'Kepala Kompor 203 (EMSTAR MT)',2.0,2.0,0.00,0.00,0.00,'0'),
(292,40,37,'Jarum/ Colok kompor no 168',8.0,8.0,0.00,0.00,0.00,'0'),
(293,40,73,'Kili-kili biasa no 8 (Swivel Putih 305 No. 8)',12.0,12.0,0.00,0.00,0.00,'0'),
(294,40,75,'Senar no 20',30.0,30.0,0.00,0.00,0.00,'0'),
(295,40,97,'Lem merah',2.0,2.0,0.00,0.00,0.00,'0'),
(296,41,1,'Langseng/ Dandang 32inch',2.0,2.0,0.00,0.00,0.00,'0'),
(297,41,5,'Bakul/ Basket Cumi  Green Leaf 989',2.0,2.0,0.00,0.00,0.00,'0'),
(298,41,7,'Sarung tangan kain /No.6 B',2.0,2.0,0.00,0.00,0.00,'0'),
(299,41,12,'Sepatu boot no 43',1.0,1.0,0.00,0.00,0.00,'0'),
(300,41,13,'Jas Hujan',2.0,2.0,0.00,0.00,0.00,'0'),
(301,41,20,'Mangkok plastik',12.0,12.0,0.00,0.00,0.00,'0'),
(302,41,21,'Rantang susun 3',1.0,1.0,0.00,0.00,0.00,'0'),
(303,41,22,'Kompaan/ Pompa Ban/ Angin',1.0,1.0,0.00,0.00,0.00,'0'),
(304,41,23,'Kepala Kompor 203 (EMSTAR MT)',6.0,6.0,0.00,0.00,0.00,'0'),
(305,41,25,'Termos Air Panas (Solaris)',1.0,1.0,0.00,0.00,0.00,'0'),
(306,41,31,'Sendok',2.0,2.0,0.00,0.00,0.00,'0'),
(307,41,33,'Serop/ Serok kerupuk 8 inch',1.0,1.0,0.00,0.00,0.00,'0'),
(308,41,34,'Selang kompor kuningan',3.0,3.0,0.00,0.00,0.00,'0'),
(309,41,36,'Spuyer kompor 203',20.0,20.0,0.00,0.00,0.00,'0'),
(310,41,37,'Jarum/ Colok kompor no 168',10.0,10.0,0.00,0.00,0.00,'0'),
(311,41,39,'Kain campur/ Warna',400.0,400.0,0.00,0.00,0.00,'0'),
(312,41,42,'Pancing udang-udangan 2.0',400.0,400.0,0.00,0.00,0.00,'0'),
(313,41,43,'Pancing udang-udangan 3.5',10.0,10.0,0.00,0.00,0.00,'0'),
(314,41,47,'Gunting ',15.0,15.0,0.00,0.00,0.00,'0'),
(315,41,48,'Jarum jahit',5.0,5.0,0.00,0.00,0.00,'0'),
(316,41,49,'Kumis udang',5.0,5.0,0.00,0.00,0.00,'0'),
(317,41,50,'Benang Sutra Hijau & Putih 555',8.0,8.0,0.00,0.00,0.00,'0'),
(318,41,51,'Serampad PE 380/D60 Dolpin Hitam',1.0,1.0,0.00,0.00,0.00,'0'),
(319,41,52,'Serampad PE 380/D48 Dolpin Hitam',1.0,1.0,0.00,0.00,0.00,'0'),
(320,41,56,'Cincin kecil',20.0,20.0,0.00,0.00,0.00,'0'),
(321,41,58,'Pancing no 7 (Pancing Mustad 2335 No. 7)',2.0,2.0,0.00,0.00,0.00,'0'),
(322,41,61,'Kili-kili snap/ snep no 1',12.0,12.0,0.00,0.00,0.00,'0'),
(323,41,64,'KIli-kili snap no 5',12.0,12.0,0.00,0.00,0.00,'0'),
(324,41,69,'Kili-kili biasa no 3',12.0,12.0,0.00,0.00,0.00,'0'),
(325,41,75,'Senar no 20',40.0,40.0,0.00,0.00,0.00,'0'),
(326,41,76,'Senar no 30',10.0,10.0,0.00,0.00,0.00,'0'),
(327,41,78,'senar no 50',20.0,20.0,0.00,0.00,0.00,'0'),
(328,41,79,'Senar no 60',10.0,10.0,0.00,0.00,0.00,'0'),
(329,41,80,'Senar no 70',20.0,20.0,0.00,0.00,0.00,'0'),
(330,41,82,'Penggarisan Butterfly 30 cm (BT 30)',2.0,2.0,0.00,0.00,0.00,'0'),
(331,41,83,'Mata Gergaji Besi (Sandflex 12 inch) 24T (TPI) BAHCO 18 Hologram Silver',4.0,4.0,0.00,0.00,0.00,'0'),
(332,41,89,'Silet SDI / Pisau Lipat',3.0,3.0,0.00,0.00,0.00,'0'),
(333,41,92,'Spidol (G-12) (M)',2.0,2.0,0.00,0.00,0.00,'0'),
(334,41,94,'Lem dexton',20.0,20.0,0.00,0.00,0.00,'0'),
(335,41,101,'Solasiban/ Solasi Hitam (Nitto)',2.0,2.0,0.00,0.00,0.00,'0'),
(336,41,107,'Senter village 5720',1.0,1.0,0.00,0.00,0.00,'0'),
(337,41,135,'Mug / Cangkir/ Gelas plastik kecil',12.0,12.0,0.00,0.00,0.00,'0'),
(338,41,187,'Neklin',3.0,3.0,0.00,0.00,0.00,'0'),
(339,41,188,'Plastik Cumi',3.0,3.0,0.00,0.00,0.00,'0'),
(340,41,190,'Batu Gurinda Potong (WD)',10.0,10.0,0.00,0.00,0.00,'0'),
(341,41,222,'Kain Lap',3.0,3.0,0.00,0.00,0.00,'0'),
(342,41,412,'Lampu ML 500 watt (Lampu Susu)',2.0,2.0,0.00,0.00,0.00,'0'),
(343,41,566,'Kili-kili 2 putaran No.3 (pcs)',20.0,20.0,0.00,0.00,0.00,'0'),
(344,41,576,'Colokan Listrik Broco/ Uticon',3.0,3.0,0.00,0.00,0.00,'0'),
(345,41,1137,'Piring Kaleng 22inch (Pcs)',24.0,24.0,0.00,0.00,0.00,'0'),
(346,41,1222,'Pisau Dapur Sulis No 1',2.0,2.0,0.00,0.00,0.00,'0'),
(347,42,416,'Korek Balon',2.0,2.0,0.00,0.00,0.00,'0'),
(348,43,7,'Sarung tangan kain /No.6 B',1.0,1.0,0.00,0.00,0.00,'0'),
(349,43,100,'Masker kain',1.0,1.0,0.00,0.00,0.00,'0'),
(350,43,179,'Oli Mesin',17.0,17.0,0.00,0.00,0.00,'0'),
(351,43,190,'Batu Gurinda Potong (WD)',1.0,1.0,0.00,0.00,0.00,'0'),
(352,43,192,'Batu Gurinda Amplas (Kinik)',1.0,1.0,0.00,0.00,0.00,'0'),
(353,43,222,'Kain Lap',2.0,2.0,0.00,0.00,0.00,'0'),
(354,44,23,'Kepala Kompor 203 (EMSTAR MT)',2.0,2.0,0.00,0.00,0.00,'0'),
(355,44,36,'Spuyer kompor 203',10.0,10.0,0.00,0.00,0.00,'0'),
(356,44,41,'Pancing Apollo 4 inch',100.0,100.0,0.00,0.00,0.00,'0'),
(357,44,42,'Pancing udang-udangan 2.0',200.0,200.0,0.00,0.00,0.00,'0'),
(358,44,89,'Silet SDI / Pisau Lipat',3.0,3.0,0.00,0.00,0.00,'0'),
(359,44,135,'Mug / Cangkir/ Gelas plastik kecil',12.0,12.0,0.00,0.00,0.00,'0'),
(360,45,111,'Fitting bohlam kaki 2',1.0,1.0,0.00,0.00,0.00,'0'),
(361,45,112,'Bohlam kaki 2 24v',1.0,1.0,0.00,0.00,0.00,'0'),
(362,46,179,'Oli Mesin',60.0,60.0,0.00,0.00,0.00,'0'),
(363,46,222,'Kain Lap',2.5,2.5,0.00,0.00,0.00,'0'),
(364,47,89,'Silet SDI / Pisau Lipat',1.0,1.0,0.00,0.00,0.00,'0'),
(365,47,97,'Lem merah/ Red Silicone 70gr',2.0,2.0,0.00,0.00,0.00,'0'),
(366,47,125,'Asbes knalpot 3 in',1.0,1.0,0.00,0.00,0.00,'0'),
(367,47,187,'Neklin',4.0,4.0,0.00,0.00,0.00,'0'),
(368,47,190,'Batu Gurinda Potong (WD)',3.0,3.0,0.00,0.00,0.00,'0'),
(369,48,283,'Gula',50.0,50.0,0.00,0.00,0.00,'0'),
(370,48,285,'Terigu',12.5,12.5,0.00,0.00,0.00,'0'),
(371,49,190,'Batu Gurinda Potong (WD)',1.0,1.0,0.00,0.00,0.00,'0'),
(372,49,192,'Batu Gurinda Amplas (Kinik)',1.0,1.0,0.00,0.00,0.00,'0'),
(373,49,222,'Kain Lap',2.5,2.5,0.00,0.00,0.00,'0'),
(374,50,1,'Langseng/ Dandang 32inch',1.0,1.0,0.00,0.00,0.00,'0'),
(375,50,7,'Sarung tangan kain /No.6 B',2.0,2.0,0.00,0.00,0.00,'0'),
(376,50,8,'Sarung tangan freezer',2.0,2.0,0.00,0.00,0.00,'0'),
(377,50,11,'Selang Kompaan/ Pompa',2.0,2.0,0.00,0.00,0.00,'0'),
(378,50,20,'Mangkok plastik',12.0,12.0,0.00,0.00,0.00,'0'),
(379,50,21,'Rantang susun 3',1.0,1.0,0.00,0.00,0.00,'0'),
(380,50,22,'Kompaan/ Pompa Ban/ Angin',2.0,2.0,0.00,0.00,0.00,'0'),
(381,50,23,'Kepala Kompor 203 (EMSTAR MT)',5.0,5.0,0.00,0.00,0.00,'0'),
(382,50,25,'Termos Air Panas (Solaris)',2.0,2.0,0.00,0.00,0.00,'0'),
(383,50,29,'Golok Dapur Stainless (B. 019)',1.0,1.0,0.00,0.00,0.00,'0'),
(384,50,31,'Sendok',2.0,2.0,0.00,0.00,0.00,'0'),
(385,50,34,'Selang kompor kuningan',6.0,6.0,0.00,0.00,0.00,'0'),
(386,50,36,'Spuyer kompor 203',10.0,10.0,0.00,0.00,0.00,'0'),
(387,50,37,'Jarum/ Colok kompor no 168',15.0,15.0,0.00,0.00,0.00,'0'),
(388,50,39,'Kain campur/ Warna',300.0,300.0,0.00,0.00,0.00,'0'),
(389,50,41,'Pancing Apollo 4 inch',100.0,100.0,0.00,0.00,0.00,'0'),
(390,50,42,'Pancing udang-udangan 2.0',500.0,500.0,0.00,0.00,0.00,'0'),
(391,50,43,'Pancing udang-udangan 3.5',10.0,10.0,0.00,0.00,0.00,'0'),
(392,50,47,'Gunting ',20.0,20.0,0.00,0.00,0.00,'0'),
(393,50,48,'Jarum jahit',4.0,4.0,0.00,0.00,0.00,'0'),
(394,50,49,'Kumis udang',2.0,2.0,0.00,0.00,0.00,'0'),
(395,50,50,'Benang Sutra Hijau & Putih 555',10.0,10.0,0.00,0.00,0.00,'0'),
(396,50,51,'Serampad PE 380/D60 Dolpin Hitam',1.0,1.0,0.00,0.00,0.00,'0'),
(397,50,52,'Serampad PE 380/D48 Dolpin Hitam',1.0,1.0,0.00,0.00,0.00,'0'),
(398,50,56,'Cincin kecil',20.0,20.0,0.00,0.00,0.00,'0'),
(399,50,70,'Kili-kili biasa no 4',12.0,12.0,0.00,0.00,0.00,'0'),
(400,50,73,'Kili-kili biasa no 8 (Swivel Putih 305 No. 8)',12.0,12.0,0.00,0.00,0.00,'0'),
(401,50,74,'Senar no 15',30.0,30.0,0.00,0.00,0.00,'0'),
(402,50,75,'Senar no 20',40.0,40.0,0.00,0.00,0.00,'0'),
(403,50,76,'Senar no 30',7.0,7.0,0.00,0.00,0.00,'0'),
(404,50,77,'Senar no 40',7.0,7.0,0.00,0.00,0.00,'0'),
(405,50,78,'senar no 50',10.0,10.0,0.00,0.00,0.00,'0'),
(406,50,80,'Senar no 70',10.0,10.0,0.00,0.00,0.00,'0'),
(407,50,82,'Penggarisan Butterfly 30 cm (BT 30)',3.0,3.0,0.00,0.00,0.00,'0'),
(408,50,83,'Mata Gergaji Besi (Sandflex 12 inch) 24T (TPI) BAHCO 18 Hologram Silver',3.0,3.0,0.00,0.00,0.00,'0'),
(409,50,89,'Silet SDI / Pisau Lipat',4.0,4.0,0.00,0.00,0.00,'0'),
(410,50,92,'Spidol (G-12) (M)',4.0,4.0,0.00,0.00,0.00,'0'),
(411,50,93,'Pulpen (Faster C6 (H))',6.0,6.0,0.00,0.00,0.00,'0'),
(412,50,94,'Lem dexton',30.0,30.0,0.00,0.00,0.00,'0'),
(413,50,95,'Lem besi dexton 5 mnt',2.0,2.0,0.00,0.00,0.00,'0'),
(414,50,101,'Solasiban/ Solasi Hitam (Nitto)',3.0,3.0,0.00,0.00,0.00,'0'),
(415,50,105,'Rexco 500ml Semprotan Anti Karat (WD)',1.0,1.0,0.00,0.00,0.00,'0'),
(416,50,126,'Pilox/ Pylox Biru (Blue Lagoon) (RJ 21 400cc)',2.0,2.0,0.00,0.00,0.00,'0'),
(417,50,135,'Mug / Cangkir/ Gelas plastik kecil',12.0,12.0,0.00,0.00,0.00,'0'),
(418,50,179,'Oli Mesin',80.0,80.0,0.00,0.00,0.00,'0'),
(419,50,187,'Neklin',2.0,2.0,0.00,0.00,0.00,'0'),
(420,50,188,'Plastik Cumi',4.0,4.0,0.00,0.00,0.00,'0'),
(421,50,190,'Batu Gurinda Potong (WD)',10.0,10.0,0.00,0.00,0.00,'0'),
(422,50,222,'Kain Lap',3.0,3.0,0.00,0.00,0.00,'0'),
(423,50,566,'Kili-kili 2 putaran No.3 (pcs)',10.0,10.0,0.00,0.00,0.00,'0'),
(424,50,576,'Colokan Listrik Broco/ Uticon',2.0,2.0,0.00,0.00,0.00,'0'),
(425,50,750,'V. Belt B 208',4.0,4.0,0.00,0.00,0.00,'0'),
(426,50,940,'Piting Broco',1.0,1.0,0.00,0.00,0.00,'0'),
(427,50,1137,'Piring Kaleng 22inch (Pcs)',12.0,12.0,0.00,0.00,0.00,'0'),
(428,50,1222,'Pisau Dapur Sulis No 1',2.0,2.0,0.00,0.00,0.00,'0'),
(429,50,1223,'Fosfor Skotlet 2inch x 45m',1.0,1.0,0.00,0.00,0.00,'0'),
(430,50,1232,'Penggorengan no 16',1.0,1.0,0.00,0.00,0.00,'0'),
(431,50,1259,'Silikon Dinamo 10 KW (Matari) (STO-1-03 SILICON RECTIFIER (G))',1.0,1.0,0.00,0.00,0.00,'0'),
(432,51,514,'Rokok Apace K (Kretek)',20.0,20.0,0.00,0.00,0.00,'0'),
(433,52,192,'Batu Gurinda Amplas (Kinik)',1.0,1.0,0.00,0.00,0.00,'0'),
(434,52,244,'Bahan Cor Hitam',15.0,15.0,0.00,0.00,0.00,'0'),
(435,52,386,'Bahan Cor Putih',10.0,10.0,0.00,0.00,0.00,'0'),
(436,52,1260,'Baut Stut/ Manipol 10 x 30',2.0,2.0,0.00,0.00,0.00,'0'),
(437,52,1261,'Baut Kop 6D',2.0,2.0,0.00,0.00,0.00,'0'),
(438,53,190,'Batu Gurinda Potong (WD)',5.0,5.0,0.00,0.00,0.00,'0'),
(439,54,190,'Batu Gurinda Potong (WD)',0.0,5.0,0.00,0.00,0.00,'0'),
(440,55,84,'Siltip/ Onda/ Selotip',10.0,10.0,0.00,0.00,0.00,'0'),
(441,55,194,'Klem Selang 1 3/4 inch',5.0,5.0,0.00,0.00,0.00,'0'),
(442,56,283,'Gula',50.0,50.0,0.00,0.00,0.00,'0'),
(443,56,285,'Terigu',12.5,12.5,0.00,0.00,0.00,'0'),
(444,57,286,'Beras',9.0,9.0,0.00,0.00,0.00,'0'),
(445,57,302,'Minyak Goreng',4.0,4.0,0.00,0.00,0.00,'0'),
(446,58,179,'Oli Mesin',60.0,60.0,0.00,0.00,0.00,'0'),
(447,58,190,'Batu Gurinda Potong (WD)',5.0,5.0,0.00,0.00,0.00,'0'),
(448,58,222,'Kain Lap',2.0,2.0,0.00,0.00,0.00,'0'),
(449,59,84,'Siltip/ Onda/ Selotip',5.0,5.0,0.00,0.00,0.00,'0'),
(450,59,89,'Silet SDI / Pisau Lipat',1.0,1.0,0.00,0.00,0.00,'0'),
(451,59,97,'Lem merah/ Red Silicone 70gr',2.0,2.0,0.00,0.00,0.00,'0'),
(452,59,194,'Klem Selang 1 3/4 inch',8.0,8.0,0.00,0.00,0.00,'0'),
(453,59,222,'Kain Lap',2.5,2.5,0.00,0.00,0.00,'0'),
(454,60,179,'Oli Mesin',60.0,60.0,0.00,0.00,0.00,'0'),
(455,60,222,'Kain Lap',2.5,2.5,0.00,0.00,0.00,'0'),
(456,61,1262,'Kabel Serabut Jembo 2x1.5 (Meter)',6.0,6.0,0.00,0.00,0.00,'0'),
(457,62,286,'Beras',10.0,10.0,0.00,0.00,0.00,'0'),
(458,62,302,'Minyak Goreng',5.0,5.0,0.00,0.00,0.00,'0'),
(459,63,1232,'Penggorengan no 16',2.0,22.0,0.00,0.00,0.00,'0'),
(460,63,1233,'test1',3.0,13.0,0.00,0.00,0.00,'0'),
(461,64,1232,'Penggorengan no 16',4.0,24.0,0.00,0.00,0.00,'0'),
(462,64,1233,'test1',2.0,12.0,0.00,0.00,0.00,'0'),
(463,65,1232,'Penggorengan no 16',3.0,24.0,0.00,0.00,0.00,'0'),
(464,65,1233,'test1',3.0,12.0,0.00,0.00,0.00,'0'),
(465,66,1232,'Penggorengan no 16',17.0,24.0,0.00,0.00,0.00,'0'),
(466,66,1233,'test1',7.0,12.0,0.00,0.00,0.00,'0'),
(467,67,1232,'Penggorengan no 16',0.0,6.0,0.00,0.00,0.00,'0'),
(468,67,1233,'test1',0.0,7.0,0.00,0.00,0.00,'0'),
(469,68,1232,'Penggorengan no 16',0.0,6.0,0.00,0.00,0.00,'0'),
(470,68,1233,'test1',0.0,7.0,0.00,0.00,0.00,'0'),
(471,69,1232,'Penggorengan no 16',0.0,6.0,0.00,0.00,0.00,'0'),
(472,69,1233,'test1',0.0,7.0,0.00,0.00,0.00,'0'),
(473,70,1232,'Penggorengan no 16',0.0,6.0,0.00,0.00,0.00,'0'),
(474,70,1233,'test1',0.0,7.0,0.00,0.00,0.00,'0'),
(475,71,1232,'Penggorengan no 16',0.0,6.0,0.00,0.00,0.00,'0'),
(476,71,1233,'test1',0.0,7.0,0.00,0.00,0.00,'0'),
(477,72,1232,'Penggorengan no 16',0.0,6.0,0.00,0.00,0.00,'0'),
(478,72,1233,'test1',0.0,7.0,0.00,0.00,0.00,'0'),
(479,73,1232,'Penggorengan no 16',0.0,6.0,0.00,0.00,0.00,'0'),
(480,74,1232,'Penggorengan no 16',0.0,6.0,0.00,0.00,0.00,'0'),
(481,74,1233,'test1',0.0,7.0,0.00,0.00,0.00,'0'),
(482,75,1232,'Penggorengan no 16',0.0,6.0,0.00,0.00,0.00,'0'),
(483,75,1233,'test1',0.0,7.0,0.00,0.00,0.00,'0'),
(484,76,1232,'Penggorengan no 16',0.0,6.0,0.00,0.00,0.00,'0'),
(485,76,1233,'test1',0.0,7.0,0.00,0.00,0.00,'0'),
(486,77,1232,'Penggorengan no 16',0.0,6.0,0.00,0.00,0.00,'0'),
(487,77,1233,'test1',0.0,7.0,0.00,0.00,0.00,'0'),
(488,78,1232,'Penggorengan no 16',0.0,6.0,0.00,0.00,0.00,'0'),
(489,78,1233,'test1',0.0,7.0,0.00,0.00,0.00,'0'),
(490,79,1232,'Penggorengan no 16',0.0,26.0,0.00,0.00,0.00,'0'),
(491,79,1233,'test1',0.0,24.0,0.00,0.00,0.00,'0'),
(492,80,1232,'Penggorengan no 16',26.0,26.0,0.00,0.00,0.00,'0'),
(493,80,1233,'test1',24.0,24.0,0.00,0.00,0.00,'0');

/*Table structure for table `trn_do_03` */

DROP TABLE IF EXISTS `trn_do_03`;

CREATE TABLE `trn_do_03` (
  `do_03_id` int(11) NOT NULL AUTO_INCREMENT COMMENT 'Id Detail',
  `do_id` int(11) DEFAULT NULL COMMENT 'Id header',
  `items_id` int(11) DEFAULT NULL COMMENT 'Id items',
  `items_name` varchar(250) DEFAULT NULL COMMENT 'Nama items',
  `qty` decimal(7,1) DEFAULT NULL COMMENT 'Qty Incoming',
  `do_qty` decimal(7,1) DEFAULT NULL COMMENT 'Qty PO',
  `price` decimal(12,2) DEFAULT NULL,
  `discount` decimal(12,2) DEFAULT 0.00,
  `total` decimal(12,2) DEFAULT NULL,
  `remarks` varchar(200) DEFAULT NULL COMMENT 'Info',
  PRIMARY KEY (`do_03_id`),
  KEY `is_id` (`do_03_id`)
) ENGINE=InnoDB DEFAULT CHARSET=latin1;

/*Data for the table `trn_do_03` */

/*Table structure for table `trn_fish_payment_01` */

DROP TABLE IF EXISTS `trn_fish_payment_01`;

CREATE TABLE `trn_fish_payment_01` (
  `fp_id` int(11) NOT NULL AUTO_INCREMENT COMMENT 'Id PO Payment',
  `fp_no` varchar(15) DEFAULT NULL COMMENT 'Nomor PO Payment',
  `fp_date` date DEFAULT NULL COMMENT 'Tanggal Dokumen',
  `company_id` int(11) DEFAULT NULL COMMENT 'Id Company',
  `company_name` varchar(50) DEFAULT NULL COMMENT 'Nama Company',
  `fc_id` int(11) DEFAULT NULL COMMENT 'Id Customer',
  `fc_name` varchar(30) DEFAULT NULL COMMENT 'Nama Customer',
  `payment_type` smallint(2) DEFAULT 0 COMMENT 'Jenis Pembayaran 1=CASH, 2=Transfer, 3=Giro, 4=Check',
  `grand_total` decimal(14,2) DEFAULT 0.00 COMMENT 'Total Keseluruhan',
  `is_active` int(2) DEFAULT NULL,
  `pic_input` int(11) DEFAULT NULL,
  `input_time` datetime DEFAULT NULL,
  `pic_edit` int(11) DEFAULT NULL,
  `edit_time` datetime DEFAULT NULL,
  PRIMARY KEY (`fp_id`),
  KEY `company_id` (`company_id`),
  KEY `fc_id` (`fc_id`),
  CONSTRAINT `trn_fish_payment_01_ibfk_1` FOREIGN KEY (`company_id`) REFERENCES `db_master_shp`.`mst_company` (`company_id`) ON UPDATE CASCADE,
  CONSTRAINT `trn_fish_payment_01_ibfk_2` FOREIGN KEY (`fc_id`) REFERENCES `db_master_shp`.`mst_fish_customer` (`fc_id`) ON UPDATE CASCADE
) ENGINE=InnoDB DEFAULT CHARSET=latin1;

/*Data for the table `trn_fish_payment_01` */

/*Table structure for table `trn_fish_payment_02` */

DROP TABLE IF EXISTS `trn_fish_payment_02`;

CREATE TABLE `trn_fish_payment_02` (
  `fp_02_id` int(11) NOT NULL AUTO_INCREMENT COMMENT '⁯Id Detail Fish Payment',
  `fp_id` int(11) DEFAULT NULL COMMENT 'Id Header Fish Payment',
  `sales_id` int(11) DEFAULT NULL COMMENT 'Id Sales',
  `sales_no` varchar(15) DEFAULT NULL COMMENT 'Nomor Sales',
  `amount` decimal(12,2) DEFAULT 0.00 COMMENT 'Nilai Bayar',
  `disc_percent` decimal(4,1) DEFAULT 0.0 COMMENT 'Persen Diskon',
  `disc_value` decimal(12,2) DEFAULT 0.00 COMMENT 'Nilai Diskon',
  `total` decimal(12,2) DEFAULT 0.00 COMMENT 'Total',
  `is_active` smallint(1) DEFAULT 1,
  PRIMARY KEY (`fp_02_id`),
  KEY `fp_id` (`fp_id`),
  CONSTRAINT `trn_fish_payment_02_ibfk_1` FOREIGN KEY (`fp_id`) REFERENCES `trn_fish_payment_01` (`fp_id`) ON UPDATE CASCADE
) ENGINE=InnoDB DEFAULT CHARSET=latin1;

/*Data for the table `trn_fish_payment_02` */

/*Table structure for table `trn_incoming_stock_01` */

DROP TABLE IF EXISTS `trn_incoming_stock_01`;

CREATE TABLE `trn_incoming_stock_01` (
  `is_id` int(11) NOT NULL AUTO_INCREMENT COMMENT 'Id Incoming Stok',
  `is_date` date DEFAULT NULL COMMENT 'Tanggal',
  `is_no` varchar(15) DEFAULT NULL COMMENT 'Nomor Dokumen (CCCCYYYYMMNNNN) ex : LMIS2018070001',
  `warehouse_id` int(11) DEFAULT NULL COMMENT 'Id Gudang',
  `project_id` int(11) DEFAULT NULL COMMENT 'Id Project',
  `project_name` varchar(55) DEFAULT NULL COMMENT 'Nama Project',
  `is_kind` int(11) DEFAULT NULL COMMENT '1 = MR PO, 2 = MR Transfer, 3 = MR Other',
  `doc_ref` varchar(15) DEFAULT NULL COMMENT 'Referensi Dokumen',
  `company_id` int(11) DEFAULT NULL COMMENT 'Id Company',
  `company_name` varchar(50) DEFAULT NULL COMMENT 'Nama Company',
  `is_status` varchar(20) DEFAULT NULL COMMENT '1 = Close, 2 = Void',
  `sender_pic` varchar(50) DEFAULT NULL COMMENT 'Pengirim barang',
  `receiver_pic` varchar(50) DEFAULT NULL COMMENT 'Penerima barang',
  `remarks` varchar(200) DEFAULT NULL COMMENT 'Info',
  `pic_input` int(11) DEFAULT NULL,
  `input_time` datetime DEFAULT NULL,
  `pic_edit` int(11) DEFAULT NULL,
  `edit_time` datetime DEFAULT NULL,
  PRIMARY KEY (`is_id`)
) ENGINE=InnoDB AUTO_INCREMENT=92 DEFAULT CHARSET=latin1;

/*Data for the table `trn_incoming_stock_01` */

insert  into `trn_incoming_stock_01`(`is_id`,`is_date`,`is_no`,`warehouse_id`,`project_id`,`project_name`,`is_kind`,`doc_ref`,`company_id`,`company_name`,`is_status`,`sender_pic`,`receiver_pic`,`remarks`,`pic_input`,`input_time`,`pic_edit`,`edit_time`) values 
(1,'2021-06-17','ISS2021060001',4,0,'',1,'POS2021060001',1,'Suhanda Souwmpie','Closed','Aseng Maju Jaya','Badru','Stock',1,'2021-07-15 03:08:31',NULL,NULL),
(2,'2021-06-22','ISS2021060002',4,0,'',1,'POS2021060003',1,'Suhanda Souwmpie','Closed','Cong Hin','Badru','Stock',1,'2021-07-15 03:08:50',NULL,NULL),
(3,'2021-06-29','ISS2021060003',4,0,'',1,'POS2021060002',1,'Suhanda Souwmpie','Closed','Badru','Badru','Stock',1,'2021-07-15 03:09:04',NULL,NULL),
(4,'2021-07-16','ISS2021070001',4,0,'',1,'POS2021070001',1,'Suhanda Souwmpie','Closed','Badru','Badru','Stock',1,'2021-07-22 01:25:15',NULL,NULL),
(5,'2021-07-21','ISS2021070002',4,0,'',1,'POS2021070002',1,'Suhanda Souwmpie','Closed','Hendri','Badru','Stock',1,'2021-07-27 05:55:44',NULL,NULL),
(6,'2021-07-19','ISS2021070003',4,0,'',1,'POS2021070003',1,'Suhanda Souwmpie','Closed','Hendri','Badru','Stock',1,'2021-07-27 06:01:12',NULL,NULL),
(7,'2021-07-23','ISS2021070004',4,0,'',1,'POS2021070004',1,'Suhanda Souwmpie','Closed','Talimas','Badru','Stock',1,'2021-07-27 06:16:23',NULL,NULL),
(8,'2021-06-17','IST2021060004',4,0,'',3,'',1,'Suhanda Souwmpie','Closed','','Suhanda','Adjustment Untuk SL2021060001',1,'2021-07-27 08:47:29',NULL,NULL),
(9,'2021-07-13','IST2021070005',4,0,'',3,'',1,'Suhanda Souwmpie','Closed','','Suhanda','Adjustment untuk SL2021070002',1,'2021-07-27 08:50:59',NULL,NULL),
(10,'2021-07-15','IST2021070006',4,0,'',3,'',1,'Suhanda Souwmpie','Closed','','Suhanda','Adjustment untuk SL2021070003',1,'2021-07-27 08:53:00',NULL,NULL),
(11,'2021-07-16','IST2021070007',4,0,'',3,'',1,'Suhanda Souwmpie','Closed','','Suhanda','Adjustment untuk SL2021070004',1,'2021-07-27 08:55:21',NULL,NULL),
(12,'2021-07-16','IST2021070008',4,0,'',3,'',1,'Suhanda Souwmpie','Closed','','Suhanda','Adjustment untuk SL2021070005',1,'2021-07-27 08:56:29',NULL,NULL),
(13,'2021-06-15','IST2021060005',4,0,'',3,'',1,'Suhanda Souwmpie','Reject','','Suhanda','Adjustment untuk SL2021060002',1,'2021-07-27 09:09:37',NULL,NULL),
(14,'2021-06-15','IST2021060006',4,0,'',3,'',1,'Suhanda Souwmpie','Closed','','Suhanda','Adjustment untuk SL2021060003',1,'2021-07-27 10:02:20',NULL,NULL),
(15,'2021-06-17','IST2021060007',4,0,'',3,'',1,'Suhanda Souwmpie','Closed','','Suhanda','Adjustment untuk SL2021060004',1,'2021-07-27 10:06:05',NULL,NULL),
(16,'2021-06-20','IST2021060008',4,0,'',2,'',1,'Suhanda Souwmpie','Closed','','Suhanda','Adjustment untuk SL2021060005',1,'2021-07-27 10:12:22',NULL,NULL),
(17,'2021-06-16','IST2021060009',4,0,'',3,'',1,'Suhanda Souwmpie','Closed','','Suhanda','Adjustment untuk SL2021060006',1,'2021-07-27 11:05:41',NULL,NULL),
(18,'2021-06-30','IST2021060010',4,0,'',3,'',1,'Suhanda Souwmpie','Closed','','Suhanda','Adjustment untuk SL2021060007',1,'2021-07-27 11:12:10',NULL,NULL),
(19,'2021-06-17','IST2021060011',4,0,'',3,'',1,'Suhanda Souwmpie','Closed','','Suhanda','Adjustment untuk SL2021060008',1,'2021-07-27 11:15:23',NULL,NULL),
(20,'2021-06-27','ISS2021060012',4,0,'',1,'POS2021060004',1,'Suhanda Souwmpie','Closed','Cong Hin','Cong Hin','Stock',1,'2021-07-28 07:34:03',NULL,NULL),
(21,'2021-07-10','ISS2021070009',4,0,'',1,'POS2021070005',1,'Suhanda Souwmpie','Closed','Cong Hin','Cong Hin','Stock',1,'2021-07-28 07:34:20',NULL,NULL),
(22,'2021-06-15','IST2021060013',4,0,'',3,'',1,'Suhanda Souwmpie','Closed','','Suhanda','Adjustment untuk SL2021060002  - TEST Copy',1,'2021-07-28 15:36:39',NULL,NULL),
(23,'2021-07-24','ISS2021070010',4,0,'',1,'POS2021070006',1,'Suhanda Souwmpie','Closed','Norman','Badru','Stock, S/N 210330187',1,'2021-08-02 06:58:12',NULL,NULL),
(24,'2021-08-03','IST2021080001',4,0,'',2,'',1,'Suhanda Souwmpie','Closed','','Badru','Retur V. Belt KM Marbella',1,'2021-08-04 08:39:57',NULL,NULL),
(25,'2021-07-13','IST2021070011',4,0,'',3,'',1,'Suhanda Souwmpie','Closed','','Suhanda','Adjustment untuk SL2021070008',1,'2021-08-05 09:09:47',NULL,NULL),
(26,'2021-07-31','IST2021070012',4,0,'',3,'',1,'Suhanda Souwmpie','Closed','','Badru','Adjustment untuk SL2021070010',1,'2021-08-05 09:37:42',NULL,NULL),
(27,'2021-08-04','ISS2021080002',4,0,'',1,'POS2021080001',1,'Suhanda Souwmpie','Closed','Cong Hin','Cong Hin','Stock',1,'2021-08-10 06:43:51',NULL,NULL),
(28,'2021-08-09','ISS2021080003',4,0,'',1,'POS2021080002',1,'Suhanda Souwmpie','Closed','Aseng Maju Jaya','Badru','Stock',1,'2021-08-10 06:45:51',NULL,NULL),
(29,'2021-08-03','IST2021080004',4,0,'',3,'',1,'Suhanda Souwmpie','Closed','','Suhanda','Stock untuk SL2021080004',1,'2021-08-10 07:13:49',NULL,NULL),
(30,'2021-08-05','IST2021080005',4,0,'',2,'',1,'Suhanda Souwmpie','Closed','','Suhanda','Stock Kondensor Servisan dari KM Marbella',1,'2021-08-24 06:24:46',NULL,NULL),
(31,'2021-07-13','IST2021070013',4,0,'',3,'',1,'Suhanda Souwmpie','Closed','','Suhanda','Adjustment untuk SL2021070011',1,'2021-08-26 06:48:16',NULL,NULL),
(32,'2021-07-31','IST2021070014',4,0,'',3,'',1,'Suhanda Souwmpie','Closed','','Suhanda','Adjustment untuk SL2021070012',1,'2021-08-26 07:45:36',NULL,NULL),
(33,'2021-07-31','IST2021070015',4,0,'',3,'',1,'Suhanda Souwmpie','Closed','','Suhanda','Adjustment untuk SL2021070013',1,'2021-08-26 07:50:55',NULL,NULL),
(34,'2021-08-09','IST2021080006',4,0,'',3,'',1,'Suhanda Souwmpie','Closed','','Suhanda','Adjustment untuk SL2021080005',1,'2021-08-26 07:59:13',NULL,NULL),
(35,'2021-06-17','IST2021060014',4,0,'',3,'',1,'Suhanda Souwmpie','Closed','','Suhanda','Adjustment untuk SL2021060009',1,'2021-08-26 08:03:15',NULL,NULL),
(36,'2021-07-15','IST2021070016',4,0,'',3,'',1,'Suhanda Souwmpie','Closed','','Suhanda','Adjustment untuk SL2021070014',1,'2021-08-26 08:06:09',NULL,NULL),
(37,'2021-08-18','IST2021080007',4,0,'',3,'',1,'Suhanda Souwmpie','Closed','','Suhanda','Stock Opname 18 Agustus 2021 v1',1,'2021-09-01 06:46:29',NULL,NULL),
(38,'2021-08-18','IST2021080008',4,0,'',3,'',1,'Suhanda Souwmpie','Closed','','Suhanda','Stock Opname 18 Agustus 2021 v2',1,'2021-09-01 07:51:55',NULL,NULL),
(39,'2021-08-19','IST2021080009',4,0,'',3,'',1,'Suhanda Souwmpie','Closed','','Suhanda','Stock Opname 18 Agustus 2021 v3',1,'2021-09-02 06:44:37',NULL,NULL),
(40,'2021-08-24','ISS2021080010',4,0,'',1,'POS2021080003',1,'Suhanda Souwmpie','Closed','Badru','Badru','Stock',1,'2021-09-02 06:57:50',NULL,NULL),
(41,'2021-08-24','ISS2021080011',4,0,'',1,'POS2021080004',1,'Suhanda Souwmpie','Closed','Apiau','Badru','Stock',1,'2021-09-02 07:00:55',NULL,NULL),
(42,'2021-08-25','ISS2021080012',4,0,'',1,'POS2021080005',1,'Suhanda Souwmpie','Closed','Apiau','Badru','Stock',1,'2021-09-02 07:06:49',NULL,NULL),
(43,'2021-08-25','IST2021080013',4,0,'',3,'',1,'Suhanda Souwmpie','Reject','','Suhanda','Stock Masker Kain',1,'2021-09-02 07:16:07',NULL,NULL),
(44,'2021-08-25','ISS2021080014',4,0,'',1,'POS2021080006',1,'Suhanda Souwmpie','Closed','Suhanda','Suhanda','Masker Kain untuk SL2021080007',1,'2021-09-02 07:40:12',NULL,NULL),
(45,'2021-08-26','ISS2021080015',4,0,'',1,'POS2021080007',1,'Suhanda Souwmpie','Closed','Suhanda','Suhanda','Neklin untuk SL2021080008',1,'2021-09-02 07:48:49',NULL,NULL),
(46,'2021-08-26','ISS2021080016',4,0,'',1,'POS2021080008',1,'Suhanda Souwmpie','Closed','Suhanda','Suhanda','Selang Benang 1/2 inch SL2021080009',1,'2021-09-02 08:26:30',NULL,NULL),
(47,'2021-08-27','ISS2021080017',4,0,'',1,'POS2021080009',1,'Suhanda Souwmpie','Closed','Toko Laris','Cong Hin','Stock',1,'2021-09-02 08:33:52',NULL,NULL),
(48,'2021-08-27','ISS2021080018',4,0,'',1,'POS2021080010',1,'Suhanda Souwmpie','Closed','Badru','Badru','Stock',1,'2021-09-02 08:52:19',NULL,NULL),
(49,'2021-08-27','ISS2021080019',4,0,'',1,'POS2021080011',1,'Suhanda Souwmpie','Closed','Badru','Badru','Stock',1,'2021-09-02 09:07:01',NULL,NULL),
(50,'2021-08-27','ISS2021080020',4,0,'',1,'POS2021080012',1,'Suhanda Souwmpie','Closed','Suhanda','Suhanda','Neklin untuk SL2021080010',1,'2021-09-02 09:14:35',NULL,NULL),
(51,'2021-08-31','ISS2021080021',4,0,'',1,'POS2021080013',1,'Suhanda Souwmpie','Closed','Badru','Badru','Stock',1,'2021-09-02 09:29:47',NULL,NULL),
(52,'2021-09-01','ISS2021090001',4,0,'',1,'POS2021090001',1,'Suhanda Souwmpie','Closed','Badru','Badru','Stock',1,'2021-09-02 09:37:33',NULL,NULL),
(53,'2021-09-02','ISS2021090002',4,0,'',1,'POS2021090002',1,'Suhanda Souwmpie','Closed','Badru','Badru','Stock',1,'2021-09-03 05:54:42',NULL,NULL),
(54,'2021-07-31','ISS2021070017',4,0,'',1,'POS2021070007',1,'Suhanda Souwmpie','Closed','Hermanto','Hermanto','B 9649 CQB',1,'2021-09-03 06:35:44',NULL,NULL),
(55,'2021-08-16','ISS2021080022',4,0,'',1,'POS2021080014',1,'Suhanda Souwmpie','Closed','Suhanda','Suhanda','B 9424 VZM',1,'2021-09-03 06:38:07',NULL,NULL),
(56,'2021-09-03','ISS2021090003',4,0,'',1,'POS2021090003',1,'Suhanda Souwmpie','Closed','Tokopedia','Suhanda','Stock',1,'2021-09-06 06:37:55',NULL,NULL),
(57,'2021-09-03','ISS2021090004',4,0,'',1,'POS2021090004',1,'Suhanda Souwmpie','Closed','Badru','Badru','Stock',1,'2021-09-06 06:39:12',NULL,NULL),
(58,'2021-09-10','ISS2021090005',4,0,'',1,'POS2021090005',1,'Suhanda Souwmpie','Closed','Aseng Maju Jaya','Badru','Stock',1,'2021-09-14 05:12:50',NULL,NULL),
(59,'2021-09-10','ISS2021090006',4,0,'',1,'POS2021090006',1,'Suhanda Souwmpie','Closed','Suhanda','Suhanda ','Neklin',1,'2021-09-21 07:10:41',NULL,NULL),
(60,'2021-09-14','ISS2021090007',4,0,'',1,'POS2021090007',1,'Suhanda Souwmpie','Closed','Badru','Badru','Stock Rokok Apace Kretek',1,'2021-09-21 08:16:03',NULL,NULL),
(61,'2021-09-21','ISS2021090008',4,0,'',1,'POS2021090008',1,'Suhanda Souwmpie','Closed','Cong Hin','Cong Hin','Stock Gula',1,'2021-09-21 08:19:00',NULL,NULL),
(62,'2021-09-21','ISS2021090009',4,0,'',1,'POS2021090009',1,'Suhanda Souwmpie','Closed','Cong Hin','Cong Hin','Stock',1,'2021-09-22 08:14:11',NULL,NULL),
(63,'2021-09-22','ISS2021090010',4,0,'',1,'POS2021090010',1,'Suhanda Souwmpie','Closed','Badru','Badru','Stock',1,'2021-09-22 08:17:36',NULL,NULL),
(64,'2021-10-06','IST2021100001',4,0,'',2,'',1,'Suhanda Souwmpie','Closed','','Suhanda','Adjustment untuk SL2021060010 (Putra Bintang Mas I) (Dastim)',1,'2021-10-06 06:41:10',NULL,NULL),
(65,'2021-10-03','IST2021100002',4,0,'',2,'',1,'Suhanda Souwmpie','Closed','','Suhanda','Adjustment untuk SL2021100001 (Berkat Bintang Mas)',1,'2021-10-06 08:33:20',NULL,NULL),
(66,'2021-10-04','ISS2021100003',4,0,'',1,'POS2021100001',1,'Suhanda Souwmpie','Closed','Badru','Badru','Stock',1,'2021-10-06 08:50:24',NULL,NULL),
(67,'2021-10-05','ISS2021100004',4,0,'',1,'POS2021100003',1,'Suhanda Souwmpie','Closed','Badru','Badru','Stock',1,'2021-10-06 08:50:39',NULL,NULL),
(68,'2021-10-05','ISS2021100005',4,0,'',1,'POS2021100004',1,'Suhanda Souwmpie','Closed','Badru','Badru','Putra Bintang Mas I Trip 3 2021',1,'2021-10-06 08:50:55',NULL,NULL),
(69,'2021-10-08','ISS2021100006',4,0,'',1,'POS2021100005',1,'Suhanda Souwmpie','Closed','Badru','Badru','Stock',1,'2021-10-09 07:47:52',NULL,NULL),
(70,'2021-10-08','ISS2021100007',4,0,'',1,'POS2021100007',1,'Suhanda Souwmpie','Closed','Badru','Badru','Stock',1,'2021-10-09 07:48:02',NULL,NULL),
(71,'2021-09-21','ISS2021090011',4,0,'',1,'POS2021090012',1,'Suhanda Souwmpie','Closed','Toko Laris','Cong Hin','Stock',1,'2021-10-14 08:02:23',NULL,NULL),
(72,'2021-10-05','ISS2021100008',4,0,'',1,'POS2021100008',1,'Suhanda Souwmpie','Closed','Toko Laris','Cong Hin','Stock',1,'2021-10-14 08:03:03',NULL,NULL),
(73,'2021-10-08','ISS2021100009',4,0,'',1,'POS2021100009',1,'Suhanda Souwmpie','Reject','toko lar','','Stock',1,'2021-10-14 08:03:20',NULL,NULL),
(74,'2021-10-08','ISS2021100010',4,0,'',1,'POS2021100009',1,'Suhanda Souwmpie','Closed','Toko Laris','Cong Hin','Stock',1,'2021-10-14 08:04:06',NULL,NULL),
(75,'2021-10-13','ISS2021100011',4,0,'',1,'POS2021100010',1,'Suhanda Souwmpie','Closed','Badru','Badru','Stock',1,'2021-10-15 06:51:07',NULL,NULL),
(76,'2021-10-13','ISS2021100012',4,0,'',1,'POS2021100013',1,'Suhanda Souwmpie','Closed','Badru','Badru','Stock',1,'2021-10-15 06:52:42',NULL,NULL),
(77,'2021-10-14','ISS2021100013',4,0,'',1,'POS2021100012',1,'Suhanda Souwmpie','Closed','Badru','Badru','Stock',1,'2021-10-15 06:53:15',NULL,NULL),
(78,'2021-10-11','IST2021100014',4,0,'',2,'',1,'Suhanda Souwmpie','Closed','','Suhanda','Untuk SL2021100009 Putra Bintang Mas I Trip 3 2021',1,'2021-10-15 07:39:44',NULL,NULL),
(79,'2021-10-18','ISS2021100015',4,0,'',1,'POS2021100014',1,'Suhanda Souwmpie','Closed','Badru','Badru','Stock',1,'2021-10-18 09:11:25',NULL,NULL),
(80,'2021-10-18','ISS2021100016',4,0,'',1,'POS2021100015',1,'Suhanda Souwmpie','Closed','Tokopedia','Suhanda','Stock',1,'2021-10-18 09:55:56',NULL,NULL),
(81,'2021-10-17','ISS2021100017',4,0,'',1,'POS2021100016',1,'Suhanda Souwmpie','Closed','Badru','Badru','Stock',1,'2021-10-19 07:08:06',NULL,NULL),
(82,'2021-10-18','ISS2021100018',4,0,'',1,'POS2021100017',1,'Suhanda Souwmpie','Closed','Badru','Badru','Stock',1,'2021-10-19 07:08:20',NULL,NULL),
(83,'2021-10-19','ISS2021100019',4,0,'',1,'POS2021100018',1,'Suhanda Souwmpie','Closed','Cong Hin','Cong Hin','Stock',1,'2021-10-21 07:43:25',NULL,NULL),
(84,'2021-10-19','ISS2021100020',4,0,'',1,'POS2021100019',1,'Suhanda Souwmpie','Closed','Cong Hin','Cong Hin','Stock',1,'2021-10-21 07:43:35',NULL,NULL),
(85,'2021-10-19','ISS2021100021',4,0,'',1,'POS2021100020',1,'Suhanda Souwmpie','Closed','Cong Hin','Cong Hin','Stock',1,'2021-10-21 07:43:44',NULL,NULL),
(86,'2021-10-20','ISS2021100022',4,0,'',1,'POS2021100021',1,'Suhanda Souwmpie','Closed','Toko Laris','Cong Hin','Stock',1,'2021-10-21 07:49:27',NULL,NULL),
(87,'2021-10-23','ISS2021100023',6,0,'',1,'POS2021100022',1,'Suhanda Souwmpie','Closed','','','tes',1,'2021-10-23 06:03:28',NULL,NULL),
(88,'2021-11-02','IST2021110001',4,0,'',2,'',1,'Suhanda Souwmpie','Closed','','test','',1,'2021-11-02 15:45:12',NULL,NULL),
(89,'2021-11-02','IST2021110002',6,0,'',2,'',1,'Suhanda Souwmpie','Closed','','test','',1,'2021-11-02 15:58:01',NULL,NULL),
(90,'2021-11-02','IST2021110003',6,0,'',2,'',1,'Suhanda Souwmpie','Closed','','test','',1,'2021-11-02 16:15:41',NULL,NULL),
(91,'2021-11-02','IST2021110004',6,0,'',2,'',1,'Suhanda Souwmpie','Closed','','test','',1,'2021-11-02 16:32:06',NULL,NULL);

/*Table structure for table `trn_incoming_stock_02` */

DROP TABLE IF EXISTS `trn_incoming_stock_02`;

CREATE TABLE `trn_incoming_stock_02` (
  `is_02_id` int(11) NOT NULL AUTO_INCREMENT COMMENT 'Id Detail',
  `is_id` int(11) DEFAULT NULL COMMENT 'Id header',
  `items_id` int(11) DEFAULT NULL COMMENT 'Id items',
  `items_name` varchar(250) DEFAULT NULL COMMENT 'Nama items',
  `qty` decimal(7,1) DEFAULT NULL COMMENT 'Qty Incoming',
  `po_qty` decimal(7,1) DEFAULT NULL COMMENT 'Qty PO',
  `price` decimal(12,2) DEFAULT NULL,
  `discount` decimal(12,2) DEFAULT 0.00,
  `total` decimal(12,2) DEFAULT NULL,
  `remarks` varchar(200) DEFAULT NULL COMMENT 'Info',
  PRIMARY KEY (`is_02_id`),
  KEY `is_id` (`is_02_id`)
) ENGINE=InnoDB AUTO_INCREMENT=457 DEFAULT CHARSET=latin1;

/*Data for the table `trn_incoming_stock_02` */

insert  into `trn_incoming_stock_02`(`is_02_id`,`is_id`,`items_id`,`items_name`,`qty`,`po_qty`,`price`,`discount`,`total`,`remarks`) values 
(1,1,39,'Kain campur/ Warna',1000.0,1000.0,1300.00,0.00,1300000.00,''),
(2,2,14,'Teko HC No. 26/ Teko Alumunium',5.0,5.0,165000.00,0.00,825000.00,''),
(3,2,18,'Penggorengan no 18',5.0,5.0,50000.00,0.00,250000.00,''),
(4,2,28,'Centong nasi',12.0,12.0,3333.00,0.00,39996.00,''),
(5,2,33,'Serop/ Serok kerupuk 8 inch',8.0,8.0,15000.00,0.00,120000.00,''),
(6,2,1232,'Penggorengan no 16',1.0,1.0,60000.00,0.00,60000.00,''),
(7,3,23,'Kepala Kompor 203 (EMSTAR MT)',36.0,36.0,183000.00,0.00,6588000.00,''),
(8,4,179,'Oli Mesin',220.0,220.0,21818.00,0.00,4799960.00,''),
(9,5,188,'Plastik Cumi',15.0,15.0,550000.00,0.00,8250000.00,''),
(10,6,74,'Senar no 15',650.0,650.0,4000.00,0.00,2600000.00,''),
(11,6,75,'Senar no 20',880.0,880.0,4728.00,0.00,4160640.00,''),
(12,7,750,'V. Belt B 208',16.0,16.0,138500.00,0.00,2216000.00,''),
(13,8,42,'Pancing udang-udangan 2.0',200.0,0.0,3600.00,0.00,720000.00,''),
(14,8,39,'Kain campur/ Warna',100.0,0.0,1300.00,0.00,130000.00,''),
(15,9,129,'Saringan radiator CH 400',1.0,0.0,1700000.00,0.00,1700000.00,''),
(16,10,100,'Masker kain',1.0,0.0,45000.00,0.00,45000.00,''),
(17,11,89,'Silet SDI / Pisau Lipat',1.0,0.0,7083.33,0.00,7083.33,''),
(18,11,179,'Oli Mesin',80.0,0.0,21818.00,0.00,1745440.00,''),
(19,12,179,'Oli Mesin',40.0,0.0,21818.00,0.00,872720.00,''),
(20,13,179,'Oli Mesin',80.0,0.0,21818.00,0.00,1745440.00,''),
(21,13,7,'Sarung tangan kain /No.6 B',1.0,0.0,23000.00,0.00,23000.00,''),
(22,13,222,'Kain Lap',2.0,0.0,7000.00,0.00,14000.00,''),
(23,14,179,'Oli Mesin',80.0,0.0,21818.00,0.00,1745440.00,''),
(24,14,7,'Sarung tangan kain /No.6 B',1.0,0.0,23000.00,0.00,23000.00,''),
(25,14,222,'Kain Lap',2.0,0.0,7000.00,0.00,14000.00,''),
(26,15,190,'Batu Gurinda Potong (WD)',2.0,0.0,2500.00,0.00,5000.00,''),
(27,15,84,'Siltip/ Onda/ Selotip',3.0,0.0,3800.00,0.00,11400.00,''),
(28,16,214,'As Drat 1/2 inch',3.0,0.0,10212.00,0.00,30636.00,''),
(29,16,289,'Mur 1/2',36.0,0.0,1000.00,0.00,36000.00,''),
(30,16,205,'Ring Baja Hitam 1/2',36.0,0.0,284.00,0.00,10224.00,''),
(31,17,179,'Oli Mesin',100.0,0.0,21818.00,0.00,2181800.00,''),
(32,17,222,'Kain Lap',3.0,0.0,7000.00,0.00,21000.00,''),
(33,17,7,'Sarung tangan kain /No.6 B',1.0,0.0,23000.00,0.00,23000.00,''),
(34,18,1224,'Senter Push On 3watt',1.0,0.0,49000.00,0.00,49000.00,''),
(35,19,98,'Pisau kater (cutter) besar',1.0,0.0,35000.00,0.00,35000.00,''),
(36,19,192,'Batu Gurinda Amplas (Kinik)',2.0,0.0,7590.00,0.00,15180.00,''),
(37,20,21,'Rantang susun 3',12.0,12.0,29167.00,0.00,350004.00,''),
(38,21,20,'Mangkok plastik',96.0,96.0,3333.00,0.00,319968.00,''),
(39,22,179,'Oli Mesin',80.0,0.0,21818.00,0.00,1745440.00,''),
(40,22,7,'Sarung tangan kain /No.6 B',1.0,0.0,23000.00,0.00,23000.00,''),
(41,22,222,'Kain Lap',2.0,0.0,7000.00,0.00,14000.00,''),
(42,23,136,'Comp. Dorin 63 VS',1.0,1.0,38750000.00,0.00,38750000.00,''),
(43,24,459,'V. Belt B 45',6.0,0.0,28000.00,0.00,168000.00,''),
(44,24,1234,'V. Belt B 60',5.0,0.0,37500.00,0.00,187500.00,''),
(45,25,576,'Colokan Broco/ Unicorn',2.0,0.0,20000.00,0.00,40000.00,''),
(46,25,51,'Serampad PE 380/D60 Dolpin Hitam',2.0,0.0,73000.00,0.00,146000.00,''),
(47,25,110,'MCB 40a',1.0,0.0,22450.00,0.00,22450.00,''),
(48,25,1227,'Racor/ Filter Harian (Fuel Filter Element C21-0617)',2.0,0.0,110000.00,0.00,220000.00,''),
(49,25,106,'Asbes Alumunium tape/prada',1.0,0.0,30000.00,0.00,30000.00,''),
(50,25,125,'Asbes knalpot 3 in',1.0,0.0,140000.00,0.00,140000.00,''),
(51,25,84,'Siltip/ Onda/ Selotip',10.0,0.0,3800.00,0.00,38000.00,''),
(52,25,105,'Rexco 500ml Semprotan Anti Karat (WD)',1.0,0.0,30000.00,0.00,30000.00,''),
(53,25,101,'Solasiban/ Solasi Hitam (Nitto)',2.0,0.0,5500.00,0.00,11000.00,''),
(54,25,7,'Sarung tangan kain /No.6 B',2.0,0.0,23000.00,0.00,46000.00,''),
(55,25,9,'Sarung tangan karet',12.0,0.0,15000.00,0.00,180000.00,''),
(56,25,95,'Lem besi dexton 5 mnt',2.0,0.0,11833.00,0.00,23666.00,''),
(57,25,97,'Lem merah',2.0,0.0,12500.00,0.00,25000.00,''),
(58,25,222,'Kain Lap',5.0,0.0,7000.00,0.00,35000.00,''),
(59,25,83,'Mata Gergaji Besi (Sandflex 12 inch)',3.0,0.0,12000.00,0.00,36000.00,''),
(60,25,25,'Termos Air Panas (Solaris)',2.0,0.0,51667.00,0.00,103334.00,''),
(61,25,135,'Mug / Cangkir/ Gelas plastik kecil',12.0,0.0,4166.00,0.00,49992.00,''),
(62,25,31,'Sendok',1.0,0.0,8000.00,0.00,8000.00,''),
(63,25,1,'Langseng/ Dandang 32inch',2.0,0.0,200000.00,0.00,400000.00,''),
(64,25,23,'Kepala Kompor 203 (EMSTAR MT)',6.0,0.0,183000.00,0.00,1098000.00,''),
(65,25,36,'Spuyer kompor 203',10.0,0.0,3000.00,0.00,30000.00,''),
(66,25,34,'Selang kompor kuningan',3.0,0.0,33000.00,0.00,99000.00,''),
(67,25,1221,'Pisau Dapur Amazon No 7',1.0,0.0,8000.00,0.00,8000.00,''),
(68,25,33,'Serop/ Serok kerupuk 8 inch',1.0,0.0,15000.00,0.00,15000.00,''),
(69,25,570,'Teko HC No. 28/ Teko Alumunium',1.0,0.0,165000.00,0.00,165000.00,''),
(70,25,37,'Jarum/ Colok kompor no 168',10.0,0.0,2000.00,0.00,20000.00,''),
(71,25,1137,'Piring Kaleng 22inch (Pcs)',12.0,0.0,5833.00,0.00,69996.00,''),
(72,25,22,'Kompaan/ Pompa Ban/ Angin',1.0,0.0,65000.00,0.00,65000.00,''),
(73,25,77,'Senar no 40',10.0,0.0,8000.00,0.00,80000.00,''),
(74,25,80,'Senar no 70',10.0,0.0,14858.00,0.00,148580.00,''),
(75,25,79,'Senar no 60',10.0,0.0,15000.00,0.00,150000.00,''),
(76,25,74,'Senar no 15',30.0,0.0,4000.00,0.00,120000.00,''),
(77,25,56,'Cincin kecil',20.0,0.0,5000.00,0.00,100000.00,''),
(78,25,49,'Kumis udang',2.0,0.0,32000.00,0.00,64000.00,''),
(79,25,39,'Kain campur/ Warna',150.0,0.0,1300.00,0.00,195000.00,''),
(80,25,40,'Kain putih (3x1.5)m',100.0,0.0,10700.00,0.00,1070000.00,''),
(81,25,67,'Tasbeh besar',3.0,0.0,4615.00,0.00,13845.00,''),
(82,25,68,'Tasbeh kecil',3.0,0.0,5000.00,0.00,15000.00,''),
(83,25,187,'Neklin',3.0,0.0,25000.00,0.00,75000.00,''),
(84,25,390,'Fosfor Skotlet 2inch x 10m',1.0,0.0,35000.00,0.00,35000.00,''),
(85,25,94,'Lem dexton',20.0,0.0,4800.00,0.00,96000.00,''),
(86,25,47,'Gunting ',12.0,0.0,2375.00,0.00,28500.00,''),
(87,25,41,'Pancing Apollo 4 inch',200.0,0.0,2600.00,0.00,520000.00,''),
(88,25,42,'Pancing udang-udangan 2.0',400.0,0.0,3600.00,0.00,1440000.00,''),
(89,25,43,'Pancing udang-udangan 3.5',10.0,0.0,8000.00,0.00,80000.00,''),
(90,25,59,'Pancing no 14',1.0,0.0,25000.00,0.00,25000.00,''),
(91,25,566,'Kili-kili 2 putaran No.3 (pcs)',15.0,0.0,4300.00,0.00,64500.00,''),
(92,25,89,'Silet SDI / Pisau Lipat',5.0,0.0,7083.33,0.00,35416.65,''),
(93,25,93,'Pulpen (Faster C6 (H))',5.0,0.0,2250.00,0.00,11250.00,''),
(94,25,92,'Spidol (G-12) (M)',5.0,0.0,4833.34,0.00,24166.70,''),
(95,25,48,'Jarum jahit',5.0,0.0,937.50,0.00,4687.50,''),
(96,25,50,'Benang Sutra Hijau & Putih 555',8.0,0.0,13200.00,0.00,105600.00,''),
(97,25,188,'Plastik Cumi',3.0,0.0,550000.00,0.00,1650000.00,''),
(98,25,1136,'Aki N120 Massiv XP (Bekas)',1.0,0.0,325000.00,0.00,325000.00,''),
(99,26,22,'Kompaan/ Pompa Ban/ Angin',1.0,0.0,65000.00,0.00,65000.00,''),
(100,26,37,'Jarum/ Colok kompor no 168',8.0,0.0,2000.00,0.00,16000.00,''),
(101,26,23,'Kepala Kompor 203 (EMSTAR MT)',2.0,0.0,183000.00,0.00,366000.00,''),
(102,26,97,'Lem merah',2.0,0.0,12500.00,0.00,25000.00,''),
(103,26,7,'Sarung tangan kain /No.6 B',1.0,0.0,23000.00,0.00,23000.00,''),
(104,26,75,'Senar no 20',30.0,0.0,4728.00,0.00,141840.00,''),
(105,26,73,'Kili-kili biasa no 8 (Swivel Putih 305 No. 8)',12.0,0.0,5197.50,0.00,62370.00,''),
(106,27,1,'Langseng/ Dandang 32inch',8.0,8.0,235000.00,0.00,1880000.00,''),
(107,28,42,'Pancing udang-udangan 2.0',2500.0,2500.0,3600.00,0.00,9000000.00,''),
(108,29,214,'As Drat 1/2 inch',2.0,0.0,10212.00,0.00,20424.00,''),
(109,29,289,'Mur 1/2',14.0,0.0,1000.00,0.00,14000.00,''),
(110,29,205,'Ring Baja Hitam 1/2',14.0,0.0,284.00,0.00,3976.00,''),
(111,29,190,'Batu Gurinda Potong (WD)',3.0,0.0,2500.00,0.00,7500.00,''),
(112,29,1181,'HOSE Nepple 1 1/4 ss (Pipa)',1.0,0.0,27500.00,0.00,27500.00,''),
(113,29,194,'Klem Selang 1 3/4 inch',5.0,0.0,3500.00,0.00,17500.00,''),
(114,29,706,'(Vlog) V. Ring ss 304 1 1/4 x 1/2inch (Bering)',1.0,0.0,31000.00,0.00,31000.00,''),
(115,29,382,'Ring Per/ Ver Baja 1/2',12.0,0.0,500.00,0.00,6000.00,''),
(116,29,220,'Selang Kawat 1 inch',5.0,0.0,30600.00,0.00,153000.00,''),
(117,30,1240,'Condenser k1053hb (Servisan)',1.0,0.0,23307000.00,0.00,23307000.00,''),
(118,31,7,'Sarung tangan kain /No.6 B',2.0,0.0,23000.00,0.00,46000.00,''),
(119,31,9,'Sarung tangan karet',12.0,0.0,15000.00,0.00,180000.00,''),
(120,31,222,'Kain Lap',3.0,0.0,7000.00,0.00,21000.00,''),
(121,31,101,'Solasiban/ Solasi Hitam (Nitto)',2.0,0.0,5500.00,0.00,11000.00,''),
(122,31,95,'Lem besi dexton 5 mnt',2.0,0.0,11833.00,0.00,23666.00,''),
(123,31,97,'Lem merah',2.0,0.0,12500.00,0.00,25000.00,''),
(124,31,106,'Asbes Alumunium tape/prada',1.0,0.0,30000.00,0.00,30000.00,''),
(125,31,125,'Asbes knalpot 3 in',1.0,0.0,140000.00,0.00,140000.00,''),
(126,31,190,'Batu Gurinda Potong (WD)',2.0,0.0,2500.00,0.00,5000.00,''),
(127,31,83,'Mata Gergaji Besi (Sandflex 12 inch)',4.0,0.0,12000.00,0.00,48000.00,''),
(128,31,105,'Rexco 500ml Semprotan Anti Karat (WD)',1.0,0.0,30000.00,0.00,30000.00,''),
(129,31,576,'Colokan Broco/ Unicorn',3.0,0.0,20000.00,0.00,60000.00,''),
(130,31,1224,'Senter Push On 3watt',1.0,0.0,49000.00,0.00,49000.00,''),
(131,31,1136,'Aki N120 Massiv XP (Bekas)',1.0,0.0,325000.00,0.00,325000.00,''),
(132,31,51,'Serampad PE 380/D60 Dolpin Hitam',1.0,0.0,73000.00,0.00,73000.00,''),
(133,31,412,'Lampu ML 500 watt (Lampu Susu)',2.0,0.0,95000.00,0.00,190000.00,''),
(134,31,31,'Sendok',1.0,0.0,8000.00,0.00,8000.00,''),
(135,31,1137,'Piring Kaleng 22inch (Pcs)',12.0,0.0,5833.00,0.00,69996.00,''),
(136,31,16,'Mug / Gelas plastik besar',6.0,0.0,0.00,0.00,0.00,''),
(137,31,135,'Mug / Cangkir/ Gelas plastik kecil',6.0,0.0,4166.00,0.00,24996.00,''),
(138,31,23,'Kepala Kompor 203 (EMSTAR MT)',6.0,0.0,183000.00,0.00,1098000.00,''),
(139,31,22,'Kompaan/ Pompa Ban/ Angin',1.0,0.0,65000.00,0.00,65000.00,''),
(140,31,25,'Termos Air Panas (Solaris)',1.0,0.0,51667.00,0.00,51667.00,''),
(141,31,36,'Spuyer kompor 203',6.0,0.0,3000.00,0.00,18000.00,''),
(142,31,37,'Jarum/ Colok kompor no 168',10.0,0.0,2000.00,0.00,20000.00,''),
(143,31,34,'Selang kompor kuningan',4.0,0.0,33000.00,0.00,132000.00,''),
(144,31,11,'Selang Kompaan/ Pompa',1.0,0.0,10000.00,0.00,10000.00,''),
(145,31,33,'Serop/ Serok kerupuk 8 inch',1.0,0.0,15000.00,0.00,15000.00,''),
(146,31,42,'Pancing udang-udangan 2.0',400.0,0.0,3600.00,0.00,1440000.00,''),
(147,31,41,'Pancing Apollo 4 inch',50.0,0.0,2600.00,0.00,130000.00,''),
(148,31,58,'Pancing no 7 (Pancing Mustad 2335 No. 7)',2.0,0.0,85000.00,0.00,170000.00,''),
(149,31,62,'kili-kili snap no 3',6.0,0.0,10000.00,0.00,60000.00,''),
(150,31,66,'Kili-kili snap no 8',12.0,0.0,10816.67,0.00,129800.04,''),
(151,31,94,'Lem dexton',20.0,0.0,4800.00,0.00,96000.00,''),
(152,31,89,'Silet SDI / Pisau Lipat',2.0,0.0,7083.33,0.00,14166.66,''),
(153,31,39,'Kain campur/ Warna',100.0,0.0,1300.00,0.00,130000.00,''),
(154,31,390,'Fosfor Skotlet 2inch x 10m',2.0,0.0,35000.00,0.00,70000.00,''),
(155,31,566,'Kili-kili 2 putaran No.3 (pcs)',10.0,0.0,4300.00,0.00,43000.00,''),
(156,31,47,'Gunting ',12.0,0.0,2375.00,0.00,28500.00,''),
(157,31,187,'Neklin',4.0,0.0,25000.00,0.00,100000.00,''),
(158,31,188,'Plastik Cumi',3.0,0.0,550000.00,0.00,1650000.00,''),
(159,31,441,'Label Kapal (500lbr)',0.5,0.0,18750.00,0.00,9375.00,''),
(160,32,704,'(Vlog) V. Ring ss 304 2 x 1 1/4inch (Bering)',1.0,0.0,62500.00,0.00,62500.00,''),
(161,32,1181,'HOSE Nepple 1 1/4 ss (Pipa)',1.0,0.0,27500.00,0.00,27500.00,''),
(162,32,717,'Street Elbow ss304 1 1/2 Inch drat luar dalam',2.0,0.0,67858.00,0.00,135716.00,''),
(163,32,705,'(Vlog) V. Ring ss 304 2 x 1 1/2inch (Bering)',1.0,0.0,80000.00,0.00,80000.00,''),
(164,32,84,'Siltip/ Onda/ Selotip',3.0,0.0,3800.00,0.00,11400.00,''),
(165,32,1235,'(Vlog) V. Ring ss 304 2 x 1 inch (Bering)',1.0,0.0,62500.00,0.00,62500.00,''),
(166,32,1236,'Hose Nepple ss 304 1 inch (Pipa)',1.0,0.0,42500.00,0.00,42500.00,''),
(167,32,1238,'Per Klep 6D',1.0,0.0,250000.00,0.00,250000.00,''),
(168,32,774,'Baut + Mur 1/2 x 2 Inch',2.0,0.0,2040.00,0.00,4080.00,''),
(169,32,205,'Ring Baja Hitam 1/2',2.0,0.0,284.00,0.00,568.00,''),
(170,33,1,'Langseng/ Dandang 32inch',1.0,0.0,235000.00,0.00,235000.00,''),
(171,33,62,'kili-kili snap no 3',12.0,0.0,10000.00,0.00,120000.00,''),
(172,33,42,'Pancing udang-udangan 2.0',100.0,0.0,3600.00,0.00,360000.00,''),
(173,33,78,'senar no 50',5.0,0.0,10400.00,0.00,52000.00,''),
(174,33,51,'Serampad PE 380/D60 Dolpin Hitam',1.0,0.0,73000.00,0.00,73000.00,''),
(175,33,94,'Lem dexton',15.0,0.0,4800.00,0.00,72000.00,''),
(176,34,39,'Kain campur/ Warna',200.0,0.0,1300.00,0.00,260000.00,''),
(177,35,42,'Pancing udang-udangan 2.0',200.0,0.0,3600.00,0.00,720000.00,''),
(178,35,39,'Kain campur/ Warna',100.0,0.0,1300.00,0.00,130000.00,''),
(179,36,100,'Masker kain',1.0,0.0,45000.00,0.00,45000.00,''),
(180,37,750,'V. Belt B 208',8.0,0.0,138500.00,0.00,1108000.00,''),
(181,37,222,'Kain Lap',50.0,0.0,7000.00,0.00,350000.00,''),
(182,37,74,'Senar no 15',13.0,0.0,4000.00,0.00,52000.00,''),
(183,37,42,'Pancing udang-udangan 2.0',250.0,0.0,3600.00,0.00,900000.00,''),
(184,37,28,'Centong nasi',6.0,0.0,3333.00,0.00,19998.00,''),
(185,37,18,'Penggorengan no 18',3.0,0.0,50000.00,0.00,150000.00,''),
(186,37,14,'Teko HC No. 26/ Teko Alumunium',1.0,0.0,165000.00,0.00,165000.00,''),
(187,37,7,'Sarung tangan kain /No.6 B',33.0,0.0,23000.00,0.00,759000.00,''),
(188,38,5,'Bakul/ Basket Cumi  Green Leaf 989',5.0,0.0,40450.00,0.00,202250.00,''),
(189,38,8,'Sarung tangan freezer',9.0,0.0,15000.00,0.00,135000.00,''),
(190,38,9,'Sarung tangan karet',62.0,0.0,15000.00,0.00,930000.00,''),
(191,38,10,'Blower',1.0,0.0,1300000.00,0.00,1300000.00,''),
(192,38,11,'Selang Kompaan/ Pompa',16.0,0.0,10000.00,0.00,160000.00,''),
(193,38,12,'Sepatu boot no 43',2.0,0.0,63000.00,0.00,126000.00,''),
(194,38,13,'Jas Hujan',3.0,0.0,110000.00,0.00,330000.00,''),
(195,38,15,'Teko plastik',6.0,0.0,38000.00,0.00,228000.00,''),
(196,38,16,'Mug / Gelas plastik besar',6.0,0.0,0.00,0.00,0.00,''),
(197,38,19,'Panci jawa no 26',1.0,0.0,38300.00,0.00,38300.00,''),
(198,38,22,'Kompaan/ Pompa Ban/ Angin',3.0,0.0,65000.00,0.00,195000.00,''),
(199,38,24,'Termos nasi (270xT.375)',2.0,0.0,105000.00,0.00,210000.00,''),
(200,38,25,'Termos Air Panas (Solaris)',8.0,0.0,51667.00,0.00,413336.00,''),
(201,38,27,'Samsi/susruk',5.0,0.0,20000.00,0.00,100000.00,''),
(202,38,29,'Golok Dapur Stainless (B. 019)',10.0,0.0,33000.00,0.00,330000.00,''),
(203,38,30,'Batu asah',15.0,0.0,8400.00,0.00,126000.00,''),
(204,38,31,'Sendok',12.0,0.0,8000.00,0.00,96000.00,''),
(205,38,32,'Sendok sayur',11.0,0.0,3750.00,0.00,41250.00,''),
(206,38,34,'Selang kompor kuningan',14.0,0.0,33000.00,0.00,462000.00,''),
(207,38,35,'Kunci Spuyer Kompor',23.0,0.0,23000.00,0.00,529000.00,''),
(208,38,36,'Spuyer kompor 203',55.0,0.0,3000.00,0.00,165000.00,''),
(209,38,37,'Jarum/ Colok kompor no 168',124.0,0.0,2000.00,0.00,248000.00,''),
(210,38,41,'Pancing Apollo 4 inch',1450.0,0.0,2600.00,0.00,3770000.00,''),
(211,38,43,'Pancing udang-udangan 3.5',96.0,0.0,8000.00,0.00,768000.00,''),
(212,38,47,'Gunting ',56.0,0.0,2375.00,0.00,133000.00,''),
(213,38,48,'Jarum jahit',29.0,0.0,937.50,0.00,27187.50,''),
(214,38,49,'Kumis udang',7.0,0.0,32000.00,0.00,224000.00,''),
(215,38,50,'Benang Sutra Hijau & Putih 555',102.0,0.0,13200.00,0.00,1346400.00,''),
(216,38,51,'Serampad PE 380/D60 Dolpin Hitam',4.0,0.0,73000.00,0.00,292000.00,''),
(217,38,52,'Serampad PE 380/D48 Dolpin Hitam',6.0,0.0,73000.00,0.00,438000.00,''),
(218,38,56,'Cincin kecil',88.0,0.0,5000.00,0.00,440000.00,''),
(219,38,57,'Segel Kecil',76.0,0.0,9000.00,0.00,684000.00,''),
(220,38,58,'Pancing no 7 (Pancing Mustad 2335 No. 7)',3.0,0.0,85000.00,0.00,255000.00,''),
(221,38,59,'Pancing no 14',26.0,0.0,25000.00,0.00,650000.00,''),
(222,38,60,'Pancing no 1',63.0,0.0,342000.00,0.00,21546000.00,''),
(223,38,64,'KIli-kili snap no 5',30.0,0.0,0.00,0.00,0.00,''),
(224,38,65,'Kili-kili snap no 6',60.0,0.0,0.00,0.00,0.00,''),
(225,38,67,'Tasbeh besar',27.0,0.0,4615.00,0.00,124605.00,''),
(226,38,68,'Tasbeh kecil',12.0,0.0,5000.00,0.00,60000.00,''),
(227,38,72,'Kili-kili biasa no 6',24.0,0.0,6833.00,0.00,163992.00,''),
(228,38,73,'Kili-kili biasa no 8 (Swivel Putih 305 No. 8)',12.0,0.0,5197.50,0.00,62370.00,''),
(229,38,76,'Senar no 30',64.0,0.0,6933.00,0.00,443712.00,''),
(230,38,77,'Senar no 40',70.0,0.0,8000.00,0.00,560000.00,''),
(231,38,78,'senar no 50',82.0,0.0,10400.00,0.00,852800.00,''),
(232,38,79,'Senar no 60',10.0,0.0,15000.00,0.00,150000.00,''),
(233,38,80,'Senar no 70',56.0,0.0,14858.00,0.00,832048.00,''),
(234,38,81,'Senar no 80',20.0,0.0,17333.34,0.00,346666.80,''),
(235,38,82,'Penggarisan Butterfly 30 cm (BT 30)',2.0,0.0,18500.00,0.00,37000.00,''),
(236,38,83,'Mata Gergaji Besi (Sandflex 12 inch)',3.0,0.0,12000.00,0.00,36000.00,''),
(237,38,84,'Siltip/ Onda/ Selotip',40.0,0.0,3800.00,0.00,152000.00,''),
(238,38,85,'Kipas pompa celup kyodo SP 400',2.0,0.0,250000.00,0.00,500000.00,''),
(239,38,86,'Bearing Laher 6304 NTN (Kiongan)',2.0,0.0,29000.00,0.00,58000.00,''),
(240,38,87,'Bearing 4T-30205',6.0,0.0,0.00,0.00,0.00,''),
(241,38,88,'Carbon brush/spul',5.0,0.0,18700.00,0.00,93500.00,''),
(242,38,89,'Silet SDI / Pisau Lipat',23.0,0.0,7083.33,0.00,162916.59,''),
(243,38,90,'Rantai Senso (Chain Saw) (16 inch) Oregon 91P-29.5T/ 28.5T',2.0,0.0,175000.00,0.00,350000.00,''),
(244,38,91,'Kelep/Klep Pompa',14.0,0.0,2000.00,0.00,28000.00,''),
(245,38,92,'Spidol (G-12) (M)',7.0,0.0,4833.34,0.00,33833.38,''),
(246,38,93,'Pulpen (Faster C6 (H))',2.0,0.0,2250.00,0.00,4500.00,''),
(247,38,94,'Lem dexton',5.0,0.0,4800.00,0.00,24000.00,''),
(248,38,95,'Lem besi dexton 5 mnt',5.0,0.0,11833.00,0.00,59165.00,''),
(249,38,96,'Lem besi devcon USA',5.0,0.0,16666.67,0.00,83333.35,''),
(250,38,97,'Lem merah',2.0,0.0,12500.00,0.00,25000.00,''),
(251,38,98,'Pisau kater (cutter) besar',12.0,0.0,35000.00,0.00,420000.00,''),
(252,38,99,'Isi pisau kater (cutter) besar',84.0,0.0,4416.00,0.00,370944.00,''),
(253,38,101,'Solasiban/ Solasi Hitam (Nitto)',5.0,0.0,5500.00,0.00,27500.00,''),
(254,38,105,'Rexco 500ml Semprotan Anti Karat (WD)',20.0,0.0,30000.00,0.00,600000.00,''),
(255,38,106,'Asbes Alumunium tape/prada',1.0,0.0,30000.00,0.00,30000.00,''),
(256,38,108,'Duradus',1.0,0.0,15000.00,0.00,15000.00,''),
(257,38,110,'MCB 40a',5.0,0.0,22450.00,0.00,112250.00,''),
(258,38,116,'Oli Cooler samping / Gitar2an/ Harmonika 6D (Element)',1.0,0.0,450000.00,0.00,450000.00,''),
(259,38,124,'Pompa Kiong/ Keong 1 1/2 inch PC 8000 (Putaran Kiri)',1.0,0.0,2450000.00,0.00,2450000.00,''),
(260,38,126,'Pilox/ Pylox Biru (Blue Lagoon) (RJ 21 400cc)',7.0,0.0,27000.00,0.00,189000.00,''),
(261,38,127,'Clear (pylox) (pilox) (RJ 540 400cc)',7.0,0.0,26000.00,0.00,182000.00,''),
(262,38,130,'Saringan radiator CH 700',1.0,0.0,1700000.00,0.00,1700000.00,''),
(263,38,132,'Paku kabel 14 mm',1.0,0.0,11500.00,0.00,11500.00,''),
(264,38,135,'Mug / Cangkir/ Gelas plastik kecil',58.0,0.0,4166.00,0.00,241628.00,''),
(265,38,144,'Pompa Celup Kyodo SP-400',1.0,0.0,830000.00,0.00,830000.00,''),
(266,38,147,'Gurinda Maktec',1.0,0.0,340000.00,0.00,340000.00,''),
(267,38,183,'KabeL Central 4x50 mm (NYYHY)',4.0,0.0,0.00,0.00,0.00,''),
(268,38,185,'Golok Gagang Kayu',18.0,0.0,25000.00,0.00,450000.00,''),
(269,38,190,'Batu Gurinda Potong (WD)',113.0,0.0,2500.00,0.00,282500.00,''),
(270,38,192,'Batu Gurinda Amplas (Kinik)',8.0,0.0,7590.00,0.00,60720.00,''),
(271,38,194,'Klem Selang 1 3/4 inch',64.0,0.0,3500.00,0.00,224000.00,''),
(272,38,202,'Baut + Mur Baja Hitam 5/8 x 3 1/2',23.0,0.0,5950.00,0.00,136850.00,''),
(273,38,207,'Mur 5/8',61.0,0.0,760.00,0.00,46360.00,''),
(274,38,210,'Mur 3/4',117.0,0.0,1325.00,0.00,155025.00,''),
(275,38,213,'Baut Manipol 10mm x 50mm',25.0,0.0,6000.00,0.00,150000.00,''),
(276,38,214,'As Drat 1/2 inch',2.0,0.0,10212.00,0.00,20424.00,''),
(277,38,215,'As Drat 5/8 inch',1.0,0.0,17402.00,0.00,17402.00,''),
(278,38,216,'As Drat 3/4 inch',21.0,0.0,26149.00,0.00,549129.00,''),
(279,38,224,'Ball Valve/ Keran Kit (Kuningan) 1 1/2 inch',2.0,0.0,250000.00,0.00,500000.00,''),
(280,38,225,'Sikring AVR',1.0,0.0,0.00,0.00,0.00,''),
(281,38,226,'Bohlam Lampu Pilot 0,11A',6.0,0.0,0.00,0.00,0.00,''),
(282,38,181,'Kabel Jembo 4x4 mm (NYYHY) (Meteran)',37.0,0.0,29500.00,0.00,1091500.00,''),
(283,38,235,'Ground Red/ Pigment Merah',1.0,0.0,95000.00,0.00,95000.00,''),
(284,38,244,'Bahan Cor Hitam',20.0,0.0,38000.00,0.00,760000.00,''),
(285,38,258,'Timah Gendang 4 ons (3 Karung)',18.0,0.0,37600.00,0.00,676800.00,''),
(286,38,283,'Gula',50.0,0.0,12400.00,0.00,620000.00,''),
(287,38,285,'Terigu',13.0,0.0,6080.00,0.00,79040.00,''),
(288,38,343,'Garam',3.0,0.0,45000.00,0.00,135000.00,''),
(289,38,386,'Bahan Cor Putih',20.0,0.0,38000.00,0.00,760000.00,''),
(290,38,412,'Lampu ML 500 watt (Lampu Susu)',2.0,0.0,95000.00,0.00,190000.00,''),
(291,38,416,'Korek Balon',5.0,0.0,177000.00,0.00,885000.00,''),
(292,38,466,'Pigment Tosca Green',2.0,0.0,85000.00,0.00,170000.00,''),
(293,38,534,'Pigment Union Blue/ Biru',1.0,0.0,75000.00,0.00,75000.00,''),
(294,38,539,'Bospom 4D',2.0,0.0,5000000.00,0.00,10000000.00,''),
(295,38,566,'Kili-kili 2 putaran No.3 (pcs)',76.0,0.0,4300.00,0.00,326800.00,''),
(296,38,576,'Colokan Broco/ Unicorn',13.0,0.0,20000.00,0.00,260000.00,''),
(297,38,585,'Ring 3/4 Baja Hitam',20.0,0.0,685.00,0.00,13700.00,''),
(298,38,586,'Mur 3/4 Baja Hitam',22.0,0.0,3300.00,0.00,72600.00,''),
(299,38,593,'Dekskrup/ Baut Cun 1/2 x 2',19.0,0.0,1800.00,0.00,34200.00,''),
(300,38,615,'Gearbox MB 170',1.0,0.0,22500000.00,0.00,22500000.00,''),
(301,38,635,'Ring 5/8 Putih (Biasa)',36.0,0.0,352.00,0.00,12672.00,''),
(302,38,648,'Sikat Kawat Mangkok 3 Inch (Kepang)',1.0,0.0,27500.00,0.00,27500.00,''),
(303,38,650,'Ring 5/8 Baja',57.0,0.0,464.00,0.00,26448.00,''),
(304,38,651,'Baut + Mur Baja Hitam 5/8 x 2 1/2',9.0,0.0,4114.00,0.00,37026.00,''),
(305,38,702,'Ball Valve s/s 1/2 inch',5.0,0.0,30000.00,0.00,150000.00,''),
(306,38,703,'Ball Valve s/s 3/4 inch',9.0,0.0,40000.00,0.00,360000.00,''),
(307,38,704,'(Vlog) V. Ring ss 304 2 x 1 1/4inch (Bering)',1.0,0.0,62500.00,0.00,62500.00,''),
(308,38,705,'(Vlog) V. Ring ss 304 2 x 1 1/2inch (Bering)',2.0,0.0,80000.00,0.00,160000.00,''),
(309,38,706,'(Vlog) V. Ring ss 304 1 1/4 x 1/2inch (Bering)',4.0,0.0,31000.00,0.00,124000.00,''),
(310,38,707,'Dekskrup/ Baut Cun 1/2 x 2 1/2',19.0,0.0,2100.00,0.00,39900.00,''),
(311,38,719,'Double Nepple 1 1/2 ss 304 ',5.0,0.0,45858.00,0.00,229290.00,''),
(312,38,720,'Double Nepple 1 1/4 ss 304',6.0,0.0,35858.00,0.00,215148.00,''),
(313,38,722,'Double Nepple 1 s/s 304 ',18.0,0.0,23000.00,0.00,414000.00,''),
(314,38,730,'TEE s/s 3/4 Inch',1.0,0.0,35000.00,0.00,35000.00,''),
(315,38,752,'Baut + Mur Baja Hitam 1/2 x 2 1/2 (bolt nut)',8.0,0.0,4900.00,0.00,39200.00,''),
(316,38,756,'Double Nepple 1/2 ss 304',9.0,0.0,12000.00,0.00,108000.00,''),
(317,38,773,'Baut +  Mur Hitam 3/4 x 2',18.0,0.0,5494.00,0.00,98892.00,''),
(318,38,775,'Ring Per/ Ver Baja 3/4',88.0,0.0,336.00,0.00,29568.00,''),
(319,38,791,'Baut + Mur 5/8 x 2',12.0,0.0,3850.00,0.00,46200.00,''),
(320,38,813,'Krek As 6D15',1.0,0.0,13500000.00,0.00,13500000.00,''),
(321,38,829,'AVR Marelli Motori',1.0,0.0,2750000.00,0.00,2750000.00,''),
(322,38,832,'Rumah Spull/Carbon/ Areng Dinamo 10 kilo',1.0,0.0,22000.00,0.00,22000.00,''),
(323,38,848,'Baut + Mur Putih 10x30mm',30.0,0.0,880.00,0.00,26400.00,''),
(324,38,859,'Pilot Lamp 220 Volt',4.0,0.0,5000.00,0.00,20000.00,''),
(325,38,917,'Baut + Mur 1/2 x 3 Inch',12.0,0.0,500.00,0.00,6000.00,''),
(326,38,940,'Piting Broco',1.0,0.0,8500.00,0.00,8500.00,''),
(327,38,949,'DVD Rinrei',3.0,0.0,194180.00,0.00,582540.00,''),
(328,38,985,'Kabel Mitsuba (LMK) 4 x 2.5mm (Meteran)',80.0,0.0,17400.00,0.00,1392000.00,''),
(329,38,986,'Paku kabel 8 mm',2.0,0.0,5500.00,0.00,11000.00,''),
(330,38,997,'Terminal 10mm/ sonte',6.0,0.0,7000.00,0.00,42000.00,''),
(331,38,1057,'Dekskrup/ Baut Cun 1/2 x 3',30.0,0.0,2860.00,0.00,85800.00,''),
(332,38,1135,'(Vlog) V. Ring ss 304 1 1/2 x 1 inch (Bering)',13.0,0.0,37500.00,0.00,487500.00,''),
(333,38,1137,'Piring Kaleng 22inch (Pcs)',104.0,0.0,5833.00,0.00,606632.00,''),
(334,38,1138,'Kain Cumi (Putih) (Pcs)',1450.0,0.0,1000.00,0.00,1450000.00,''),
(335,38,1139,'Water pump 6D16 (Lubang 9)',1.0,0.0,975000.00,0.00,975000.00,''),
(336,38,1141,'Silicon UC-50A/224 DIODE (Matari) (Dinamo 120 KVA)',1.0,0.0,682000.00,0.00,682000.00,''),
(337,38,1142,'Dinamo Cas/ Ampere (Second)',1.0,0.0,1200000.00,0.00,1200000.00,''),
(338,38,1143,'Baut + Mur Baja Hitam 5/8 x 2 ',3.0,0.0,10500.00,0.00,31500.00,''),
(339,38,1145,'Ring 10mm Putih',100.0,0.0,120.00,0.00,12000.00,''),
(340,38,1146,'Ring Per/ Ver Baja 5/8',28.0,0.0,560.00,0.00,15680.00,''),
(341,38,1147,'Philips Ballast BSNE 400L SON-T 400W (300l TS)',1.0,0.0,467000.00,0.00,467000.00,''),
(342,38,1150,'Krek/ Kruck As 6D15 OA (D/J = 0.25 oversize 25)',1.0,0.0,13500000.00,0.00,13500000.00,''),
(343,38,1181,'HOSE Nepple 1 1/4 ss (Pipa)',2.0,0.0,27500.00,0.00,55000.00,''),
(344,38,1221,'Pisau Dapur Amazon No 7',4.0,0.0,8000.00,0.00,32000.00,''),
(345,38,1222,'Pisau Dapur Sulis No 1',15.0,0.0,2500.00,0.00,37500.00,''),
(346,38,1223,'Fosfor Skotlet 2inch x 45m',45.0,0.0,16666.67,0.00,750000.15,''),
(347,38,1227,'Racor/ Filter Harian (Fuel Filter Element C21-0617)',6.0,0.0,110000.00,0.00,660000.00,''),
(348,38,1236,'Hose Nepple ss 304 1 inch (Pipa)',13.0,0.0,42500.00,0.00,552500.00,''),
(349,38,1241,'Gergaji Circle 185mm BlackFoot',1.0,0.0,72000.00,0.00,72000.00,''),
(350,38,1242,'Pisau Mesin Serut Yama Master size 82mm Planer BladeHSS 1900 B',1.0,0.0,34000.00,0.00,34000.00,''),
(351,38,1243,'Dioda/Silikon Cas AKI 35 Watt 3510',1.0,0.0,10000.00,0.00,10000.00,''),
(352,38,1244,'Kapasitor/Capasitor 12 mikro',1.0,0.0,30000.00,0.00,30000.00,''),
(353,38,1246,'Klem Selang 3/4',5.0,0.0,5000.00,0.00,25000.00,''),
(354,38,1247,'Street Elbow Kuningan 1 inch Bokeni',1.0,0.0,68000.00,0.00,68000.00,''),
(355,38,1248,'HOSE Nepple 1 1/4 ss (Pipa) Jaya Mandiri',1.0,0.0,22000.00,0.00,22000.00,''),
(356,38,1249,'Kabel Mika 3 x 1 1/2 mm (NYYHY)',40.0,0.0,9000.00,0.00,360000.00,''),
(357,38,1250,'Ring Per/ Ver 5/8 ss',11.0,0.0,2600.00,0.00,28600.00,''),
(358,38,1252,'Power Steering Fuso',1.0,0.0,4150000.00,0.00,4150000.00,''),
(359,38,1253,'Gardan PS 100',1.0,0.0,3500000.00,0.00,3500000.00,''),
(360,38,1254,'Rumah Gardan PS 100 (Selongsong) (Sumbung)',3.0,0.0,4500000.00,0.00,13500000.00,''),
(361,39,1255,'Timah Gendang 4 ons (3 Karung) (Bekas) (Grade B)',20.0,0.0,20000.00,0.00,400000.00,''),
(362,40,48,'Jarum jahit',24.0,24.0,937.50,0.00,22500.00,''),
(363,40,94,'Lem dexton',50.0,50.0,5200.00,0.00,260000.00,''),
(364,41,179,'Oli Mesin',220.0,220.0,21818.00,0.00,4799960.00,''),
(365,42,97,'Lem merah/ Red Silicone 70gr',12.0,12.0,15416.00,0.00,184992.00,''),
(366,43,100,'Masker kain',100.0,0.0,45000.00,0.00,4500000.00,''),
(367,44,100,'Masker kain',1.0,1.0,45000.00,0.00,45000.00,''),
(368,45,187,'Neklin',5.0,5.0,25000.00,0.00,125000.00,''),
(369,46,1256,'Selang Benang 1/2 inch',6.0,6.0,6777.00,0.00,40662.00,''),
(370,47,283,'Gula',50.0,50.0,12200.00,0.00,610000.00,''),
(371,48,92,'Spidol (G-12) (M)',36.0,36.0,4833.00,0.00,173988.00,''),
(372,48,93,'Pulpen (Faster C6 (H))',36.0,36.0,2583.00,0.00,92988.00,''),
(373,49,58,'Pancing no 7 (Pancing Mustad 2335 No. 7)',11.0,11.0,77272.73,0.00,850000.03,''),
(374,49,61,'Kili-kili snap/ snep no 1',60.0,60.0,28737.50,0.00,1724250.00,''),
(375,49,69,'Kili-kili biasa no 3',60.0,60.0,10521.25,0.00,631275.00,''),
(376,49,70,'Kili-kili biasa no 4',60.0,60.0,10054.17,0.00,603250.20,''),
(377,49,72,'Kili-kili biasa no 6',120.0,120.0,7132.92,0.00,855950.40,''),
(378,49,73,'Kili-kili biasa no 8 (Swivel Putih 305 No. 8)',120.0,120.0,5486.25,0.00,658350.00,''),
(379,50,187,'Neklin',5.0,5.0,25000.00,0.00,125000.00,''),
(380,51,107,'Senter village 5720',12.0,12.0,80000.00,0.00,960000.00,''),
(381,52,117,'Papan Oli Cooler samping 6D (Cover)',2.0,2.0,340000.00,0.00,680000.00,''),
(382,52,737,'O Ring Oli Cooler 6D',2.0,2.0,30000.00,0.00,60000.00,''),
(383,52,740,'Packing Oli Cooler 6D',2.0,2.0,25000.00,0.00,50000.00,''),
(384,53,13,'Jas Hujan',12.0,12.0,100000.00,0.00,1200000.00,''),
(385,54,95,'Lem besi dexton 5 mnt',1.0,1.0,11833.00,0.00,11833.00,''),
(386,55,179,'Oli Mesin',1.0,1.0,21818.00,0.00,21818.00,''),
(387,56,83,'Mata Gergaji Besi (Sandflex 12 inch) 24T (TPI) BAHCO 18 Hologram Silver',100.0,100.0,10945.00,0.00,1094500.00,''),
(388,57,100,'Masker kain',5.0,5.0,45000.00,0.00,225000.00,''),
(389,57,1257,'Jarum Jahit 3 1/2 inch Lonceng',3.0,3.0,5000.00,0.00,15000.00,''),
(390,58,39,'Kain campur/ Warna',2000.0,2000.0,1300.00,0.00,2600000.00,''),
(391,59,187,'Neklin',9999.0,9999.0,25000.00,0.00,249975000.00,''),
(392,60,514,'Rokok Apace K (Kretek)',80.0,80.0,82500.00,0.00,6600000.00,''),
(393,61,283,'Gula',50.0,50.0,12200.00,0.00,610000.00,''),
(394,62,22,'Kompaan/ Pompa Ban/ Angin',15.0,15.0,52500.00,0.00,787500.00,''),
(395,63,1258,'Sepatu boot no 42',10.0,10.0,65000.00,0.00,650000.00,''),
(396,64,135,'Mug / Cangkir/ Gelas plastik kecil',12.0,0.0,4166.00,0.00,49992.00,''),
(397,64,36,'Spuyer kompor 203',10.0,0.0,3000.00,0.00,30000.00,''),
(398,64,23,'Kepala Kompor 203 (EMSTAR MT)',2.0,0.0,183000.00,0.00,366000.00,''),
(399,64,89,'Silet SDI / Pisau Lipat',3.0,0.0,7083.33,0.00,21249.99,''),
(400,64,41,'Pancing Apollo 4 inch',100.0,0.0,2600.00,0.00,260000.00,''),
(401,64,42,'Pancing udang-udangan 2.0',200.0,0.0,3600.00,0.00,720000.00,''),
(402,65,112,'Bohlam kaki 2 24v',1.0,0.0,3500.00,0.00,3500.00,''),
(403,65,111,'Fitting bohlam kaki 2',1.0,0.0,10000.00,0.00,10000.00,''),
(404,66,179,'Oli Mesin',220.0,220.0,21818.00,0.00,4799960.00,''),
(405,67,82,'Penggarisan Butterfly 30 cm (BT 30)',8.0,8.0,20000.00,0.00,160000.00,''),
(406,68,47,'Gunting ',96.0,96.0,2375.00,0.00,228000.00,''),
(407,68,49,'Kumis udang',9.0,9.0,32000.00,0.00,288000.00,''),
(408,68,94,'Lem dexton',100.0,100.0,5200.00,0.00,520000.00,''),
(409,69,1259,'Silikon Dinamo 10 KW (Matari) (STO-1-03 SILICON RECTIFIER (G))',2.0,2.0,50600.00,0.00,101200.00,''),
(410,70,125,'Asbes knalpot 3 in',5.0,5.0,175000.00,0.00,875000.00,''),
(411,71,283,'Gula',50.0,50.0,12200.00,0.00,610000.00,''),
(412,72,283,'Gula',50.0,50.0,12200.00,0.00,610000.00,''),
(413,72,285,'Terigu',25.0,25.0,6800.00,0.00,170000.00,''),
(414,73,286,'Beras',9.0,9.0,475000.00,0.00,4275000.00,''),
(415,73,302,'Minyak Goreng',4.0,4.0,277000.00,0.00,1108000.00,''),
(416,74,286,'Beras',9.0,9.0,475000.00,0.00,4275000.00,''),
(417,74,302,'Minyak Goreng',4.0,4.0,277000.00,0.00,1108000.00,''),
(418,75,101,'Solasiban/ Solasi Hitam (Nitto)',25.0,25.0,5500.00,0.00,137500.00,''),
(419,75,106,'Asbes Alumunium tape/prada',12.0,12.0,28000.00,0.00,336000.00,''),
(420,75,659,'Lakban Besar',12.0,12.0,8500.00,0.00,102000.00,''),
(421,76,34,'Selang kompor kuningan',25.0,25.0,38000.00,0.00,950000.00,''),
(422,76,36,'Spuyer kompor 203',100.0,100.0,3000.00,0.00,300000.00,''),
(423,76,37,'Jarum/ Colok kompor no 168',96.0,96.0,1042.00,0.00,100032.00,''),
(424,77,42,'Pancing udang-udangan 2.0',2500.0,2500.0,3600.00,0.00,9000000.00,''),
(425,78,1260,'Baut Stut/ Manipol 10 x 30',2.0,0.0,5000.00,0.00,10000.00,''),
(426,78,1261,'Baut Kop 6D',2.0,0.0,5000.00,0.00,10000.00,''),
(427,79,114,'Terminal L3',12.0,12.0,12500.00,0.00,150000.00,''),
(428,79,576,'Colokan/ Steker Listrik Broco/ Uticon',60.0,60.0,7500.00,0.00,450000.00,''),
(429,79,1262,'Kabel Serabut Jembo 2x1.5 (Meter)',100.0,100.0,7990.00,0.00,799000.00,''),
(430,80,192,'Batu Gurinda Amplas (Kinik)',50.0,50.0,11328.00,0.00,566400.00,''),
(431,81,25,'Termos Air Panas (Solaris)',12.0,12.0,57500.00,0.00,690000.00,''),
(432,81,27,'Samsi/susruk',12.0,12.0,8333.00,0.00,99996.00,''),
(433,82,49,'Kumis udang',15.0,15.0,32000.00,0.00,480000.00,''),
(434,82,56,'Cincin kecil',100.0,100.0,5000.00,0.00,500000.00,''),
(435,82,76,'Senar no 30',75.0,75.0,6933.00,0.00,519975.00,''),
(436,82,78,'senar no 50',100.0,100.0,10400.00,0.00,1040000.00,''),
(437,82,79,'Senar no 60',45.0,45.0,11555.00,0.00,519975.00,''),
(438,82,89,'Silet SDI / Pisau Lipat',24.0,24.0,7500.00,0.00,180000.00,''),
(439,83,1137,'Piring Kaleng 22inch (Pcs)',120.0,120.0,7083.00,0.00,849960.00,''),
(440,84,31,'Sendok',10.0,10.0,11000.00,0.00,110000.00,''),
(441,85,135,'Mug / Cangkir/ Gelas plastik kecil',120.0,120.0,3916.00,0.00,469920.00,''),
(442,86,286,'Beras',10.0,10.0,475000.00,0.00,4750000.00,''),
(443,86,302,'Minyak Goreng',5.0,5.0,282000.00,0.00,1410000.00,''),
(444,87,1233,'test1',1.0,1.0,10000.00,0.00,10000.00,''),
(445,88,39,'Kain campur/ Warna',1.0,1.0,1300.00,0.00,1300.00,''),
(448,88,1233,'test1',30.0,0.0,10000.00,0.00,300000.00,''),
(449,88,1232,'Penggorengan no 16',30.0,0.0,60000.00,0.00,1800000.00,''),
(450,89,1233,'test1',30.0,0.0,10000.00,0.00,300000.00,''),
(451,89,1232,'Penggorengan no 16',30.0,0.0,60000.00,0.00,1800000.00,''),
(453,90,1233,'test1',5.0,0.0,10000.00,0.00,50000.00,''),
(454,90,1232,'Penggorengan no 16',5.0,0.0,60000.00,0.00,300000.00,''),
(455,91,1233,'test1',100.0,0.0,10000.00,0.00,1000000.00,''),
(456,91,1232,'Penggorengan no 16',100.0,0.0,60000.00,0.00,6000000.00,'');

/*Table structure for table `trn_incoming_stock_03` */

DROP TABLE IF EXISTS `trn_incoming_stock_03`;

CREATE TABLE `trn_incoming_stock_03` (
  `is_03_id` int(11) NOT NULL AUTO_INCREMENT COMMENT 'Id Is 02',
  `is_id` int(11) DEFAULT NULL COMMENT 'Id Is',
  `cost_name` varchar(250) DEFAULT NULL COMMENT 'Nama biaya',
  `cost_value` decimal(10,1) DEFAULT NULL,
  PRIMARY KEY (`is_03_id`)
) ENGINE=InnoDB AUTO_INCREMENT=5 DEFAULT CHARSET=latin1;

/*Data for the table `trn_incoming_stock_03` */

insert  into `trn_incoming_stock_03`(`is_03_id`,`is_id`,`cost_name`,`cost_value`) values 
(1,2,'Biaya 1',100000.0),
(2,2,'Biaya 2',40000.0),
(3,3,'Biaya 1',56000.0),
(4,6,'Test',1000000.0);

/*Table structure for table `trn_invoice_01` */

DROP TABLE IF EXISTS `trn_invoice_01`;

CREATE TABLE `trn_invoice_01` (
  `invoice_id` int(11) NOT NULL COMMENT 'Id Tabel',
  `invoice_date` date DEFAULT NULL COMMENT 'Tanggal',
  `invoice_no` varchar(15) DEFAULT NULL COMMENT 'Nomor Dokumen',
  `doc_ref` varchar(15) DEFAULT NULL,
  `warehouse_id` int(11) DEFAULT NULL,
  `warehouse_name` varchar(55) DEFAULT NULL COMMENT 'Nama Project',
  `company_id` int(10) DEFAULT NULL COMMENT 'Id Company',
  `company_name` varchar(50) DEFAULT NULL COMMENT 'Nama Company',
  `fc_id` int(11) DEFAULT NULL COMMENT 'Id Customer',
  `fc_name` varchar(100) DEFAULT NULL COMMENT 'Nama Customer',
  `total_owner_price` decimal(14,2) DEFAULT 0.00 COMMENT 'Total Owner Price',
  `total_cust_price` decimal(14,2) DEFAULT 0.00 COMMENT 'Total Cust Price',
  `total_gov_price` decimal(14,2) DEFAULT 0.00 COMMENT 'Total Government Price',
  `remarks` varchar(200) DEFAULT NULL COMMENT 'Keterangan',
  `doc_status` varchar(15) DEFAULT NULL COMMENT 'New, Outstanding, Closed',
  `is_cancel` tinyint(1) DEFAULT 0 COMMENT 'Flag Pembatalan',
  `disc_value` decimal(12,2) DEFAULT 0.00,
  `disc_percent` decimal(5,2) DEFAULT 0.00,
  `pic_input` varchar(15) DEFAULT NULL,
  `input_time` datetime DEFAULT NULL,
  `pic_edit` varchar(15) DEFAULT NULL,
  `edit_time` datetime DEFAULT NULL,
  PRIMARY KEY (`invoice_id`),
  UNIQUE KEY `sales_no` (`invoice_no`),
  KEY `company_id` (`company_id`),
  KEY `fc_id` (`fc_id`),
  KEY `trn_sales_01_ibfk_1` (`warehouse_id`)
) ENGINE=InnoDB DEFAULT CHARSET=latin1;

/*Data for the table `trn_invoice_01` */

insert  into `trn_invoice_01`(`invoice_id`,`invoice_date`,`invoice_no`,`doc_ref`,`warehouse_id`,`warehouse_name`,`company_id`,`company_name`,`fc_id`,`fc_name`,`total_owner_price`,`total_cust_price`,`total_gov_price`,`remarks`,`doc_status`,`is_cancel`,`disc_value`,`disc_percent`,`pic_input`,`input_time`,`pic_edit`,`edit_time`) values 
(1,'2021-07-27','IN2021070001','SL2021060001',4,'',1,'Suhanda Souwmpie',4,'Berkat Bintang Mas',0.00,935000.00,0.00,'Paketan Berkat Bintang Mas','New',0,0.00,0.00,'1','2021-07-27 08:48:11',NULL,NULL),
(2,'2021-07-27','IN2021070002','SL2021070002',4,'',1,'Suhanda Souwmpie',3,'Putra Bintang Mas I (Suhanda)',0.00,1870000.00,0.00,'Paketan Putra Bintang Mas I Trip 2 2021','Closed',0,0.00,0.00,'1','2021-07-27 08:51:52',NULL,NULL),
(3,'2021-07-27','IN2021070003','SL2021070003',4,'',1,'Suhanda Souwmpie',7,'Bintang Mas (Suhanda)',0.00,50000.00,0.00,'Bintang Mas Trip 1 2021','New',0,0.00,0.00,'1','2021-07-27 08:53:30',NULL,NULL),
(4,'2021-07-27','IN2021070004','SL2021070004',4,'',1,'Suhanda Souwmpie',7,'Bintang Mas (Suhanda)',0.00,1928000.00,0.00,'Bintang Mas Trip 2 2021','New',0,0.00,0.00,'1','2021-07-27 08:55:46',NULL,NULL),
(5,'2021-07-27','IN2021070005','SL2021070005',4,'',1,'Suhanda Souwmpie',8,'Bintang Mas II (Levondi)',0.00,960000.00,0.00,'','Closed',0,0.00,0.00,'1','2021-07-27 08:57:10',NULL,NULL),
(6,'2021-07-27','IN2021070006','SL2021060003',4,'',1,'Suhanda Souwmpie',8,'Bintang Mas II (Levondi)',0.00,1960700.00,0.00,'Bintang Mas II Trip 2 2021','Closed',0,0.00,0.00,'1','2021-07-27 10:02:51',NULL,NULL),
(7,'2021-07-27','IN2021070007','SL2021060004',4,'',1,'Suhanda Souwmpie',8,'Bintang Mas II (Levondi)',0.00,18040.00,0.00,'Bintang Mas II Trip 2 2021','Closed',0,0.00,0.00,'1','2021-07-27 10:06:26',NULL,NULL),
(8,'2021-07-27','IN2021070008','SL2021060005',4,'',1,'Suhanda Souwmpie',8,'Bintang Mas II (Levondi)',0.00,84531.00,0.00,'Bintang Mas II Trip 2 2021','Closed',0,0.00,0.00,'1','2021-07-27 10:12:51',NULL,NULL),
(9,'2021-07-27','IN2021070009','SL2021060006',4,'',1,'Suhanda Souwmpie',6,'Putra Bintang Mas III (Levondi)',0.00,2448400.00,0.00,'Putra Bintang Mas III Trip 2 2021','Closed',0,0.00,0.00,'1','2021-07-27 11:05:59',NULL,NULL),
(10,'2021-07-27','IN2021070010','SL2021060007',4,'',1,'Suhanda Souwmpie',6,'Putra Bintang Mas III (Levondi)',0.00,53900.00,0.00,'Putra Bintang Mas III Trip 2 2021','Closed',0,0.00,0.00,'1','2021-07-27 11:13:01',NULL,NULL),
(11,'2021-07-27','IN2021070011','SL2021060008',4,'',1,'Suhanda Souwmpie',6,'Putra Bintang Mas III (Levondi)',0.00,55198.00,0.00,'Putra Bintang Mas III Trip 2 2021','Closed',0,0.00,0.00,'1','2021-07-27 11:17:00',NULL,NULL),
(12,'2021-08-05','IN2021080001','SL2021070009',4,'',1,'Suhanda Souwmpie',6,'Putra Bintang Mas III (Levondi)',0.00,95040.00,0.00,'Putra Bintang Mas III Trip 2 2021 (Kekurangan 18pcs Lem Dexton  SL2021070008)','Closed',0,0.00,0.00,'1','2021-08-05 09:14:48',NULL,NULL),
(13,'2021-08-10','IN2021080002','SL2021080002',4,'',1,'Suhanda Souwmpie',5,'Putra Bintang Mas II (Suhanda)',0.00,997000.00,0.00,'Oli Mesin','New',0,0.00,0.00,'1','2021-08-10 06:59:52',NULL,NULL),
(14,'2021-08-10','IN2021080003','SL2021080003',4,'',1,'Suhanda Souwmpie',9,'Marbella (Levondi)',0.00,1920000.00,0.00,'Marbella Trip 2 2021','Closed',0,0.00,0.00,'1','2021-08-10 07:00:24',NULL,NULL),
(15,'2021-08-10','IN2021080004','SL2021080004',4,'',1,'Suhanda Souwmpie',9,'Marbella (Levondi)',0.00,310690.00,0.00,'Marbella Trip 2 2021','Closed',0,0.00,0.00,'1','2021-08-10 07:14:08',NULL,NULL),
(16,'2021-08-26','IN2021080005','SL2021070008',4,'',1,'Suhanda Souwmpie',6,'Putra Bintang Mas III (Levondi)',0.00,10492442.20,0.00,'Putra Bintang Mas III Trip 2 2021','Closed',0,0.00,0.00,'1','2021-08-26 06:28:34',NULL,NULL),
(17,'2021-08-26','IN2021080006','SL2021070011',4,'',1,'Suhanda Souwmpie',8,'Bintang Mas II (Levondi)',0.00,7576083.40,0.00,'Bintang Mas II Trip 2 2021','Closed',0,0.00,0.00,'1','2021-08-26 06:49:17',NULL,NULL),
(18,'2021-08-26','IN2021080007','SL2021070012',4,'',1,'Suhanda Souwmpie',9,'Marbella (Levondi)',0.00,744440.40,0.00,'Marbella Trip 2 2021','Closed',0,0.00,0.00,'1','2021-08-26 07:46:24',NULL,NULL),
(19,'2021-08-26','IN2021080008','SL2021070013',4,'',1,'Suhanda Souwmpie',10,'Irwan Jaya (Levondi)',0.00,961400.00,0.00,'Irwan Jaya Trip 2 2021 (Paketan)','Closed',0,0.00,0.00,'1','2021-08-26 07:51:24',NULL,NULL),
(20,'2021-08-26','IN2021080009','SL2021080005',4,'',1,'Suhanda Souwmpie',10,'Irwan Jaya (Levondi)',0.00,286000.00,0.00,'Irwan Jaya Trip 2 2021 (Paketan)','Closed',0,0.00,0.00,'1','2021-08-26 08:00:08',NULL,NULL),
(21,'2021-08-26','IN2021080010','SL2021060009',4,'',1,'Suhanda Souwmpie',4,'Berkat Bintang Mas (Suhanda)',0.00,935000.00,0.00,'Berkat Bintang Mas Trip 1 2021 (Paketan)','New',0,0.00,0.00,'1','2021-08-26 08:04:21',NULL,NULL),
(22,'2021-08-26','IN2021080011','SL2021070014',4,'',1,'Suhanda Souwmpie',7,'Bintang Mas (Suhanda)',0.00,49500.00,0.00,'Bintang Mas Trip 2 2021','New',0,0.00,0.00,'1','2021-08-26 08:07:29',NULL,NULL),
(23,'2021-08-27','IN2021080012','SL2021070010',4,'',1,'Suhanda Souwmpie',6,'Putra Bintang Mas III (Levondi)',0.00,769131.00,0.00,'Paketan Putra Bintang Mas III Trip 2 2021','New',1,0.00,0.00,'1','2021-08-27 03:42:49',NULL,NULL),
(24,'2021-09-02','IN2021090001','SL2021080006',4,'',1,'Suhanda Souwmpie',3,'Putra Bintang Mas I (Suhanda)',0.00,136400.00,0.00,'Paketan Putra Bintang Mas I Trip 2 2021 (Dastim)','Closed',0,0.00,0.00,'1','2021-09-02 06:50:12',NULL,NULL),
(25,'2021-09-02','IN2021090002','SL2021080007',4,'',1,'Suhanda Souwmpie',10,'Irwan Jaya (Levondi)',0.00,1993884.20,0.00,'Irwan Jaya Trip 3 2021','Closed',0,0.00,0.00,'1','2021-09-02 07:16:34',NULL,NULL),
(26,'2021-09-02','IN2021090003','SL2021080008',4,'',1,'Suhanda Souwmpie',5,'Putra Bintang Mas II (Suhanda)',0.00,255455.20,0.00,' Putra Bintang Mas II Trip 2 2021','Closed',0,0.00,0.00,'1','2021-09-02 07:49:09',NULL,NULL),
(27,'2021-09-02','IN2021090004','SL2021080009',4,'',1,'Suhanda Souwmpie',10,'Irwan Jaya (Levondi)',0.00,146478.20,0.00,'Irwan Jaya Trip 3 2021','Closed',0,0.00,0.00,'1','2021-09-02 08:27:12',NULL,NULL),
(28,'2021-09-02','IN2021090005','SL2021080010',4,'',1,'Suhanda Souwmpie',10,'Irwan Jaya (Levondi)',0.00,170500.00,0.00,'Irwan Jaya Trip 3 2021','Closed',0,0.00,0.00,'1','2021-09-02 09:15:01',NULL,NULL),
(29,'2021-09-02','IN2021090006','SL2021080011',4,'',1,'Suhanda Souwmpie',5,'Putra Bintang Mas II (Suhanda)',0.00,117700.00,0.00,'Putra Bintang Mas II Trip 2 2021','Closed',0,0.00,0.00,'1','2021-09-02 09:20:06',NULL,NULL),
(30,'2021-09-02','IN2021090007','SL2021090001',4,'',1,'Suhanda Souwmpie',3,'Putra Bintang Mas I (Suhanda)',0.00,440000.00,0.00,'Putra Bintang Mas I','Closed',0,0.00,0.00,'1','2021-09-02 09:48:13',NULL,NULL),
(31,'2021-09-03','IN2021090008','SL2021080012',4,'',1,'Suhanda Souwmpie',11,'Es (Aseng)',0.00,431996.40,0.00,'B 9744 JQO dan B 9242 VZM','New',0,0.00,0.00,'1','2021-09-03 06:23:29',NULL,NULL),
(32,'2021-09-03','IN2021090009','SL2021080013',4,'',1,'Suhanda Souwmpie',11,'Es (Aseng)',0.00,23999.80,0.00,'B 9424 VZM','New',0,0.00,0.00,'1','2021-09-03 06:39:14',NULL,NULL),
(33,'2021-09-03','IN2021090010','SL2021070015',4,'',1,'Suhanda Souwmpie',11,'Es (Aseng)',0.00,13016.30,0.00,'B 9649 CQB','New',0,0.00,0.00,'1','2021-09-03 06:39:59',NULL,NULL),
(34,'2021-09-06','IN2021090011','SL2021090002',4,'',1,'Suhanda Souwmpie',5,'Putra Bintang Mas II (Suhanda)',0.00,8169961.41,0.00,'Putra Bintang Mas II Trip 2 2021 (Alat Dapur dan Pancing)','Closed',0,0.00,0.00,'1','2021-09-06 05:39:29',NULL,NULL),
(35,'2021-09-06','IN2021090012','SL2021090003',4,'',1,'Suhanda Souwmpie',9,'Marbella (Levondi)',0.00,5500.00,0.00,'Paketan Marbella Trip 2 2021','New',0,0.00,0.00,'1','2021-09-06 06:41:05',NULL,NULL),
(36,'2021-09-14','IN2021090013','SL2021090004',4,'',1,'Suhanda Souwmpie',5,'Putra Bintang Mas II (Suhanda)',0.00,545600.00,0.00,'Putra Bintang Mas II Trip 2 2021','Closed',0,0.00,0.00,'1','2021-09-14 05:06:26',NULL,NULL),
(37,'2021-09-14','IN2021090014','SL2021090005',4,'',1,'Suhanda Souwmpie',10,'Irwan Jaya (Levondi)',0.00,682000.00,0.00,'Irwan Jaya Trip 3 2021','Closed',0,0.00,0.00,'1','2021-09-14 05:09:23',NULL,NULL),
(38,'2021-09-21','IN2021090015','SL2021070016',4,'',1,'Suhanda Souwmpie',3,'Putra Bintang Mas I (Suhanda)',0.00,769131.00,0.00,'Putra Bintang Mas I Trip 1 2021','Closed',0,0.00,0.00,'1','2021-09-21 06:55:49',NULL,NULL),
(39,'2021-09-21','IN2021090016','SL2021090007',4,'',1,'Suhanda Souwmpie',10,'Irwan Jaya (Levondi)',0.00,10189668.47,0.00,'Irwan Jaya Trip 3 2021 Alat Pancing dan Alat Dapur','Closed',0,0.00,0.00,'1','2021-09-21 07:14:17',NULL,NULL),
(40,'2021-09-21','IN2021090017','SL2021090008',4,'',1,'Suhanda Souwmpie',10,'Irwan Jaya (Levondi)',0.00,389400.00,0.00,'Irwan Jaya Trip 3 2021','Closed',0,0.00,0.00,'1','2021-09-21 07:59:47',NULL,NULL),
(41,'2021-09-21','IN2021090018','SL2021090009',4,'',1,'Suhanda Souwmpie',4,'Berkat Bintang Mas (Suhanda)',0.00,509295.60,0.00,'Berkat Bintang Mas Trip 2 2021','New',0,0.00,0.00,'1','2021-09-21 08:22:16',NULL,NULL),
(42,'2021-10-06','IN2021100001','SL2021060010',4,'',1,'Suhanda Souwmpie',3,'Putra Bintang Mas I (Suhanda)',0.00,1591966.18,0.00,'Putra Bintang Mas I Trip 2 2021 (Dastim)','New',0,0.00,0.00,'1','2021-10-06 06:37:32',NULL,NULL),
(43,'2021-10-06','IN2021100002','SL2021100001',4,'',1,'Suhanda Souwmpie',4,'Berkat Bintang Mas (Suhanda)',0.00,14850.00,0.00,'Berkat Bintang Mas Trip 2 2021','New',0,0.00,0.00,'1','2021-10-06 08:36:08',NULL,NULL),
(44,'2021-10-06','IN2021100003','SL2021100002',4,'',1,'Suhanda Souwmpie',3,'Putra Bintang Mas I (Suhanda)',0.00,1459238.00,0.00,'Putra Bintang Mas I Trip 3 2021','New',0,0.00,0.00,'1','2021-10-06 08:38:27',NULL,NULL),
(45,'2021-10-09','IN2021100004','SL2021100004',4,'',1,'Suhanda Souwmpie',3,'Putra Bintang Mas I (Suhanda)',0.00,307541.66,0.00,'Putra Bintang Mas I Trip 3 2021','New',0,0.00,0.00,'1','2021-10-09 07:49:05',NULL,NULL),
(46,'2021-10-15','IN2021100005','SL2021100005',4,'',1,'Suhanda Souwmpie',4,'Berkat Bintang Mas (Suhanda)',0.00,765600.00,0.00,'Berkat Bintang Mas Trip 3 2021','New',0,0.00,0.00,'1','2021-10-15 05:54:09',NULL,NULL),
(47,'2021-10-15','IN2021100006','SL2021100006',4,'',1,'Suhanda Souwmpie',3,'Putra Bintang Mas I (Suhanda)',0.00,30349.00,0.00,'Putra Bintang Mas I Trip 3 2021','New',0,0.00,0.00,'1','2021-10-15 06:10:32',NULL,NULL),
(48,'2021-10-15','IN2021100007','SL2021100007',4,'',1,'Suhanda Souwmpie',4,'Berkat Bintang Mas (Suhanda)',0.00,12202704.06,0.00,'Berkat Bintang Mas Trip 3 2021','New',0,0.00,0.00,'1','2021-10-15 07:24:32',NULL,NULL),
(49,'2021-10-15','IN2021100008','SL2021100008',4,'',1,'Suhanda Souwmpie',4,'Berkat Bintang Mas (Suhanda)',0.00,1738000.00,0.00,'Berkat Bintang Mas Trip 3 2021','New',0,0.00,0.00,'1','2021-10-15 07:28:27',NULL,NULL),
(50,'2021-10-15','IN2021100009','SL2021100009',4,'',1,'Suhanda Souwmpie',3,'Putra Bintang Mas I (Suhanda)',0.00,1075349.00,0.00,'Putra Bintang Mas I Trip 3 2021','New',0,0.00,0.00,'1','2021-10-15 07:40:05',NULL,NULL),
(51,'2021-10-15','IN2021100010','SL2021100010',4,'',1,'Suhanda Souwmpie',3,'Putra Bintang Mas I (Suhanda)',0.00,13750.00,0.00,'Putra Bintang Mas I Trip 3 2021','New',0,0.00,0.00,'1','2021-10-15 07:43:38',NULL,NULL),
(52,'2021-10-15','IN2021100011','SL2021100010',4,'',1,'Suhanda Souwmpie',3,'Putra Bintang Mas I (Suhanda)',0.00,13750.00,0.00,'Putra Bintang Mas I Trip 3 2021','New',1,0.00,0.00,'1','2021-10-15 07:43:44',NULL,NULL),
(53,'2021-10-15','IN2021100012','SL2021100011',4,'',1,'Suhanda Souwmpie',3,'Putra Bintang Mas I (Suhanda)',0.00,61050.00,0.00,'Putra Bintang Mas I Trip 3 2021','New',0,0.00,0.00,'1','2021-10-15 07:48:14',NULL,NULL),
(54,'2021-10-18','IN2021100013','SL2021100012',4,'',1,'Suhanda Souwmpie',3,'Putra Bintang Mas I (Suhanda)',0.00,765600.00,0.00,'Putra Bintang Mas I Trip 3 2021','New',0,0.00,0.00,'1','2021-10-18 05:58:52',NULL,NULL),
(55,'2021-10-18','IN2021100014','SL2021100013',4,'',1,'Suhanda Souwmpie',4,'Berkat Bintang Mas (Suhanda)',0.00,5891600.00,0.00,'Berkat Bintang Mas Trip 2 2021','New',0,0.00,0.00,'1','2021-10-18 05:59:18',NULL,NULL),
(56,'2021-10-18','IN2021100015','SL2021100014',4,'',1,'Suhanda Souwmpie',9,'Marbella (Levondi)',0.00,1469138.00,0.00,'Marbella Trip 3 2021','New',0,0.00,0.00,'1','2021-10-18 09:14:09',NULL,NULL),
(57,'2021-10-18','IN2021100016','SL2021100015',4,'',1,'Suhanda Souwmpie',9,'Marbella (Levondi)',0.00,106241.66,0.00,'Marbella Trip 3 2021','New',0,0.00,0.00,'1','2021-10-18 09:14:57',NULL,NULL),
(58,'2021-10-18','IN2021100017','SL2021100016',4,'',1,'Suhanda Souwmpie',6,'Putra Bintang Mas III (Levondi)',0.00,1459238.00,0.00,'Putra Bintang Mas I Trip 3 2021','New',0,0.00,0.00,'1','2021-10-18 09:16:27',NULL,NULL),
(59,'2021-10-18','IN2021100018','SL2021100017',4,'',1,'Suhanda Souwmpie',3,'Putra Bintang Mas I (Suhanda)',0.00,52734.00,0.00,'Putra Bintang Mas I Trip 3 2021','New',0,0.00,0.00,'1','2021-10-18 09:17:16',NULL,NULL),
(60,'2021-10-22','IN2021100019','SL2021100018',4,'',1,'Suhanda Souwmpie',3,'Putra Bintang Mas I (Suhanda)',0.00,6677000.00,0.00,'Putra Bintang Mas I Trip 3 2021','New',0,0.00,0.00,'1','2021-10-22 08:23:26',NULL,NULL),
(61,'2021-11-02','IN2021110001','SL2021110001',4,'',1,'Suhanda Souwmpie',3,'Putra Bintang Mas I (Suhanda)',0.00,1313000.00,0.00,'','New',0,0.00,0.00,'1','2021-11-02 16:03:17',NULL,NULL),
(62,'2021-11-02','IN2021110002','SL2021110001',4,'',1,'Suhanda Souwmpie',3,'Putra Bintang Mas I (Suhanda)',0.00,1313000.00,0.00,'','New',0,0.00,0.00,'1','2021-11-02 16:06:40',NULL,NULL),
(63,'2021-11-02','IN2021110003','SL2021110001',4,'',1,'Suhanda Souwmpie',3,'Putra Bintang Mas I (Suhanda)',0.00,1313000.00,0.00,'','New',0,0.00,0.00,'1','2021-11-02 16:10:22',NULL,NULL),
(64,'2021-11-02','IN2021110004','SL2021110002',4,'',1,'Suhanda Souwmpie',3,'Putra Bintang Mas I (Suhanda)',0.00,405000.00,0.00,'','New',0,0.00,0.00,'1','2021-11-02 16:16:51',NULL,NULL),
(65,'2021-11-02','IN2021110005','SL2021110002',4,'',1,'Suhanda Souwmpie',3,'Putra Bintang Mas I (Suhanda)',0.00,405000.00,0.00,'','New',0,0.00,0.00,'1','2021-11-02 16:17:09',NULL,NULL),
(66,'2021-11-02','IN2021110006','SL2021110002',4,'',1,'Suhanda Souwmpie',3,'Putra Bintang Mas I (Suhanda)',0.00,405000.00,0.00,'','New',0,0.00,0.00,'1','2021-11-02 16:18:19',NULL,NULL),
(67,'2021-11-02','IN2021110007','SL2021110002',4,'',1,'Suhanda Souwmpie',3,'Putra Bintang Mas I (Suhanda)',0.00,405000.00,0.00,'','New',0,0.00,0.00,'1','2021-11-02 16:19:26',NULL,NULL),
(68,'2021-11-02','IN2021110008','SL2021110002',4,'',1,'Suhanda Souwmpie',3,'Putra Bintang Mas I (Suhanda)',0.00,405000.00,0.00,'','New',0,0.00,0.00,'1','2021-11-02 16:20:43',NULL,NULL),
(69,'2021-11-02','IN2021110009','SL2021110002',4,'',1,'Suhanda Souwmpie',3,'Putra Bintang Mas I (Suhanda)',0.00,405000.00,0.00,'','New',0,0.00,0.00,'1','2021-11-02 16:21:23',NULL,NULL),
(70,'2021-11-02','IN2021110010','SL2021110002',4,'',1,'Suhanda Souwmpie',3,'Putra Bintang Mas I (Suhanda)',0.00,405000.00,0.00,'','New',0,0.00,0.00,'1','2021-11-02 16:22:44',NULL,NULL),
(71,'2021-11-02','IN2021110011','SL2021110002',4,'',1,'Suhanda Souwmpie',3,'Putra Bintang Mas I (Suhanda)',0.00,405000.00,0.00,'','New',0,0.00,0.00,'1','2021-11-02 16:25:09',NULL,NULL),
(72,'2021-11-02','IN2021110012','SL2021110002',4,'',1,'Suhanda Souwmpie',3,'Putra Bintang Mas I (Suhanda)',0.00,405000.00,0.00,'','New',1,0.00,0.00,'1','2021-11-02 16:26:27',NULL,NULL),
(73,'2021-11-02','IN2021110013','SL2021110003',4,'',1,'Suhanda Souwmpie',3,'Putra Bintang Mas I (Suhanda)',0.00,1570000.00,0.00,'','New',0,0.00,0.00,'1','2021-11-02 16:40:45',NULL,NULL);

/*Table structure for table `trn_invoice_02` */

DROP TABLE IF EXISTS `trn_invoice_02`;

CREATE TABLE `trn_invoice_02` (
  `invoice_02_id` int(11) NOT NULL AUTO_INCREMENT COMMENT 'Id Detail',
  `invoice_id` int(11) DEFAULT NULL COMMENT 'Id header',
  `items_id` int(11) DEFAULT NULL COMMENT 'Id Barang',
  `items_name` varchar(250) DEFAULT NULL COMMENT 'Nama Ikan',
  `owner_price` decimal(12,2) DEFAULT 0.00 COMMENT 'Harga Owner',
  `cust_price` decimal(12,2) DEFAULT 0.00 COMMENT 'Harga Customer',
  `gov_price` decimal(12,2) DEFAULT 0.00 COMMENT 'Harga Pemprov',
  `qty` decimal(7,1) DEFAULT 0.0 COMMENT 'Qty Masuk',
  `disc_value` decimal(12,2) DEFAULT 0.00,
  `disc_percent` decimal(5,2) DEFAULT 0.00,
  `subtotal` decimal(14,2) DEFAULT 0.00 COMMENT 'Subtotal',
  `remarks` varchar(200) DEFAULT NULL COMMENT 'Info',
  PRIMARY KEY (`invoice_02_id`),
  KEY `trn_sales_02_ibfk_5` (`items_id`),
  KEY `sales_id` (`invoice_id`)
) ENGINE=InnoDB AUTO_INCREMENT=448 DEFAULT CHARSET=latin1;

/*Data for the table `trn_invoice_02` */

insert  into `trn_invoice_02`(`invoice_02_id`,`invoice_id`,`items_id`,`items_name`,`owner_price`,`cust_price`,`gov_price`,`qty`,`disc_value`,`disc_percent`,`subtotal`,`remarks`) values 
(1,1,39,'Kain campur/ Warna',0.00,1430.00,0.00,100.0,0.00,0.00,143000.00,''),
(2,1,42,'Pancing udang-udangan 2.0',0.00,3960.00,0.00,200.0,0.00,0.00,792000.00,''),
(3,2,129,'Saringan radiator CH 400',0.00,1870000.00,0.00,1.0,0.00,0.00,1870000.00,''),
(4,3,100,'Masker kain',0.00,50000.00,0.00,1.0,0.00,0.00,50000.00,''),
(5,4,89,'Silet SDI / Pisau Lipat',0.00,8000.00,0.00,1.0,0.00,0.00,8000.00,''),
(6,4,179,'Oli Mesin',0.00,24000.00,0.00,80.0,0.00,0.00,1920000.00,''),
(7,5,179,'Oli Mesin',0.00,24000.00,0.00,40.0,0.00,0.00,960000.00,''),
(8,6,7,'Sarung tangan kain /No.6 B',0.00,25300.00,0.00,1.0,0.00,0.00,25300.00,''),
(9,6,179,'Oli Mesin',0.00,24000.00,0.00,80.0,0.00,0.00,1920000.00,''),
(10,6,222,'Kain Lap',0.00,7700.00,0.00,2.0,0.00,0.00,15400.00,''),
(11,7,84,'Siltip/ Onda/ Selotip',0.00,4180.00,0.00,3.0,0.00,0.00,12540.00,''),
(12,7,190,'Batu Gurinda Potong (WD)',0.00,2750.00,0.00,2.0,0.00,0.00,5500.00,''),
(13,8,205,'Ring Baja Hitam 1/2',0.00,312.00,0.00,36.0,0.00,0.00,11232.00,''),
(14,8,214,'As Drat 1/2 inch',0.00,11233.00,0.00,3.0,0.00,0.00,33699.00,''),
(15,8,289,'Mur 1/2',0.00,1100.00,0.00,36.0,0.00,0.00,39600.00,''),
(16,9,7,'Sarung tangan kain /No.6 B',0.00,25300.00,0.00,1.0,0.00,0.00,25300.00,''),
(17,9,179,'Oli Mesin',0.00,24000.00,0.00,100.0,0.00,0.00,2400000.00,''),
(18,9,222,'Kain Lap',0.00,7700.00,0.00,3.0,0.00,0.00,23100.00,''),
(19,10,1224,'Senter Push On 3watt',0.00,53900.00,0.00,1.0,0.00,0.00,53900.00,''),
(20,11,98,'Pisau kater (cutter) besar',0.00,38500.00,0.00,1.0,0.00,0.00,38500.00,''),
(21,11,192,'Batu Gurinda Amplas (Kinik)',0.00,8349.00,0.00,2.0,0.00,0.00,16698.00,''),
(42,12,94,'Lem dexton',0.00,5280.00,0.00,18.0,0.00,0.00,95040.00,''),
(43,13,7,'Sarung tangan kain /No.6 B',0.00,25300.00,0.00,1.0,0.00,0.00,25300.00,''),
(44,13,22,'Kompaan/ Pompa Ban/ Angin',0.00,71500.00,0.00,1.0,0.00,0.00,71500.00,''),
(45,13,23,'Kepala Kompor 203 (EMSTAR MT)',0.00,201300.00,0.00,2.0,0.00,0.00,402600.00,''),
(46,13,37,'Jarum/ Colok kompor no 168',0.00,2200.00,0.00,8.0,0.00,0.00,17600.00,''),
(47,13,179,'Oli Mesin',0.00,24000.00,0.00,20.0,0.00,0.00,480000.00,''),
(48,14,179,'Oli Mesin',0.00,24000.00,0.00,80.0,0.00,0.00,1920000.00,''),
(49,15,190,'Batu Gurinda Potong (WD)',0.00,2750.00,0.00,3.0,0.00,0.00,8250.00,''),
(50,15,194,'Klem Selang 1 3/4 inch',0.00,3850.00,0.00,5.0,0.00,0.00,19250.00,''),
(51,15,205,'Ring Baja Hitam 1/2',0.00,312.40,0.00,14.0,0.00,0.00,4373.60,''),
(52,15,214,'As Drat 1/2 inch',0.00,11233.20,0.00,2.0,0.00,0.00,22466.40,''),
(53,15,220,'Selang Kawat 1 inch',0.00,34000.00,0.00,5.0,0.00,0.00,170000.00,''),
(54,15,289,'Mur 1/2',0.00,1100.00,0.00,14.0,0.00,0.00,15400.00,''),
(55,15,382,'Ring Per/ Ver Baja 1/2',0.00,550.00,0.00,12.0,0.00,0.00,6600.00,''),
(56,15,706,'(Vlog) V. Ring ss 304 1 1/4 x 1/2inch (Bering)',0.00,34100.00,0.00,1.0,0.00,0.00,34100.00,''),
(57,15,1181,'HOSE Nepple 1 1/4 ss (Pipa)',0.00,30250.00,0.00,1.0,0.00,0.00,30250.00,''),
(58,16,1,'Langseng/ Dandang 32inch',0.00,220000.00,0.00,2.0,0.00,0.00,440000.00,''),
(59,16,7,'Sarung tangan kain /No.6 B',0.00,25300.00,0.00,2.0,0.00,0.00,50600.00,''),
(60,16,9,'Sarung tangan karet',0.00,16500.00,0.00,12.0,0.00,0.00,198000.00,''),
(61,16,22,'Kompaan/ Pompa Ban/ Angin',0.00,71500.00,0.00,1.0,0.00,0.00,71500.00,''),
(62,16,23,'Kepala Kompor 203 (EMSTAR MT)',0.00,201300.00,0.00,6.0,0.00,0.00,1207800.00,''),
(63,16,25,'Termos Air Panas (Solaris)',0.00,56833.70,0.00,2.0,0.00,0.00,113667.40,''),
(64,16,31,'Sendok',0.00,8800.00,0.00,1.0,0.00,0.00,8800.00,''),
(65,16,33,'Serop/ Serok kerupuk 8 inch',0.00,16500.00,0.00,1.0,0.00,0.00,16500.00,''),
(66,16,34,'Selang kompor kuningan',0.00,36300.00,0.00,3.0,0.00,0.00,108900.00,''),
(67,16,36,'Spuyer kompor 203',0.00,3300.00,0.00,10.0,0.00,0.00,33000.00,''),
(68,16,37,'Jarum/ Colok kompor no 168',0.00,2200.00,0.00,10.0,0.00,0.00,22000.00,''),
(69,16,39,'Kain campur/ Warna',0.00,1430.00,0.00,150.0,0.00,0.00,214500.00,''),
(70,16,40,'Kain putih (3x1.5)m',0.00,11770.00,0.00,100.0,0.00,0.00,1177000.00,''),
(71,16,41,'Pancing Apollo 4 inch',0.00,2860.00,0.00,200.0,0.00,0.00,572000.00,''),
(72,16,42,'Pancing udang-udangan 2.0',0.00,3960.00,0.00,400.0,0.00,0.00,1584000.00,''),
(73,16,43,'Pancing udang-udangan 3.5',0.00,8800.00,0.00,10.0,0.00,0.00,88000.00,''),
(74,16,47,'Gunting ',0.00,2612.50,0.00,12.0,0.00,0.00,31350.00,''),
(75,16,48,'Jarum jahit',0.00,1031.25,0.00,5.0,0.00,0.00,5156.25,''),
(76,16,49,'Kumis udang',0.00,35200.00,0.00,2.0,0.00,0.00,70400.00,''),
(77,16,50,'Benang Sutra Hijau & Putih 555',0.00,14520.00,0.00,8.0,0.00,0.00,116160.00,''),
(78,16,51,'Serampad PE 380/D60 Dolpin Hitam',0.00,77000.00,0.00,2.0,0.00,0.00,154000.00,''),
(79,16,56,'Cincin kecil',0.00,5500.00,0.00,20.0,0.00,0.00,110000.00,''),
(80,16,59,'Pancing no 14',0.00,27500.00,0.00,1.0,0.00,0.00,27500.00,''),
(81,16,67,'Tasbeh besar',0.00,5076.50,0.00,3.0,0.00,0.00,15229.50,''),
(82,16,68,'Tasbeh kecil',0.00,5500.00,0.00,3.0,0.00,0.00,16500.00,''),
(83,16,74,'Senar no 15',0.00,4400.00,0.00,30.0,0.00,0.00,132000.00,''),
(84,16,77,'Senar no 40',0.00,8800.00,0.00,10.0,0.00,0.00,88000.00,''),
(85,16,79,'Senar no 60',0.00,16500.00,0.00,10.0,0.00,0.00,165000.00,''),
(86,16,80,'Senar no 70',0.00,16343.80,0.00,10.0,0.00,0.00,163438.00,''),
(87,16,83,'Mata Gergaji Besi (Sandflex 12 inch)',0.00,13200.00,0.00,3.0,0.00,0.00,39600.00,''),
(88,16,84,'Siltip/ Onda/ Selotip',0.00,4180.00,0.00,10.0,0.00,0.00,41800.00,''),
(89,16,89,'Silet SDI / Pisau Lipat',0.00,7791.66,0.00,5.0,0.00,0.00,38958.30,''),
(90,16,92,'Spidol (G-12) (M)',0.00,5316.67,0.00,5.0,0.00,0.00,26583.35,''),
(91,16,93,'Pulpen (Faster C6 (H))',0.00,2475.00,0.00,5.0,0.00,0.00,12375.00,''),
(92,16,94,'Lem dexton',0.00,5280.00,0.00,2.0,0.00,0.00,10560.00,''),
(93,16,95,'Lem besi dexton 5 mnt',0.00,13016.30,0.00,2.0,0.00,0.00,26032.60,''),
(94,16,97,'Lem merah',0.00,13750.00,0.00,2.0,0.00,0.00,27500.00,''),
(95,16,101,'Solasiban/ Solasi Hitam (Nitto)',0.00,6050.00,0.00,2.0,0.00,0.00,12100.00,''),
(96,16,105,'Rexco 500ml Semprotan Anti Karat (WD)',0.00,33000.00,0.00,1.0,0.00,0.00,33000.00,''),
(97,16,106,'Asbes Alumunium tape/prada',0.00,33000.00,0.00,1.0,0.00,0.00,33000.00,''),
(98,16,110,'MCB 40a',0.00,24695.00,0.00,1.0,0.00,0.00,24695.00,''),
(99,16,125,'Asbes knalpot 3 in',0.00,154000.00,0.00,1.0,0.00,0.00,154000.00,''),
(100,16,135,'Mug / Cangkir/ Gelas plastik kecil',0.00,4582.60,0.00,12.0,0.00,0.00,54991.20,''),
(101,16,187,'Neklin',0.00,27500.00,0.00,3.0,0.00,0.00,82500.00,''),
(102,16,188,'Plastik Cumi',0.00,605000.00,0.00,3.0,0.00,0.00,1815000.00,''),
(103,16,222,'Kain Lap',0.00,7700.00,0.00,5.0,0.00,0.00,38500.00,''),
(104,16,390,'Fosfor Skotlet 2inch x 10m',0.00,38500.00,0.00,1.0,0.00,0.00,38500.00,''),
(105,16,566,'Kili-kili 2 putaran No.3 (pcs)',0.00,4730.00,0.00,15.0,0.00,0.00,70950.00,''),
(106,16,570,'Teko HC No. 28/ Teko Alumunium',0.00,181500.00,0.00,1.0,0.00,0.00,181500.00,''),
(107,16,576,'Colokan Broco/ Unicorn',0.00,22000.00,0.00,2.0,0.00,0.00,44000.00,''),
(108,16,1136,'Aki N120 Massiv XP (Bekas)',0.00,357500.00,0.00,1.0,0.00,0.00,357500.00,''),
(109,16,1137,'Piring Kaleng 22inch (Pcs)',0.00,6416.30,0.00,12.0,0.00,0.00,76995.60,''),
(110,16,1221,'Pisau Dapur Amazon No 7',0.00,8800.00,0.00,1.0,0.00,0.00,8800.00,''),
(111,16,1227,'Racor/ Filter Harian (Fuel Filter Element C21-0617)',0.00,121000.00,0.00,2.0,0.00,0.00,242000.00,''),
(112,17,7,'Sarung tangan kain /No.6 B',0.00,25300.00,0.00,2.0,0.00,0.00,50600.00,''),
(113,17,9,'Sarung tangan karet',0.00,16500.00,0.00,12.0,0.00,0.00,198000.00,''),
(114,17,11,'Selang Kompaan/ Pompa',0.00,11000.00,0.00,1.0,0.00,0.00,11000.00,''),
(115,17,16,'Mug / Gelas plastik besar',0.00,9200.00,0.00,6.0,0.00,0.00,55200.00,''),
(116,17,22,'Kompaan/ Pompa Ban/ Angin',0.00,71500.00,0.00,1.0,0.00,0.00,71500.00,''),
(117,17,23,'Kepala Kompor 203 (EMSTAR MT)',0.00,201300.00,0.00,6.0,0.00,0.00,1207800.00,''),
(118,17,25,'Termos Air Panas (Solaris)',0.00,56833.70,0.00,1.0,0.00,0.00,56833.70,''),
(119,17,31,'Sendok',0.00,8800.00,0.00,1.0,0.00,0.00,8800.00,''),
(120,17,33,'Serop/ Serok kerupuk 8 inch',0.00,16500.00,0.00,1.0,0.00,0.00,16500.00,''),
(121,17,34,'Selang kompor kuningan',0.00,36300.00,0.00,4.0,0.00,0.00,145200.00,''),
(122,17,36,'Spuyer kompor 203',0.00,3300.00,0.00,6.0,0.00,0.00,19800.00,''),
(123,17,37,'Jarum/ Colok kompor no 168',0.00,2200.00,0.00,10.0,0.00,0.00,22000.00,''),
(124,17,39,'Kain campur/ Warna',0.00,1430.00,0.00,100.0,0.00,0.00,143000.00,''),
(125,17,41,'Pancing Apollo 4 inch',0.00,2860.00,0.00,50.0,0.00,0.00,143000.00,''),
(126,17,42,'Pancing udang-udangan 2.0',0.00,3960.00,0.00,400.0,0.00,0.00,1584000.00,''),
(127,17,47,'Gunting ',0.00,2612.50,0.00,12.0,0.00,0.00,31350.00,''),
(128,17,51,'Serampad PE 380/D60 Dolpin Hitam',0.00,77000.00,0.00,1.0,0.00,0.00,77000.00,''),
(129,17,58,'Pancing no 7 (Pancing Mustad 2335 No. 7)',0.00,93500.00,0.00,2.0,0.00,0.00,187000.00,''),
(130,17,62,'kili-kili snap no 3',0.00,11000.00,0.00,6.0,0.00,0.00,66000.00,''),
(131,17,66,'Kili-kili snap no 8',0.00,11898.34,0.00,12.0,0.00,0.00,142780.08,''),
(132,17,83,'Mata Gergaji Besi (Sandflex 12 inch)',0.00,13200.00,0.00,4.0,0.00,0.00,52800.00,''),
(133,17,89,'Silet SDI / Pisau Lipat',0.00,7791.66,0.00,2.0,0.00,0.00,15583.32,''),
(134,17,94,'Lem dexton',0.00,5280.00,0.00,20.0,0.00,0.00,105600.00,''),
(135,17,95,'Lem besi dexton 5 mnt',0.00,13016.30,0.00,2.0,0.00,0.00,26032.60,''),
(136,17,97,'Lem merah',0.00,13750.00,0.00,2.0,0.00,0.00,27500.00,''),
(137,17,101,'Solasiban/ Solasi Hitam (Nitto)',0.00,6050.00,0.00,2.0,0.00,0.00,12100.00,''),
(138,17,105,'Rexco 500ml Semprotan Anti Karat (WD)',0.00,33000.00,0.00,1.0,0.00,0.00,33000.00,''),
(139,17,106,'Asbes Alumunium tape/prada',0.00,33000.00,0.00,1.0,0.00,0.00,33000.00,''),
(140,17,125,'Asbes knalpot 3 in',0.00,154000.00,0.00,1.0,0.00,0.00,154000.00,''),
(141,17,135,'Mug / Cangkir/ Gelas plastik kecil',0.00,4582.60,0.00,6.0,0.00,0.00,27495.60,''),
(142,17,187,'Neklin',0.00,27500.00,0.00,4.0,0.00,0.00,110000.00,''),
(143,17,188,'Plastik Cumi',0.00,605000.00,0.00,3.0,0.00,0.00,1815000.00,''),
(144,17,190,'Batu Gurinda Potong (WD)',0.00,2750.00,0.00,2.0,0.00,0.00,5500.00,''),
(145,17,222,'Kain Lap',0.00,7700.00,0.00,3.0,0.00,0.00,23100.00,''),
(146,17,390,'Fosfor Skotlet 2inch x 10m',0.00,38500.00,0.00,2.0,0.00,0.00,77000.00,''),
(147,17,412,'Lampu ML 500 watt (Lampu Susu)',0.00,104500.00,0.00,2.0,0.00,0.00,209000.00,''),
(148,17,441,'Label Kapal (500lbr)',0.00,20625.00,0.00,0.5,0.00,0.00,10312.50,''),
(149,17,566,'Kili-kili 2 putaran No.3 (pcs)',0.00,4730.00,0.00,10.0,0.00,0.00,47300.00,''),
(150,17,576,'Colokan Broco/ Unicorn',0.00,22000.00,0.00,3.0,0.00,0.00,66000.00,''),
(151,17,1136,'Aki N120 Massiv XP (Bekas)',0.00,357500.00,0.00,1.0,0.00,0.00,357500.00,''),
(152,17,1137,'Piring Kaleng 22inch (Pcs)',0.00,6416.30,0.00,12.0,0.00,0.00,76995.60,''),
(153,17,1224,'Senter Push On 3watt',0.00,53900.00,0.00,1.0,0.00,0.00,53900.00,''),
(154,18,84,'Siltip/ Onda/ Selotip',0.00,4180.00,0.00,3.0,0.00,0.00,12540.00,''),
(155,18,205,'Ring Baja Hitam 1/2',0.00,312.40,0.00,2.0,0.00,0.00,624.80,''),
(156,18,704,'(Vlog) V. Ring ss 304 2 x 1 1/4inch (Bering)',0.00,68750.00,0.00,1.0,0.00,0.00,68750.00,''),
(157,18,705,'(Vlog) V. Ring ss 304 2 x 1 1/2inch (Bering)',0.00,88000.00,0.00,1.0,0.00,0.00,88000.00,''),
(158,18,717,'Street Elbow ss304 1 1/2 Inch drat luar dalam',0.00,74643.80,0.00,2.0,0.00,0.00,149287.60,''),
(159,18,774,'Baut + Mur 1/2 x 2 Inch',0.00,2244.00,0.00,2.0,0.00,0.00,4488.00,''),
(160,18,1181,'HOSE Nepple 1 1/4 ss (Pipa)',0.00,30250.00,0.00,1.0,0.00,0.00,30250.00,''),
(161,18,1235,'(Vlog) V. Ring ss 304 2 x 1 inch (Bering)',0.00,68750.00,0.00,1.0,0.00,0.00,68750.00,''),
(162,18,1236,'Hose Nepple ss 304 1 inch (Pipa)',0.00,46750.00,0.00,1.0,0.00,0.00,46750.00,''),
(163,18,1238,'Per Klep 6D',0.00,275000.00,0.00,1.0,0.00,0.00,275000.00,''),
(164,19,1,'Langseng/ Dandang 32inch',0.00,220000.00,0.00,1.0,0.00,0.00,220000.00,''),
(165,19,42,'Pancing udang-udangan 2.0',0.00,3960.00,0.00,100.0,0.00,0.00,396000.00,''),
(166,19,51,'Serampad PE 380/D60 Dolpin Hitam',0.00,77000.00,0.00,1.0,0.00,0.00,77000.00,''),
(167,19,62,'kili-kili snap no 3',0.00,11000.00,0.00,12.0,0.00,0.00,132000.00,''),
(168,19,78,'senar no 50',0.00,11440.00,0.00,5.0,0.00,0.00,57200.00,''),
(169,19,94,'Lem dexton',0.00,5280.00,0.00,15.0,0.00,0.00,79200.00,''),
(170,20,39,'Kain campur/ Warna',0.00,1430.00,0.00,200.0,0.00,0.00,286000.00,''),
(171,21,39,'Kain campur/ Warna',0.00,1430.00,0.00,100.0,0.00,0.00,143000.00,''),
(172,21,42,'Pancing udang-udangan 2.0',0.00,3960.00,0.00,200.0,0.00,0.00,792000.00,''),
(173,22,100,'Masker kain',0.00,49500.00,0.00,1.0,0.00,0.00,49500.00,''),
(174,23,7,'Sarung tangan kain /No.6 B',0.00,25300.00,0.00,1.0,0.00,0.00,25300.00,''),
(175,23,22,'Kompaan/ Pompa Ban/ Angin',0.00,71500.00,0.00,1.0,0.00,0.00,71500.00,''),
(176,23,23,'Kepala Kompor 203 (EMSTAR MT)',0.00,201300.00,0.00,2.0,0.00,0.00,402600.00,''),
(177,23,37,'Jarum/ Colok kompor no 168',0.00,2200.00,0.00,8.0,0.00,0.00,17600.00,''),
(178,23,73,'Kili-kili biasa no 8 (Swivel Putih 305 No. 8)',0.00,5717.25,0.00,12.0,0.00,0.00,68607.00,''),
(179,23,75,'Senar no 20',0.00,5200.80,0.00,30.0,0.00,0.00,156024.00,''),
(180,23,97,'Lem merah',0.00,13750.00,0.00,2.0,0.00,0.00,27500.00,''),
(181,24,283,'Gula',0.00,13640.00,0.00,10.0,0.00,0.00,136400.00,''),
(182,25,7,'Sarung tangan kain /No.6 B',0.00,25300.00,0.00,1.0,0.00,0.00,25300.00,''),
(183,25,100,'Masker kain',0.00,49500.00,0.00,1.0,0.00,0.00,49500.00,''),
(184,25,179,'Oli Mesin',0.00,23999.80,0.00,79.0,0.00,0.00,1895984.20,''),
(185,25,222,'Kain Lap',0.00,7700.00,0.00,3.0,0.00,0.00,23100.00,''),
(186,26,106,'Asbes Alumunium tape/prada',0.00,33000.00,0.00,1.0,0.00,0.00,33000.00,''),
(187,26,187,'Neklin',0.00,27500.00,0.00,5.0,0.00,0.00,137500.00,''),
(188,26,190,'Batu Gurinda Potong (WD)',0.00,2750.00,0.00,1.0,0.00,0.00,2750.00,''),
(189,26,192,'Batu Gurinda Amplas (Kinik)',0.00,8349.00,0.00,1.0,0.00,0.00,8349.00,''),
(190,26,207,'Mur 5/8',0.00,836.00,0.00,10.0,0.00,0.00,8360.00,''),
(191,26,215,'As Drat 5/8 inch',0.00,19142.20,0.00,1.0,0.00,0.00,19142.20,''),
(192,26,534,'Pigment Union Blue/ Biru',0.00,82500.00,0.00,0.5,0.00,0.00,41250.00,''),
(193,26,650,'Ring 5/8 Baja',0.00,510.40,0.00,10.0,0.00,0.00,5104.00,''),
(194,27,84,'Siltip/ Onda/ Selotip',0.00,4180.00,0.00,5.0,0.00,0.00,20900.00,''),
(195,27,534,'Pigment Union Blue/ Biru',0.00,82500.00,0.00,0.5,0.00,0.00,41250.00,''),
(196,27,756,'Double Nepple 1/2 ss 304',0.00,13200.00,0.00,3.0,0.00,0.00,39600.00,''),
(197,27,1256,'Selang Benang 1/2 inch',0.00,7454.70,0.00,6.0,0.00,0.00,44728.20,''),
(198,28,187,'Neklin',0.00,27500.00,0.00,5.0,0.00,0.00,137500.00,''),
(199,28,702,'Ball Valve s/s 1/2 inch',0.00,33000.00,0.00,1.0,0.00,0.00,33000.00,''),
(200,29,126,'Pilox/ Pylox Biru (Blue Lagoon) (RJ 21 400cc)',0.00,29700.00,0.00,3.0,0.00,0.00,89100.00,''),
(201,29,127,'Clear (pylox) (pilox) (RJ 540 400cc)',0.00,28600.00,0.00,1.0,0.00,0.00,28600.00,''),
(202,30,117,'Papan Oli Cooler samping 6D (Cover)',0.00,385000.00,0.00,1.0,0.00,0.00,385000.00,''),
(203,30,737,'O Ring Oli Cooler 6D',0.00,27500.00,0.00,1.0,0.00,0.00,27500.00,''),
(204,30,740,'Packing Oli Cooler 6D',0.00,27500.00,0.00,1.0,0.00,0.00,27500.00,''),
(205,31,179,'Oli Mesin',0.00,23999.80,0.00,18.0,0.00,0.00,431996.40,''),
(206,32,179,'Oli Mesin',0.00,23999.80,0.00,1.0,0.00,0.00,23999.80,''),
(207,33,95,'Lem besi dexton 5 mnt',0.00,13016.30,0.00,1.0,0.00,0.00,13016.30,''),
(208,34,1,'Langseng/ Dandang 32inch',0.00,220000.00,0.00,1.0,0.00,0.00,220000.00,''),
(209,34,7,'Sarung tangan kain /No.6 B',0.00,25300.00,0.00,1.0,0.00,0.00,25300.00,''),
(210,34,8,'Sarung tangan freezer',0.00,16500.00,0.00,1.0,0.00,0.00,16500.00,''),
(211,34,13,'Jas Hujan',0.00,121000.00,0.00,3.0,0.00,0.00,363000.00,''),
(212,34,14,'Teko HC No. 26/ Teko Alumunium',0.00,181500.00,0.00,1.0,0.00,0.00,181500.00,''),
(213,34,19,'Panci jawa no 26',0.00,42130.00,0.00,1.0,0.00,0.00,42130.00,''),
(214,34,21,'Rantang susun 3',0.00,32083.70,0.00,1.0,0.00,0.00,32083.70,''),
(215,34,22,'Kompaan/ Pompa Ban/ Angin',0.00,71500.00,0.00,1.0,0.00,0.00,71500.00,''),
(216,34,23,'Kepala Kompor 203 (EMSTAR MT)',0.00,201300.00,0.00,3.0,0.00,0.00,603900.00,''),
(217,34,27,'Samsi/susruk',0.00,22000.00,0.00,1.0,0.00,0.00,22000.00,''),
(218,34,28,'Centong nasi',0.00,3666.30,0.00,1.0,0.00,0.00,3666.30,''),
(219,34,31,'Sendok',0.00,8800.00,0.00,1.0,0.00,0.00,8800.00,''),
(220,34,34,'Selang kompor kuningan',0.00,36300.00,0.00,5.0,0.00,0.00,181500.00,''),
(221,34,35,'Kunci Spuyer Kompor',0.00,25300.00,0.00,1.0,0.00,0.00,25300.00,''),
(222,34,36,'Spuyer kompor 203',0.00,3300.00,0.00,10.0,0.00,0.00,33000.00,''),
(223,34,37,'Jarum/ Colok kompor no 168',0.00,2200.00,0.00,20.0,0.00,0.00,44000.00,''),
(224,34,41,'Pancing Apollo 4 inch',0.00,2860.00,0.00,200.0,0.00,0.00,572000.00,''),
(225,34,42,'Pancing udang-udangan 2.0',0.00,3960.00,0.00,400.0,0.00,0.00,1584000.00,''),
(226,34,43,'Pancing udang-udangan 3.5',0.00,8800.00,0.00,10.0,0.00,0.00,88000.00,''),
(227,34,47,'Gunting ',0.00,2612.50,0.00,12.0,0.00,0.00,31350.00,''),
(228,34,51,'Serampad PE 380/D60 Dolpin Hitam',0.00,77000.00,0.00,1.0,0.00,0.00,77000.00,''),
(229,34,56,'Cincin kecil',0.00,5500.00,0.00,15.0,0.00,0.00,82500.00,''),
(230,34,58,'Pancing no 7 (Pancing Mustad 2335 No. 7)',0.00,93500.00,0.00,2.0,0.00,0.00,187000.00,''),
(231,34,59,'Pancing no 14',0.00,27500.00,0.00,2.0,0.00,0.00,55000.00,''),
(232,34,61,'Kili-kili snap/ snep no 1',0.00,33275.00,0.00,12.0,0.00,0.00,399300.00,''),
(233,34,73,'Kili-kili biasa no 8 (Swivel Putih 305 No. 8)',0.00,5717.25,0.00,12.0,0.00,0.00,68607.00,''),
(234,34,83,'Mata Gergaji Besi (Sandflex 12 inch) 24T (TPI) BAHCO 18 Hologram Silver',0.00,13200.00,0.00,3.0,0.00,0.00,39600.00,''),
(235,34,89,'Silet SDI / Pisau Lipat',0.00,7791.66,0.00,5.0,0.00,0.00,38958.30,''),
(236,34,92,'Spidol (G-12) (M)',0.00,5316.67,0.00,3.0,0.00,0.00,15950.01,''),
(237,34,93,'Pulpen (Faster C6 (H))',0.00,2475.00,0.00,3.0,0.00,0.00,7425.00,''),
(238,34,94,'Lem dexton',0.00,5280.00,0.00,15.0,0.00,0.00,79200.00,''),
(239,34,95,'Lem besi dexton 5 mnt',0.00,13016.30,0.00,1.0,0.00,0.00,13016.30,''),
(240,34,105,'Rexco 500ml Semprotan Anti Karat (WD)',0.00,33000.00,0.00,1.0,0.00,0.00,33000.00,''),
(241,34,107,'Senter village 5720',0.00,93500.00,0.00,1.0,0.00,0.00,93500.00,''),
(242,34,135,'Mug / Cangkir/ Gelas plastik kecil',0.00,4582.60,0.00,12.0,0.00,0.00,54991.20,''),
(243,34,179,'Oli Mesin',0.00,23999.80,0.00,60.0,0.00,0.00,1439988.00,''),
(244,34,185,'Golok Gagang Kayu',0.00,27500.00,0.00,1.0,0.00,0.00,27500.00,''),
(245,34,188,'Plastik Cumi',0.00,605000.00,0.00,2.0,0.00,0.00,1210000.00,''),
(246,34,222,'Kain Lap',0.00,7700.00,0.00,2.0,0.00,0.00,15400.00,''),
(247,34,1137,'Piring Kaleng 22inch (Pcs)',0.00,6416.30,0.00,12.0,0.00,0.00,76995.60,''),
(248,34,1222,'Pisau Dapur Sulis No 1',0.00,2750.00,0.00,2.0,0.00,0.00,5500.00,''),
(249,35,1257,'Jarum Jahit 3 1/2 inch Lonceng',0.00,5500.00,0.00,1.0,0.00,0.00,5500.00,''),
(250,36,283,'Gula',0.00,13640.00,0.00,40.0,0.00,0.00,545600.00,''),
(251,37,283,'Gula',0.00,13640.00,0.00,50.0,0.00,0.00,682000.00,''),
(252,38,7,'Sarung tangan kain /No.6 B',0.00,25300.00,0.00,1.0,0.00,0.00,25300.00,''),
(253,38,22,'Kompaan/ Pompa Ban/ Angin',0.00,71500.00,0.00,1.0,0.00,0.00,71500.00,''),
(254,38,23,'Kepala Kompor 203 (EMSTAR MT)',0.00,201300.00,0.00,2.0,0.00,0.00,402600.00,''),
(255,38,37,'Jarum/ Colok kompor no 168',0.00,2200.00,0.00,8.0,0.00,0.00,17600.00,''),
(256,38,73,'Kili-kili biasa no 8 (Swivel Putih 305 No. 8)',0.00,5717.25,0.00,12.0,0.00,0.00,68607.00,''),
(257,38,75,'Senar no 20',0.00,5200.80,0.00,30.0,0.00,0.00,156024.00,''),
(258,38,97,'Lem merah',0.00,13750.00,0.00,2.0,0.00,0.00,27500.00,''),
(259,39,1,'Langseng/ Dandang 32inch',0.00,220000.00,0.00,2.0,0.00,0.00,440000.00,''),
(260,39,5,'Bakul/ Basket Cumi  Green Leaf 989',0.00,44495.00,0.00,2.0,0.00,0.00,88990.00,''),
(261,39,7,'Sarung tangan kain /No.6 B',0.00,25300.00,0.00,2.0,0.00,0.00,50600.00,''),
(262,39,12,'Sepatu boot no 43',0.00,69300.00,0.00,1.0,0.00,0.00,69300.00,''),
(263,39,13,'Jas Hujan',0.00,121000.00,0.00,2.0,0.00,0.00,242000.00,''),
(264,39,20,'Mangkok plastik',0.00,3666.30,0.00,12.0,0.00,0.00,43995.60,''),
(265,39,21,'Rantang susun 3',0.00,32083.70,0.00,1.0,0.00,0.00,32083.70,''),
(266,39,22,'Kompaan/ Pompa Ban/ Angin',0.00,71500.00,0.00,1.0,0.00,0.00,71500.00,''),
(267,39,23,'Kepala Kompor 203 (EMSTAR MT)',0.00,201300.00,0.00,6.0,0.00,0.00,1207800.00,''),
(268,39,25,'Termos Air Panas (Solaris)',0.00,56833.70,0.00,1.0,0.00,0.00,56833.70,''),
(269,39,31,'Sendok',0.00,8800.00,0.00,2.0,0.00,0.00,17600.00,''),
(270,39,33,'Serop/ Serok kerupuk 8 inch',0.00,16500.00,0.00,1.0,0.00,0.00,16500.00,''),
(271,39,34,'Selang kompor kuningan',0.00,36300.00,0.00,3.0,0.00,0.00,108900.00,''),
(272,39,36,'Spuyer kompor 203',0.00,3300.00,0.00,20.0,0.00,0.00,66000.00,''),
(273,39,37,'Jarum/ Colok kompor no 168',0.00,2200.00,0.00,10.0,0.00,0.00,22000.00,''),
(274,39,39,'Kain campur/ Warna',0.00,1430.00,0.00,400.0,0.00,0.00,572000.00,''),
(275,39,42,'Pancing udang-udangan 2.0',0.00,3960.00,0.00,400.0,0.00,0.00,1584000.00,''),
(276,39,43,'Pancing udang-udangan 3.5',0.00,8800.00,0.00,10.0,0.00,0.00,88000.00,''),
(277,39,47,'Gunting ',0.00,2612.50,0.00,15.0,0.00,0.00,39187.50,''),
(278,39,48,'Jarum jahit',0.00,1031.25,0.00,5.0,0.00,0.00,5156.25,''),
(279,39,49,'Kumis udang',0.00,35200.00,0.00,5.0,0.00,0.00,176000.00,''),
(280,39,50,'Benang Sutra Hijau & Putih 555',0.00,14520.00,0.00,8.0,0.00,0.00,116160.00,''),
(281,39,51,'Serampad PE 380/D60 Dolpin Hitam',0.00,77000.00,0.00,1.0,0.00,0.00,77000.00,''),
(282,39,52,'Serampad PE 380/D48 Dolpin Hitam',0.00,80300.00,0.00,1.0,0.00,0.00,80300.00,''),
(283,39,56,'Cincin kecil',0.00,5500.00,0.00,20.0,0.00,0.00,110000.00,''),
(284,39,58,'Pancing no 7 (Pancing Mustad 2335 No. 7)',0.00,93500.00,0.00,2.0,0.00,0.00,187000.00,''),
(285,39,61,'Kili-kili snap/ snep no 1',0.00,33275.00,0.00,12.0,0.00,0.00,399300.00,''),
(286,39,64,'KIli-kili snap no 5',0.00,20000.00,0.00,12.0,0.00,0.00,240000.00,''),
(287,39,69,'Kili-kili biasa no 3',0.00,8800.00,0.00,12.0,0.00,0.00,105600.00,''),
(288,39,75,'Senar no 20',0.00,5200.80,0.00,40.0,0.00,0.00,208032.00,''),
(289,39,76,'Senar no 30',0.00,7626.30,0.00,10.0,0.00,0.00,76263.00,''),
(290,39,78,'senar no 50',0.00,11440.00,0.00,20.0,0.00,0.00,228800.00,''),
(291,39,79,'Senar no 60',0.00,16500.00,0.00,10.0,0.00,0.00,165000.00,''),
(292,39,80,'Senar no 70',0.00,16343.80,0.00,20.0,0.00,0.00,326876.00,''),
(293,39,82,'Penggarisan Butterfly 30 cm (BT 30)',0.00,20350.00,0.00,2.0,0.00,0.00,40700.00,''),
(294,39,83,'Mata Gergaji Besi (Sandflex 12 inch) 24T (TPI) BAHCO 18 Hologram Silver',0.00,13200.00,0.00,4.0,0.00,0.00,52800.00,''),
(295,39,89,'Silet SDI / Pisau Lipat',0.00,7791.66,0.00,3.0,0.00,0.00,23374.98,''),
(296,39,92,'Spidol (G-12) (M)',0.00,5316.67,0.00,2.0,0.00,0.00,10633.34,''),
(297,39,94,'Lem dexton',0.00,5280.00,0.00,20.0,0.00,0.00,105600.00,''),
(298,39,101,'Solasiban/ Solasi Hitam (Nitto)',0.00,6050.00,0.00,2.0,0.00,0.00,12100.00,''),
(299,39,107,'Senter village 5720',0.00,93500.00,0.00,1.0,0.00,0.00,93500.00,''),
(300,39,135,'Mug / Cangkir/ Gelas plastik kecil',0.00,4582.60,0.00,12.0,0.00,0.00,54991.20,''),
(301,39,187,'Neklin',0.00,27500.00,0.00,3.0,0.00,0.00,82500.00,''),
(302,39,188,'Plastik Cumi',0.00,605000.00,0.00,3.0,0.00,0.00,1815000.00,''),
(303,39,190,'Batu Gurinda Potong (WD)',0.00,2750.00,0.00,10.0,0.00,0.00,27500.00,''),
(304,39,222,'Kain Lap',0.00,7700.00,0.00,3.0,0.00,0.00,23100.00,''),
(305,39,412,'Lampu ML 500 watt (Lampu Susu)',0.00,104500.00,0.00,2.0,0.00,0.00,209000.00,''),
(306,39,566,'Kili-kili 2 putaran No.3 (pcs)',0.00,4730.00,0.00,20.0,0.00,0.00,94600.00,''),
(307,39,576,'Colokan Listrik Broco/ Uticon',0.00,22000.00,0.00,3.0,0.00,0.00,66000.00,''),
(308,39,1137,'Piring Kaleng 22inch (Pcs)',0.00,6416.30,0.00,24.0,0.00,0.00,153991.20,''),
(309,39,1222,'Pisau Dapur Sulis No 1',0.00,2750.00,0.00,2.0,0.00,0.00,5500.00,''),
(310,40,416,'Korek Balon',0.00,194700.00,0.00,2.0,0.00,0.00,389400.00,''),
(311,41,7,'Sarung tangan kain /No.6 B',0.00,25300.00,0.00,1.0,0.00,0.00,25300.00,''),
(312,41,100,'Masker kain',0.00,49500.00,0.00,1.0,0.00,0.00,49500.00,''),
(313,41,179,'Oli Mesin',0.00,23999.80,0.00,17.0,0.00,0.00,407996.60,''),
(314,41,190,'Batu Gurinda Potong (WD)',0.00,2750.00,0.00,1.0,0.00,0.00,2750.00,''),
(315,41,192,'Batu Gurinda Amplas (Kinik)',0.00,8349.00,0.00,1.0,0.00,0.00,8349.00,''),
(316,41,222,'Kain Lap',0.00,7700.00,0.00,2.0,0.00,0.00,15400.00,''),
(317,42,23,'Kepala Kompor 203 (EMSTAR MT)',0.00,201300.00,0.00,2.0,0.00,0.00,402600.00,''),
(318,42,36,'Spuyer kompor 203',0.00,3300.00,0.00,10.0,0.00,0.00,33000.00,''),
(319,42,41,'Pancing Apollo 4 inch',0.00,2860.00,0.00,100.0,0.00,0.00,286000.00,''),
(320,42,42,'Pancing udang-udangan 2.0',0.00,3960.00,0.00,200.0,0.00,0.00,792000.00,''),
(321,42,89,'Silet SDI / Pisau Lipat',0.00,7791.66,0.00,3.0,0.00,0.00,23374.98,''),
(322,42,135,'Mug / Cangkir/ Gelas plastik kecil',0.00,4582.60,0.00,12.0,0.00,0.00,54991.20,''),
(323,43,111,'Fitting bohlam kaki 2',0.00,11000.00,0.00,1.0,0.00,0.00,11000.00,''),
(324,43,112,'Bohlam kaki 2 24v',0.00,3850.00,0.00,1.0,0.00,0.00,3850.00,''),
(325,44,179,'Oli Mesin',0.00,23999.80,0.00,60.0,0.00,0.00,1439988.00,''),
(326,44,222,'Kain Lap',0.00,7700.00,0.00,2.5,0.00,0.00,19250.00,''),
(327,45,89,'Silet SDI / Pisau Lipat',0.00,7791.66,0.00,1.0,0.00,0.00,7791.66,''),
(328,45,97,'Lem merah/ Red Silicone 70gr',0.00,13750.00,0.00,2.0,0.00,0.00,27500.00,''),
(329,45,125,'Asbes knalpot 3 in',0.00,154000.00,0.00,1.0,0.00,0.00,154000.00,''),
(330,45,187,'Neklin',0.00,27500.00,0.00,4.0,0.00,0.00,110000.00,''),
(331,45,190,'Batu Gurinda Potong (WD)',0.00,2750.00,0.00,3.0,0.00,0.00,8250.00,''),
(332,46,283,'Gula',0.00,13640.00,0.00,50.0,0.00,0.00,682000.00,''),
(333,46,285,'Terigu',0.00,6688.00,0.00,12.5,0.00,0.00,83600.00,''),
(334,47,190,'Batu Gurinda Potong (WD)',0.00,2750.00,0.00,1.0,0.00,0.00,2750.00,''),
(335,47,192,'Batu Gurinda Amplas (Kinik)',0.00,8349.00,0.00,1.0,0.00,0.00,8349.00,''),
(336,47,222,'Kain Lap',0.00,7700.00,0.00,2.5,0.00,0.00,19250.00,''),
(337,48,1,'Langseng/ Dandang 32inch',0.00,220000.00,0.00,1.0,0.00,0.00,220000.00,''),
(338,48,7,'Sarung tangan kain /No.6 B',0.00,25300.00,0.00,2.0,0.00,0.00,50600.00,''),
(339,48,8,'Sarung tangan freezer',0.00,16500.00,0.00,2.0,0.00,0.00,33000.00,''),
(340,48,11,'Selang Kompaan/ Pompa',0.00,11000.00,0.00,2.0,0.00,0.00,22000.00,''),
(341,48,20,'Mangkok plastik',0.00,3666.30,0.00,12.0,0.00,0.00,43995.60,''),
(342,48,21,'Rantang susun 3',0.00,32083.70,0.00,1.0,0.00,0.00,32083.70,''),
(343,48,22,'Kompaan/ Pompa Ban/ Angin',0.00,71500.00,0.00,2.0,0.00,0.00,143000.00,''),
(344,48,23,'Kepala Kompor 203 (EMSTAR MT)',0.00,201300.00,0.00,5.0,0.00,0.00,1006500.00,''),
(345,48,25,'Termos Air Panas (Solaris)',0.00,56833.70,0.00,2.0,0.00,0.00,113667.40,''),
(346,48,29,'Golok Dapur Stainless (B. 019)',0.00,36300.00,0.00,1.0,0.00,0.00,36300.00,''),
(347,48,31,'Sendok',0.00,8800.00,0.00,2.0,0.00,0.00,17600.00,''),
(348,48,34,'Selang kompor kuningan',0.00,36300.00,0.00,6.0,0.00,0.00,217800.00,''),
(349,48,36,'Spuyer kompor 203',0.00,3300.00,0.00,10.0,0.00,0.00,33000.00,''),
(350,48,37,'Jarum/ Colok kompor no 168',0.00,2200.00,0.00,15.0,0.00,0.00,33000.00,''),
(351,48,39,'Kain campur/ Warna',0.00,1430.00,0.00,300.0,0.00,0.00,429000.00,''),
(352,48,41,'Pancing Apollo 4 inch',0.00,2860.00,0.00,100.0,0.00,0.00,286000.00,''),
(353,48,42,'Pancing udang-udangan 2.0',0.00,3960.00,0.00,500.0,0.00,0.00,1980000.00,''),
(354,48,43,'Pancing udang-udangan 3.5',0.00,8800.00,0.00,10.0,0.00,0.00,88000.00,''),
(355,48,47,'Gunting ',0.00,2612.50,0.00,20.0,0.00,0.00,52250.00,''),
(356,48,48,'Jarum jahit',0.00,1031.25,0.00,4.0,0.00,0.00,4125.00,''),
(357,48,49,'Kumis udang',0.00,35200.00,0.00,2.0,0.00,0.00,70400.00,''),
(358,48,50,'Benang Sutra Hijau & Putih 555',0.00,14520.00,0.00,10.0,0.00,0.00,145200.00,''),
(359,48,51,'Serampad PE 380/D60 Dolpin Hitam',0.00,77000.00,0.00,1.0,0.00,0.00,77000.00,''),
(360,48,52,'Serampad PE 380/D48 Dolpin Hitam',0.00,80300.00,0.00,1.0,0.00,0.00,80300.00,''),
(361,48,56,'Cincin kecil',0.00,5500.00,0.00,20.0,0.00,0.00,110000.00,''),
(362,48,70,'Kili-kili biasa no 4',0.00,15032.60,0.00,12.0,0.00,0.00,180391.20,''),
(363,48,73,'Kili-kili biasa no 8 (Swivel Putih 305 No. 8)',0.00,5717.25,0.00,12.0,0.00,0.00,68607.00,''),
(364,48,74,'Senar no 15',0.00,4400.00,0.00,30.0,0.00,0.00,132000.00,''),
(365,48,75,'Senar no 20',0.00,5200.80,0.00,40.0,0.00,0.00,208032.00,''),
(366,48,76,'Senar no 30',0.00,7626.30,0.00,7.0,0.00,0.00,53384.10,''),
(367,48,77,'Senar no 40',0.00,8800.00,0.00,7.0,0.00,0.00,61600.00,''),
(368,48,78,'senar no 50',0.00,11440.00,0.00,10.0,0.00,0.00,114400.00,''),
(369,48,80,'Senar no 70',0.00,16343.80,0.00,10.0,0.00,0.00,163438.00,''),
(370,48,82,'Penggarisan Butterfly 30 cm (BT 30)',0.00,20350.00,0.00,3.0,0.00,0.00,61050.00,''),
(371,48,83,'Mata Gergaji Besi (Sandflex 12 inch) 24T (TPI) BAHCO 18 Hologram Silver',0.00,13200.00,0.00,3.0,0.00,0.00,39600.00,''),
(372,48,89,'Silet SDI / Pisau Lipat',0.00,7791.66,0.00,4.0,0.00,0.00,31166.64,''),
(373,48,92,'Spidol (G-12) (M)',0.00,5316.67,0.00,4.0,0.00,0.00,21266.68,''),
(374,48,93,'Pulpen (Faster C6 (H))',0.00,2475.00,0.00,6.0,0.00,0.00,14850.00,''),
(375,48,94,'Lem dexton',0.00,5280.00,0.00,30.0,0.00,0.00,158400.00,''),
(376,48,95,'Lem besi dexton 5 mnt',0.00,13016.30,0.00,2.0,0.00,0.00,26032.60,''),
(377,48,101,'Solasiban/ Solasi Hitam (Nitto)',0.00,6050.00,0.00,3.0,0.00,0.00,18150.00,''),
(378,48,105,'Rexco 500ml Semprotan Anti Karat (WD)',0.00,33000.00,0.00,1.0,0.00,0.00,33000.00,''),
(379,48,126,'Pilox/ Pylox Biru (Blue Lagoon) (RJ 21 400cc)',0.00,29700.00,0.00,2.0,0.00,0.00,59400.00,''),
(380,48,135,'Mug / Cangkir/ Gelas plastik kecil',0.00,4582.60,0.00,12.0,0.00,0.00,54991.20,''),
(381,48,179,'Oli Mesin',0.00,23999.80,0.00,80.0,0.00,0.00,1919984.00,''),
(382,48,187,'Neklin',0.00,27500.00,0.00,2.0,0.00,0.00,55000.00,''),
(383,48,188,'Plastik Cumi',0.00,605000.00,0.00,4.0,0.00,0.00,2420000.00,''),
(384,48,190,'Batu Gurinda Potong (WD)',0.00,2750.00,0.00,10.0,0.00,0.00,27500.00,''),
(385,48,222,'Kain Lap',0.00,7700.00,0.00,3.0,0.00,0.00,23100.00,''),
(386,48,566,'Kili-kili 2 putaran No.3 (pcs)',0.00,4730.00,0.00,10.0,0.00,0.00,47300.00,''),
(387,48,576,'Colokan Listrik Broco/ Uticon',0.00,22000.00,0.00,2.0,0.00,0.00,44000.00,''),
(388,48,750,'V. Belt B 208',0.00,152350.00,0.00,4.0,0.00,0.00,609400.00,''),
(389,48,940,'Piting Broco',0.00,9350.00,0.00,1.0,0.00,0.00,9350.00,''),
(390,48,1137,'Piring Kaleng 22inch (Pcs)',0.00,6416.30,0.00,12.0,0.00,0.00,76995.60,''),
(391,48,1222,'Pisau Dapur Sulis No 1',0.00,2750.00,0.00,2.0,0.00,0.00,5500.00,''),
(392,48,1223,'Fosfor Skotlet 2inch x 45m',0.00,18333.34,0.00,1.0,0.00,0.00,18333.34,''),
(393,48,1232,'Penggorengan no 16',0.00,66000.00,0.00,1.0,0.00,0.00,66000.00,''),
(394,48,1259,'Silikon Dinamo 10 KW (Matari) (STO-1-03 SILICON RECTIFIER (G))',0.00,55660.00,0.00,1.0,0.00,0.00,55660.00,''),
(395,49,514,'Rokok Apace K (Kretek)',0.00,86900.00,0.00,20.0,0.00,0.00,1738000.00,''),
(396,50,192,'Batu Gurinda Amplas (Kinik)',0.00,8349.00,0.00,1.0,0.00,0.00,8349.00,''),
(397,50,244,'Bahan Cor Hitam',0.00,41800.00,0.00,15.0,0.00,0.00,627000.00,''),
(398,50,386,'Bahan Cor Putih',0.00,41800.00,0.00,10.0,0.00,0.00,418000.00,''),
(399,50,1260,'Baut Stut/ Manipol 10 x 30',0.00,5500.00,0.00,2.0,0.00,0.00,11000.00,''),
(400,50,1261,'Baut Kop 6D',0.00,5500.00,0.00,2.0,0.00,0.00,11000.00,''),
(401,51,190,'Batu Gurinda Potong (WD)',0.00,2750.00,0.00,5.0,0.00,0.00,13750.00,''),
(402,52,190,'Batu Gurinda Potong (WD)',0.00,2750.00,0.00,5.0,0.00,0.00,13750.00,''),
(403,53,84,'Siltip/ Onda/ Selotip',0.00,4180.00,0.00,10.0,0.00,0.00,41800.00,''),
(404,53,194,'Klem Selang 1 3/4 inch',0.00,3850.00,0.00,5.0,0.00,0.00,19250.00,''),
(405,54,283,'Gula',0.00,13640.00,0.00,50.0,0.00,0.00,682000.00,''),
(406,54,285,'Terigu',0.00,6688.00,0.00,12.5,0.00,0.00,83600.00,''),
(407,55,286,'Beras',0.00,550000.00,0.00,9.0,0.00,0.00,4950000.00,''),
(408,55,302,'Minyak Goreng',0.00,235400.00,0.00,4.0,0.00,0.00,941600.00,''),
(409,56,179,'Oli Mesin',0.00,23999.80,0.00,60.0,0.00,0.00,1439988.00,''),
(410,56,190,'Batu Gurinda Potong (WD)',0.00,2750.00,0.00,5.0,0.00,0.00,13750.00,''),
(411,56,222,'Kain Lap',0.00,7700.00,0.00,2.0,0.00,0.00,15400.00,''),
(412,57,84,'Siltip/ Onda/ Selotip',0.00,4180.00,0.00,5.0,0.00,0.00,20900.00,''),
(413,57,89,'Silet SDI / Pisau Lipat',0.00,7791.66,0.00,1.0,0.00,0.00,7791.66,''),
(414,57,97,'Lem merah/ Red Silicone 70gr',0.00,13750.00,0.00,2.0,0.00,0.00,27500.00,''),
(415,57,194,'Klem Selang 1 3/4 inch',0.00,3850.00,0.00,8.0,0.00,0.00,30800.00,''),
(416,57,222,'Kain Lap',0.00,7700.00,0.00,2.5,0.00,0.00,19250.00,''),
(417,58,179,'Oli Mesin',0.00,23999.80,0.00,60.0,0.00,0.00,1439988.00,''),
(418,58,222,'Kain Lap',0.00,7700.00,0.00,2.5,0.00,0.00,19250.00,''),
(419,59,1262,'Kabel Serabut Jembo 2x1.5 (Meter)',0.00,8789.00,0.00,6.0,0.00,0.00,52734.00,''),
(420,60,286,'Beras',0.00,550000.00,0.00,10.0,0.00,0.00,5500000.00,''),
(421,60,302,'Minyak Goreng',0.00,235400.00,0.00,5.0,0.00,0.00,1177000.00,''),
(422,61,1232,'Penggorengan no 16',0.00,66000.00,0.00,24.0,0.00,0.00,1188000.00,''),
(423,61,1233,'test1',0.00,12500.00,0.00,12.0,0.00,0.00,125000.00,''),
(424,62,1232,'Penggorengan no 16',0.00,66000.00,0.00,24.0,0.00,0.00,1188000.00,''),
(425,62,1233,'test1',0.00,12500.00,0.00,12.0,0.00,0.00,125000.00,''),
(426,63,1232,'Penggorengan no 16',0.00,66000.00,0.00,24.0,0.00,0.00,1188000.00,''),
(427,63,1233,'test1',0.00,12500.00,0.00,12.0,0.00,0.00,125000.00,''),
(428,64,1232,'Penggorengan no 16',0.00,66000.00,0.00,6.0,0.00,0.00,330000.00,''),
(429,64,1233,'test1',0.00,12500.00,0.00,7.0,0.00,0.00,75000.00,''),
(430,65,1232,'Penggorengan no 16',0.00,66000.00,0.00,6.0,0.00,0.00,330000.00,''),
(431,65,1233,'test1',0.00,12500.00,0.00,7.0,0.00,0.00,75000.00,''),
(432,66,1232,'Penggorengan no 16',0.00,66000.00,0.00,6.0,0.00,0.00,330000.00,''),
(433,66,1233,'test1',0.00,12500.00,0.00,7.0,0.00,0.00,75000.00,''),
(434,67,1232,'Penggorengan no 16',0.00,66000.00,0.00,6.0,0.00,0.00,330000.00,''),
(435,67,1233,'test1',0.00,12500.00,0.00,7.0,0.00,0.00,75000.00,''),
(436,68,1232,'Penggorengan no 16',0.00,66000.00,0.00,6.0,0.00,0.00,330000.00,''),
(437,68,1233,'test1',0.00,12500.00,0.00,7.0,0.00,0.00,75000.00,''),
(438,69,1232,'Penggorengan no 16',0.00,66000.00,0.00,6.0,0.00,0.00,330000.00,''),
(439,69,1233,'test1',0.00,12500.00,0.00,7.0,0.00,0.00,75000.00,''),
(440,70,1232,'Penggorengan no 16',0.00,66000.00,0.00,6.0,0.00,0.00,330000.00,''),
(441,70,1233,'test1',0.00,12500.00,0.00,7.0,0.00,0.00,75000.00,''),
(442,71,1232,'Penggorengan no 16',0.00,66000.00,0.00,6.0,0.00,0.00,330000.00,''),
(443,71,1233,'test1',0.00,12500.00,0.00,7.0,0.00,0.00,75000.00,''),
(444,72,1232,'Penggorengan no 16',0.00,66000.00,0.00,6.0,0.00,0.00,330000.00,''),
(445,72,1233,'test1',0.00,12500.00,0.00,7.0,0.00,0.00,75000.00,''),
(446,73,1232,'Penggorengan no 16',0.00,66000.00,0.00,26.0,0.00,0.00,1320000.00,''),
(447,73,1233,'test1',0.00,12500.00,0.00,24.0,0.00,0.00,250000.00,'');

/*Table structure for table `trn_journal` */

DROP TABLE IF EXISTS `trn_journal`;

CREATE TABLE `trn_journal` (
  `journal_id` varchar(10) NOT NULL COMMENT 'Id Data',
  `trn_code` varchar(10) DEFAULT NULL COMMENT 'Kode Dokumen (IS, OS, PO,..)',
  `journal_date` date DEFAULT NULL COMMENT 'Tanggal Posting',
  `year_period` int(4) DEFAULT NULL COMMENT 'Tahun',
  `month_period` varchar(2) DEFAULT NULL COMMENT 'Bulan',
  `journal_dest` varchar(50) DEFAULT NULL COMMENT 'Gudang/ Project',
  `dest_id` int(10) NOT NULL COMMENT 'Id Project/ Id Gudang',
  `trn_id` varchar(16) DEFAULT NULL COMMENT 'Id Dok (ISS2020040001,..)',
  `db_coa_id` int(10) DEFAULT NULL COMMENT 'Id COA Debet',
  `db_coa_detail` varchar(30) DEFAULT NULL COMMENT 'Kode Detil COA Debet',
  `db_coa_name` varchar(70) DEFAULT NULL COMMENT 'Nama COA Debet',
  `db_value` decimal(12,2) DEFAULT 0.00 COMMENT 'Nilai Debet',
  `db_info` varchar(100) DEFAULT NULL,
  `cr_coa_id` int(10) DEFAULT NULL COMMENT 'Id COA Kredit',
  `cr_coa_detail` varchar(30) DEFAULT NULL COMMENT 'Kode Detil COA Kredit',
  `cr_coa_name` varchar(70) DEFAULT NULL COMMENT 'Nama COA Kredit',
  `cr_value` decimal(12,2) DEFAULT 0.00 COMMENT 'Nilai Kredit',
  `cr_info` varchar(100) DEFAULT NULL,
  `pic_posting` int(11) DEFAULT NULL,
  `date_posting` datetime DEFAULT NULL,
  `journal_type` int(1) DEFAULT NULL COMMENT '1 = Auto Journal, 2 = Manual Journal, 3 = Jounal Cash/Bank',
  PRIMARY KEY (`journal_id`),
  KEY `db_coa_id` (`db_coa_id`),
  KEY `cr_coa_id` (`cr_coa_id`),
  CONSTRAINT `trn_journal_ibfk_1` FOREIGN KEY (`db_coa_id`) REFERENCES `db_master_shp`.`mst_coa` (`coa_id`) ON UPDATE CASCADE,
  CONSTRAINT `trn_journal_ibfk_2` FOREIGN KEY (`cr_coa_id`) REFERENCES `db_master_shp`.`mst_coa` (`coa_id`) ON UPDATE CASCADE
) ENGINE=InnoDB DEFAULT CHARSET=latin1;

/*Data for the table `trn_journal` */

insert  into `trn_journal`(`journal_id`,`trn_code`,`journal_date`,`year_period`,`month_period`,`journal_dest`,`dest_id`,`trn_id`,`db_coa_id`,`db_coa_detail`,`db_coa_name`,`db_value`,`db_info`,`cr_coa_id`,`cr_coa_detail`,`cr_coa_name`,`cr_value`,`cr_info`,`pic_posting`,`date_posting`,`journal_type`) values 
('2021080001','BM','2021-08-23',2021,'08','',0,'BM/2021/08/0001',177,'01.01.02','Bank BCA',60000000.00,'Modal disetor Suhanda dan Levondi',190,'03.01','Modal Suhanda-Levondi',60000000.00,'Modal disetor Suhanda dan Levondi',1,'2021-08-24 06:06:06',3),
('2021080002','BM','2021-08-25',2021,'08','',0,'KM/2021/08/0001',176,'01.01.01','Kas ',5000000.00,'Modal disetor untuk petty cash',190,'03.01','Modal Suhanda-Levondi',5000000.00,'Modal disetor untuk petty cash',1,'2021-08-25 03:49:49',3),
('2021100001','BK','2021-10-01',2021,'10','',0,'BK/2021/10/0001',213,'01.01.30','Hubungan R/K Kas dan Bank',5000000.00,'Isi Petty Cash Okt 2021',177,'01.01.02','Bank BCA',5000000.00,'Isi Petty Cash Okt 2021',1,'2021-10-09 08:06:07',3),
('2021100002','BM','2021-10-01',2021,'10','',0,'KM/2021/10/0001',176,'01.01.01','Kas ',5000000.00,'Terima Pengisian Petty Cash Okt 2021',213,'01.01.30','Hubungan R/K Kas dan Bank',5000000.00,'Terima Pengisian Petty Cash Okt 2021',1,'2021-10-09 08:06:56',3),
('2021100003','MJ','2021-10-23',2021,'10','',0,'MJL/2021/10/0001',176,'01.01.01','Kas ',20000.00,'tees',178,'01.01.03','Piutang Usaha',20000.00,'teees',1,'2021-10-23 06:06:06',2),
('2021100004','MJ','2021-10-23',2021,'10','',0,'MJL/2021/10/0001',176,'01.01.01','Kas ',100000.00,'asd',178,'01.01.03','Piutang Usaha',100000.00,'dsa',1,'2021-10-23 06:07:23',2),
('2021100005','BM','2021-10-23',2021,'10','',0,'KM/2021/10/0002',176,'01.01.01','Kas ',10000.00,'asd',179,'01.01.04','Piutang Lain-lain',10000.00,'dsa',1,'2021-10-23 06:08:28',3);

/*Table structure for table `trn_outgoing_stock_01` */

DROP TABLE IF EXISTS `trn_outgoing_stock_01`;

CREATE TABLE `trn_outgoing_stock_01` (
  `os_id` int(11) NOT NULL AUTO_INCREMENT COMMENT 'Id OS',
  `os_date` date DEFAULT NULL COMMENT 'Tanggal OS',
  `os_no` varchar(15) DEFAULT NULL COMMENT 'Nomor Dokumen (CCCCYYYYMMNNNN) ex : LMOS2018070001',
  `company_id` int(11) DEFAULT NULL COMMENT 'Company Id',
  `company_name` varchar(50) DEFAULT NULL COMMENT 'Company Name',
  `warehouse_id` int(11) DEFAULT NULL COMMENT 'Dari mana item itu digunakan',
  `dest_wh_id` int(11) DEFAULT NULL COMMENT 'Tujuan Item',
  `project_id` int(11) DEFAULT NULL,
  `project_name` varchar(55) DEFAULT NULL,
  `dept` int(11) DEFAULT NULL COMMENT 'Departemen Yang Menggunakan Barang',
  `os_kind` varchar(20) DEFAULT NULL COMMENT '1= Transfer, 2= write off, 3= Retur, 4=Others 5=stock Use',
  `os_status` varchar(20) DEFAULT NULL COMMENT '1=Closed (selesai), 2=Outstanding (belum ada tarikan), 3=Void',
  `os_requester` varchar(50) DEFAULT NULL COMMENT 'Requester',
  `remarks` varchar(200) DEFAULT NULL COMMENT 'Info',
  `pic_input` int(11) DEFAULT NULL,
  `input_date` datetime DEFAULT NULL,
  `pic_edit` int(11) DEFAULT NULL,
  `edit_date` datetime DEFAULT NULL,
  PRIMARY KEY (`os_id`)
) ENGINE=InnoDB AUTO_INCREMENT=3 DEFAULT CHARSET=latin1;

/*Data for the table `trn_outgoing_stock_01` */

insert  into `trn_outgoing_stock_01`(`os_id`,`os_date`,`os_no`,`company_id`,`company_name`,`warehouse_id`,`dest_wh_id`,`project_id`,`project_name`,`dept`,`os_kind`,`os_status`,`os_requester`,`remarks`,`pic_input`,`input_date`,`pic_edit`,`edit_date`) values 
(1,'2021-08-18','OSJ2021080001',1,'Suhanda Souwmpie',4,0,0,'',NULL,'Adjustment','Closed','Suhanda','Stock Opname 18 Agustus 2021 v1',1,'2021-09-01 06:37:04',NULL,NULL),
(2,'2021-10-23','OSS2021100001',1,'Suhanda Souwmpie',4,6,0,'',NULL,'Transfer','Closed','es','',1,'2021-10-23 06:03:56',NULL,NULL);

/*Table structure for table `trn_outgoing_stock_02` */

DROP TABLE IF EXISTS `trn_outgoing_stock_02`;

CREATE TABLE `trn_outgoing_stock_02` (
  `os_02_id` int(11) NOT NULL AUTO_INCREMENT COMMENT 'Id Os 02',
  `os_id` int(11) DEFAULT NULL COMMENT 'Id Os',
  `items_id` int(11) DEFAULT NULL COMMENT 'Id Items',
  `items_name` varchar(250) DEFAULT NULL COMMENT 'Nama Items',
  `qty` decimal(10,1) DEFAULT NULL,
  `price` decimal(12,2) DEFAULT 0.00 COMMENT 'Harga Items',
  `total` decimal(12,2) DEFAULT 0.00 COMMENT 'Sub Total',
  `remarks` varchar(200) DEFAULT NULL COMMENT 'Info',
  PRIMARY KEY (`os_02_id`)
) ENGINE=InnoDB AUTO_INCREMENT=9 DEFAULT CHARSET=latin1;

/*Data for the table `trn_outgoing_stock_02` */

insert  into `trn_outgoing_stock_02`(`os_02_id`,`os_id`,`items_id`,`items_name`,`qty`,`price`,`total`,`remarks`) values 
(1,1,188,'Plastik Cumi',1.0,550000.00,550000.00,''),
(2,1,179,'Oli Mesin',120.0,21818.00,2618160.00,''),
(3,1,75,'Senar no 20',60.0,4728.00,283680.00,''),
(4,1,39,'Kain campur/ Warna',453.0,1300.00,588900.00,''),
(5,1,23,'Kepala Kompor 203 (EMSTAR MT)',10.0,183000.00,1830000.00,''),
(6,1,21,'Rantang susun 3',1.0,29167.00,29167.00,''),
(7,1,20,'Mangkok plastik',5.0,3333.00,16665.00,''),
(8,2,39,'Kain campur/ Warna',1.0,1300.00,1300.00,'');

/*Table structure for table `trn_po_01` */

DROP TABLE IF EXISTS `trn_po_01`;

CREATE TABLE `trn_po_01` (
  `po_id` int(11) NOT NULL AUTO_INCREMENT COMMENT 'Id PO',
  `po_no` varchar(15) NOT NULL COMMENT 'Nomor PO',
  `pr_id` int(11) NOT NULL COMMENT 'Id PR',
  `pr_no` varchar(15) NOT NULL COMMENT 'Nomor PR',
  `po_date` date NOT NULL COMMENT 'Tanggal PO',
  `requester` varchar(30) DEFAULT NULL COMMENT 'User Request',
  `project_id` int(11) DEFAULT NULL COMMENT 'Id Project',
  `project_name` varchar(50) DEFAULT NULL COMMENT 'Nama Project',
  `company_id` int(11) DEFAULT NULL COMMENT 'Id Company',
  `company_name` varchar(50) DEFAULT NULL COMMENT 'Nama Company',
  `supplier_id` int(11) DEFAULT NULL COMMENT 'Id Supplier',
  `supplier_name` varchar(50) DEFAULT NULL,
  `delivery_address` text DEFAULT NULL COMMENT 'Alamat Pengiriman',
  `po_info` varchar(50) DEFAULT NULL COMMENT 'Keterangan Pr',
  `currency_id` int(3) DEFAULT NULL COMMENT 'mata uang Po',
  `po_status` varchar(20) DEFAULT NULL COMMENT 'Status PO (closed, outstanding, pending)',
  `payment_status` varchar(20) DEFAULT NULL COMMENT 'Status Pembayaran',
  `transport_fee` decimal(12,2) DEFAULT 0.00 COMMENT 'Biaya Transport (Non PPN)',
  `ppn_percent` decimal(12,2) DEFAULT 0.00 COMMENT 'PPN Persen',
  `ppn_value` decimal(12,2) DEFAULT 0.00 COMMENT 'Nilai PPN',
  `pph` int(1) DEFAULT NULL COMMENT '1 = Menggunakan PPH 0 = Tidak ada PPH',
  `pph_value` decimal(12,2) DEFAULT NULL COMMENT 'Value PPH',
  `pbbkb` int(1) DEFAULT NULL COMMENT '1 = Menggunakan pbbkb 0 = Tidak ada pbbkb',
  `pbbkb_value` decimal(12,2) DEFAULT NULL COMMENT 'Value Pbbkb',
  `disc_percent` decimal(4,1) DEFAULT 0.0 COMMENT 'Diskon Persen',
  `disc_val` decimal(12,2) DEFAULT 0.00 COMMENT 'Diskon Nilai',
  `total` decimal(12,2) DEFAULT 0.00 COMMENT 'Total',
  `reamaining` decimal(12,2) DEFAULT 0.00 COMMENT 'Sisa Pembayaran',
  `top` varchar(30) DEFAULT NULL,
  `no_print` int(2) DEFAULT 0 COMMENT 'Berapa Kali Po Dicetak',
  `pic_input` int(11) DEFAULT NULL,
  `input_time` datetime DEFAULT NULL,
  `pic_edit` int(11) DEFAULT NULL,
  `edit_time` datetime DEFAULT NULL,
  PRIMARY KEY (`po_id`)
) ENGINE=InnoDB AUTO_INCREMENT=60 DEFAULT CHARSET=latin1;

/*Data for the table `trn_po_01` */

insert  into `trn_po_01`(`po_id`,`po_no`,`pr_id`,`pr_no`,`po_date`,`requester`,`project_id`,`project_name`,`company_id`,`company_name`,`supplier_id`,`supplier_name`,`delivery_address`,`po_info`,`currency_id`,`po_status`,`payment_status`,`transport_fee`,`ppn_percent`,`ppn_value`,`pph`,`pph_value`,`pbbkb`,`pbbkb_value`,`disc_percent`,`disc_val`,`total`,`reamaining`,`top`,`no_print`,`pic_input`,`input_time`,`pic_edit`,`edit_time`) values 
(1,'POS2021060001',0,'','2021-06-17',NULL,0,'',1,'Suhanda Souwmpie',141,'Aseng Maju Jaya','Muara Angke','Stock',NULL,'Closed','Closed',0.00,0.00,0.00,NULL,NULL,NULL,NULL,0.0,0.00,1300000.00,0.00,NULL,0,1,'2021-07-15 01:37:16',1,'2021-07-27 06:03:36'),
(2,'POS2021060002',0,'','2021-06-29',NULL,0,'',1,'Suhanda Souwmpie',140,'PD. Aladin Kompor','Muara Angke','Stock',NULL,'Closed','Closed',0.00,0.00,0.00,NULL,NULL,NULL,NULL,0.0,0.00,6588000.00,0.00,NULL,0,1,'2021-07-15 01:37:49',1,'2021-07-27 06:05:18'),
(3,'POS2021060003',0,'','2021-06-22',NULL,0,'',1,'Suhanda Souwmpie',173,'Toko Aroma','Muara Angke','Stock',NULL,'Closed','Closed',0.00,0.00,0.00,NULL,NULL,NULL,NULL,0.0,0.00,1294996.00,0.00,NULL,0,1,'2021-07-15 03:07:42',1,'2021-07-27 06:06:44'),
(4,'POS2021070001',0,'','2021-07-16',NULL,0,'',1,'Suhanda Souwmpie',92,'Apiau','Muara Angke','Stock',NULL,'Closed','Closed',0.00,0.00,0.00,NULL,NULL,NULL,NULL,0.0,0.00,4799960.00,0.00,NULL,0,1,'2021-07-22 01:24:42',1,'2021-07-27 06:07:04'),
(5,'POS2021070002',0,'','2021-07-21',NULL,0,'',1,'Suhanda Souwmpie',107,'Hendri','Muara Angke','Stock',NULL,'Closed','Closed',0.00,0.00,0.00,NULL,NULL,NULL,NULL,0.0,0.00,8250000.00,0.00,NULL,0,1,'2021-07-27 05:55:24',1,'2021-07-27 06:02:27'),
(6,'POS2021070003',0,'','2021-07-19',NULL,0,'',1,'Suhanda Souwmpie',71,'UD Sumber Sejati Jaya/Kunto','Muara Angke','Stock',NULL,'Closed','Closed',0.00,0.00,0.00,NULL,NULL,NULL,NULL,0.0,0.00,6760640.00,0.00,NULL,0,1,'2021-07-27 06:00:54',1,'2021-07-27 06:01:54'),
(7,'POS2021070004',0,'','2021-07-23',NULL,0,'',1,'Suhanda Souwmpie',77,'Talimas/ IndoGear','Muara Angke','Stock',NULL,'Closed','Closed',0.00,0.00,0.00,NULL,NULL,NULL,NULL,0.0,0.00,2216000.00,0.00,NULL,0,1,'2021-07-27 06:15:17',1,'2021-07-27 06:16:51'),
(8,'POS2021060004',0,'','2021-06-27',NULL,0,'',1,'Suhanda Souwmpie',84,'Operasional','Muara Angke','Stock',NULL,'Closed','Closed',0.00,0.00,0.00,NULL,NULL,NULL,NULL,0.0,0.00,350004.00,0.00,NULL,0,1,'2021-07-28 07:32:58',1,'2021-07-28 07:34:44'),
(9,'POS2021070005',0,'','2021-07-10',NULL,0,'',1,'Suhanda Souwmpie',84,'Operasional','Muara Angke','Stock',NULL,'Closed','Closed',0.00,0.00,0.00,NULL,NULL,NULL,NULL,0.0,0.00,319968.00,0.00,NULL,0,1,'2021-07-28 07:33:30',1,'2021-07-28 07:34:57'),
(10,'POS2021070006',0,'','2021-07-24',NULL,0,'',1,'Suhanda Souwmpie',185,'UD. Jaya Buana/ Norman Hidayat','Muara Angke','Stock, S/N 210330187',NULL,'Closed','Process',0.00,0.00,0.00,NULL,NULL,NULL,NULL,0.0,0.00,38750000.00,0.00,NULL,0,1,'2021-08-02 06:57:30',NULL,NULL),
(11,'POS2021080001',0,'','2021-08-04',NULL,0,'',1,'Suhanda Souwmpie',188,'Toko Gigin/ Ko Ali (Cing San)','Muara Angke','Stock',NULL,'Closed','Process',0.00,0.00,0.00,NULL,NULL,NULL,NULL,0.0,0.00,1880000.00,0.00,NULL,0,1,'2021-08-10 06:43:35',NULL,NULL),
(12,'POS2021080002',0,'','2021-08-09',NULL,0,'',1,'Suhanda Souwmpie',141,'Aseng Maju Jaya','Muara Angke','Stock',NULL,'Closed','Process',0.00,0.00,0.00,NULL,NULL,NULL,NULL,0.0,0.00,9000000.00,0.00,NULL,0,1,'2021-08-10 06:45:34',NULL,NULL),
(13,'POS2021080003',0,'','2021-08-24',NULL,0,'',1,'Suhanda Souwmpie',71,'UD Sumber Sejati Jaya/Kunto','Muara Angke','Stock',NULL,'Closed','Closed',0.00,0.00,0.00,NULL,NULL,NULL,NULL,0.0,0.00,282500.00,0.00,NULL,0,1,'2021-09-02 06:57:18',1,'2021-09-22 08:11:17'),
(14,'POS2021080004',0,'','2021-08-24',NULL,0,'',1,'Suhanda Souwmpie',92,'Apiau','Muara Angke','Stock',NULL,'Closed','Closed',0.00,0.00,0.00,NULL,NULL,NULL,NULL,0.0,0.00,4799960.00,0.00,NULL,0,1,'2021-09-02 07:00:34',1,'2021-09-28 08:19:45'),
(15,'POS2021080005',0,'','2021-08-25',NULL,0,'',1,'Suhanda Souwmpie',92,'Apiau','Muara Angke','Stock',NULL,'Closed','Closed',0.00,0.00,0.00,NULL,NULL,NULL,NULL,0.0,0.00,184992.00,0.00,NULL,0,1,'2021-09-02 07:06:03',1,'2021-09-28 08:12:40'),
(16,'POS2021080006',0,'','2021-08-25',NULL,0,'',1,'Suhanda Souwmpie',94,'Lain-lain','Muara Angke','Masker Kain untuk SL2021080007',NULL,'Closed','Process',0.00,0.00,0.00,NULL,NULL,NULL,NULL,0.0,0.00,45000.00,0.00,NULL,0,1,'2021-09-02 07:39:55',NULL,NULL),
(17,'POS2021080007',0,'','2021-08-26',NULL,0,'',1,'Suhanda Souwmpie',94,'Lain-lain','Muara Angke','Neklin untuk SL2021080008',NULL,'Closed','Process',0.00,0.00,0.00,NULL,NULL,NULL,NULL,0.0,0.00,125000.00,0.00,NULL,0,1,'2021-09-02 07:48:35',NULL,NULL),
(18,'POS2021080008',0,'','2021-08-26',NULL,0,'',1,'Suhanda Souwmpie',94,'Lain-lain','Muara Angke','Selang Benang 1/2 inch SL2021080009',NULL,'Closed','Process',0.00,0.00,0.00,NULL,NULL,NULL,NULL,0.0,0.00,40662.00,0.00,NULL,0,1,'2021-09-02 08:26:06',NULL,NULL),
(19,'POS2021080009',0,'','2021-08-27',NULL,0,'',1,'Suhanda Souwmpie',78,'Toko Laris','Muara Angke','Stock',NULL,'Closed','Closed',0.00,0.00,0.00,NULL,NULL,NULL,NULL,0.0,0.00,610000.00,0.00,NULL,0,1,'2021-09-02 08:33:20',1,'2021-09-28 08:21:43'),
(20,'POS2021080010',0,'','2021-08-27',NULL,0,'',1,'Suhanda Souwmpie',189,'Toko Sinar Makmur','Muara Angke','Stock',NULL,'Closed','Closed',0.00,0.00,0.00,NULL,NULL,NULL,NULL,0.0,0.00,266976.00,0.00,NULL,0,1,'2021-09-02 08:51:43',1,'2021-09-28 08:15:10'),
(21,'POS2021080011',0,'','2021-08-27',NULL,0,'',1,'Suhanda Souwmpie',162,'Lautan Mas','Muara Angke','Stock',NULL,'Closed','Closed',0.00,0.00,0.00,NULL,NULL,NULL,NULL,0.0,0.00,5323075.63,0.00,NULL,0,1,'2021-09-02 09:06:30',1,'2021-09-28 08:20:27'),
(22,'POS2021080012',0,'','2021-08-27',NULL,0,'',1,'Suhanda Souwmpie',94,'Lain-lain','Muara Angke','Neklin untuk SL2021080010',NULL,'Closed','Process',0.00,0.00,0.00,NULL,NULL,NULL,NULL,0.0,0.00,125000.00,0.00,NULL,0,1,'2021-09-02 09:14:17',NULL,NULL),
(23,'POS2021080013',0,'','2021-08-31',NULL,0,'',1,'Suhanda Souwmpie',155,'Toya Jaya','Muara Angke','Stock',NULL,'Closed','Closed',0.00,0.00,0.00,NULL,NULL,NULL,NULL,0.0,0.00,960000.00,0.00,NULL,0,1,'2021-09-02 09:29:27',1,'2021-09-28 08:21:03'),
(24,'POS2021090001',0,'','2021-09-01',NULL,0,'',1,'Suhanda Souwmpie',76,'Toko Surya','Muara Angke','Stock',NULL,'Closed','Closed',0.00,0.00,0.00,NULL,NULL,NULL,NULL,0.0,0.00,790000.00,0.00,NULL,0,1,'2021-09-02 09:36:43',1,'2021-09-28 08:16:23'),
(25,'POS2021090002',0,'','2021-09-02',NULL,0,'',1,'Suhanda Souwmpie',84,'Operasional','Muara Angke','Stock',NULL,'Closed','Closed',0.00,0.00,0.00,NULL,NULL,NULL,NULL,0.0,0.00,1200000.00,0.00,NULL,0,1,'2021-09-03 05:54:28',1,'2021-09-28 08:17:03'),
(26,'POS2021070007',0,'','2021-07-31',NULL,0,'',1,'Suhanda Souwmpie',94,'Lain-lain','Muara Angke','B 9649 CQB',NULL,'Closed','Process',0.00,0.00,0.00,NULL,NULL,NULL,NULL,0.0,0.00,11833.00,0.00,NULL,0,1,'2021-09-03 06:35:25',NULL,NULL),
(27,'POS2021080014',0,'','2021-08-16',NULL,0,'',1,'Suhanda Souwmpie',94,'Lain-lain','Muara Angke','B 9424 VZM',NULL,'Closed','Process',0.00,0.00,0.00,NULL,NULL,NULL,NULL,0.0,0.00,21818.00,0.00,NULL,0,1,'2021-09-03 06:37:52',NULL,NULL),
(28,'POS2021090003',0,'','2021-09-03',NULL,0,'',1,'Suhanda Souwmpie',190,'Sumber_Abadi_sby','Muara Angke','Stock',NULL,'Closed','Closed',0.00,0.00,0.00,NULL,NULL,NULL,NULL,0.0,0.00,1094500.00,0.00,NULL,0,1,'2021-09-06 06:37:30',1,'2021-09-28 08:23:36'),
(29,'POS2021090004',0,'','2021-09-03',NULL,0,'',1,'Suhanda Souwmpie',94,'Lain-lain','Muara Angke','Stock',NULL,'Closed','Process',0.00,0.00,0.00,NULL,NULL,NULL,NULL,0.0,0.00,240000.00,0.00,NULL,0,1,'2021-09-06 06:39:01',NULL,NULL),
(30,'POS2021090005',0,'','2021-09-10',NULL,0,'',1,'Suhanda Souwmpie',141,'Aseng Maju Jaya','Muara Angke','Stock',NULL,'Closed','Closed',0.00,0.00,0.00,NULL,NULL,NULL,NULL,0.0,0.00,2600000.00,0.00,NULL,0,1,'2021-09-14 05:12:25',1,'2021-09-28 08:24:37'),
(31,'POS2021090006',0,'','2021-09-21',NULL,0,'',1,'Suhanda Souwmpie',94,'Lain-lain','Muara Angke','Neklin',NULL,'Closed','Process',0.00,0.00,0.00,NULL,NULL,NULL,NULL,0.0,0.00,249975000.00,0.00,NULL,0,1,'2021-09-21 07:10:14',NULL,NULL),
(32,'POS2021090007',0,'','2021-09-14',NULL,0,'',1,'Suhanda Souwmpie',191,'Badru','Muara Angke','Stock Rokok Apace Kretek',NULL,'Closed','Closed',0.00,0.00,0.00,NULL,NULL,NULL,NULL,0.0,0.00,6600000.00,0.00,NULL,0,1,'2021-09-21 08:13:03',1,'2021-09-28 08:26:00'),
(33,'POS2021090008',0,'','2021-09-21',NULL,0,'',1,'Suhanda Souwmpie',78,'Toko Laris','Muara Angke','Stock Gula',NULL,'Closed','Closed',0.00,0.00,0.00,NULL,NULL,NULL,NULL,0.0,0.00,610000.00,0.00,NULL,0,1,'2021-09-21 08:18:43',1,'2021-09-28 08:26:36'),
(34,'POS2021090009',0,'','2021-09-21',NULL,0,'',1,'Suhanda Souwmpie',84,'Operasional','Muara Angke','Stock',NULL,'Closed','Closed',0.00,0.00,0.00,NULL,NULL,NULL,NULL,0.0,0.00,787500.00,0.00,NULL,0,1,'2021-09-22 08:13:43',1,'2021-09-28 08:18:47'),
(35,'POS2021090010',0,'','2021-09-22',NULL,0,'',1,'Suhanda Souwmpie',84,'Operasional','Muara Angke','Stock',NULL,'Closed','Closed',0.00,0.00,0.00,NULL,NULL,NULL,NULL,0.0,0.00,650000.00,0.00,NULL,0,1,'2021-09-22 08:17:27',1,'2021-09-28 08:18:09'),
(36,'POS2021100001',0,'','2021-10-04',NULL,0,'',1,'Suhanda Souwmpie',92,'Apiau','Muara Angke','Stock',NULL,'Closed','Closed',0.00,0.00,0.00,NULL,NULL,NULL,NULL,0.0,0.00,4799960.00,0.00,NULL,0,1,'2021-10-06 08:45:57',1,'2021-10-23 06:09:36'),
(37,'POS2021100002',0,'','2021-10-05',NULL,0,'',1,'Suhanda Souwmpie',160,'Toko Sinar Makmur','Muara Angke','Stock',NULL,'Reject','Process',0.00,0.00,0.00,NULL,NULL,NULL,NULL,0.0,0.00,148000.00,0.00,NULL,0,1,'2021-10-06 08:48:23',NULL,NULL),
(38,'POS2021100003',0,'','2021-10-05',NULL,0,'',1,'Suhanda Souwmpie',160,'Toko Sinar Makmur','Muara Angke','Stock',NULL,'Closed','Process',0.00,0.00,0.00,NULL,NULL,NULL,NULL,0.0,0.00,160000.00,0.00,NULL,0,1,'2021-10-06 08:48:53',NULL,NULL),
(39,'POS2021100004',0,'','2021-10-05',NULL,0,'',1,'Suhanda Souwmpie',71,'UD Sumber Sejati Jaya/Kunto','Muara Angke','Putra Bintang Mas I Trip 3 2021',NULL,'Closed','Process',0.00,0.00,0.00,NULL,NULL,NULL,NULL,0.0,0.00,1036000.00,0.00,NULL,0,1,'2021-10-06 08:49:59',NULL,NULL),
(40,'POS2021100005',0,'','2021-10-08',NULL,0,'',1,'Suhanda Souwmpie',182,'PT. Cahaya Matahari Prima','Muara Angke','Stock',NULL,'Closed','Process',0.00,0.00,0.00,NULL,NULL,NULL,NULL,0.0,0.00,101200.00,0.00,NULL,0,1,'2021-10-09 07:45:40',NULL,NULL),
(41,'POS2021100006',0,'','2021-10-08',NULL,0,'',1,'Suhanda Souwmpie',178,'PANCA BARUNA','Muara Angke','Putra Bintang Mas I Trip 3 2021',NULL,'Reject','Process',0.00,0.00,0.00,NULL,NULL,NULL,NULL,0.0,0.00,875000.00,0.00,NULL,0,1,'2021-10-09 07:46:22',NULL,NULL),
(42,'POS2021100007',0,'','2021-10-08',NULL,0,'',1,'Suhanda Souwmpie',178,'PANCA BARUNA','Muara Angke','Stock',NULL,'Closed','Process',0.00,0.00,0.00,NULL,NULL,NULL,NULL,0.0,0.00,875000.00,0.00,NULL,0,1,'2021-10-09 07:47:09',NULL,NULL),
(43,'POS2021090011',0,'','2021-09-21',NULL,0,'',1,'Suhanda Souwmpie',191,'Badru','Muara Angke','Stock',NULL,'Reject','Process',0.00,0.00,0.00,NULL,NULL,NULL,NULL,0.0,0.00,610000.00,0.00,NULL,0,1,'2021-10-14 07:58:31',NULL,NULL),
(44,'POS2021090012',0,'','2021-09-21',NULL,0,'',1,'Suhanda Souwmpie',78,'Toko Laris','Muara Angke','Stock',NULL,'Closed','Process',0.00,0.00,0.00,NULL,NULL,NULL,NULL,0.0,0.00,610000.00,0.00,NULL,0,1,'2021-10-14 07:59:24',NULL,NULL),
(45,'POS2021100008',0,'','2021-10-05',NULL,0,'',1,'Suhanda Souwmpie',78,'Toko Laris','Muara Angke','Stock',NULL,'Closed','Process',0.00,0.00,0.00,NULL,NULL,NULL,NULL,0.0,0.00,780000.00,0.00,NULL,0,1,'2021-10-14 08:00:22',NULL,NULL),
(46,'POS2021100009',0,'','2021-10-08',NULL,0,'',1,'Suhanda Souwmpie',78,'Toko Laris','Muara Angke','Stock',NULL,'Closed','Process',0.00,0.00,0.00,NULL,NULL,NULL,NULL,0.0,0.00,5383000.00,0.00,NULL,0,1,'2021-10-14 08:01:06',NULL,NULL),
(47,'POS2021100010',0,'','2021-10-13',NULL,0,'',1,'Suhanda Souwmpie',156,'Bursa Isolasi','Muara Angke','Stock',NULL,'Closed','Process',0.00,0.00,0.00,NULL,NULL,NULL,NULL,0.0,0.00,575500.00,0.00,NULL,0,1,'2021-10-15 05:21:20',NULL,NULL),
(48,'POS2021100011',0,'','2021-10-14',NULL,0,'',1,'Suhanda Souwmpie',192,'Terus Jaya (Jembatan Lima)','Muara Angke','Stock',NULL,'Reject','Process',0.00,0.00,0.00,NULL,NULL,NULL,NULL,0.0,0.00,1350032.00,0.00,NULL,0,1,'2021-10-15 05:28:38',NULL,NULL),
(49,'POS2021100012',0,'','2021-10-14',NULL,0,'',1,'Suhanda Souwmpie',141,'Aseng Maju Jaya','Muara Angke','Stock',NULL,'Closed','Process',0.00,0.00,0.00,NULL,NULL,NULL,NULL,0.0,0.00,9000000.00,0.00,NULL,0,1,'2021-10-15 05:47:13',NULL,NULL),
(50,'POS2021100013',0,'','2021-10-13',NULL,0,'',1,'Suhanda Souwmpie',192,'Terus Jaya (Jembatan Lima)','Muara Angke','Stock',NULL,'Closed','Process',0.00,0.00,0.00,NULL,NULL,NULL,NULL,0.0,0.00,1350032.00,0.00,NULL,0,1,'2021-10-15 06:52:05',NULL,NULL),
(51,'POS2021100014',0,'','2021-10-18',NULL,0,'',1,'Suhanda Souwmpie',75,'Sinar Jaya Listrik','Muara Angke','Stock',NULL,'Closed','Process',0.00,0.00,0.00,NULL,NULL,NULL,NULL,0.0,0.00,1399000.00,0.00,NULL,0,1,'2021-10-18 09:10:53',NULL,NULL),
(52,'POS2021100015',0,'','2021-10-18',NULL,0,'',1,'Suhanda Souwmpie',193,'Berkah Satu Jaya (Tokopedia)','Muara Angke','Stock',NULL,'Closed','Process',0.00,0.00,0.00,NULL,NULL,NULL,NULL,0.0,0.00,566400.00,0.00,NULL,0,1,'2021-10-18 09:55:31',NULL,NULL),
(53,'POS2021100016',0,'','2021-10-17',NULL,0,'',1,'Suhanda Souwmpie',84,'Operasional','Muara Angke','Stock',NULL,'Closed','Process',0.00,0.00,0.00,NULL,NULL,NULL,NULL,0.0,0.00,789996.00,0.00,NULL,0,1,'2021-10-19 07:05:37',NULL,NULL),
(54,'POS2021100017',0,'','2021-10-18',NULL,0,'',1,'Suhanda Souwmpie',71,'UD Sumber Sejati Jaya/Kunto','Muara Angke','Stock',NULL,'Closed','Process',0.00,0.00,0.00,NULL,NULL,NULL,NULL,0.0,0.00,3239950.00,0.00,NULL,0,1,'2021-10-19 07:07:48',NULL,NULL),
(55,'POS2021100018',0,'','2021-10-19',NULL,0,'',1,'Suhanda Souwmpie',173,'Toko Aroma','Muara Angke','Stock',NULL,'Closed','Process',0.00,0.00,0.00,NULL,NULL,NULL,NULL,0.0,0.00,849960.00,0.00,NULL,0,1,'2021-10-21 07:31:07',NULL,NULL),
(56,'POS2021100019',0,'','2021-10-19',NULL,0,'',1,'Suhanda Souwmpie',84,'Operasional','Muara Angke','Stock',NULL,'Closed','Process',0.00,0.00,0.00,NULL,NULL,NULL,NULL,0.0,0.00,110000.00,0.00,NULL,0,1,'2021-10-21 07:38:29',NULL,NULL),
(57,'POS2021100020',0,'','2021-10-19',NULL,0,'',1,'Suhanda Souwmpie',194,'Sehati 2.6.4','Muara Angke','Stock',NULL,'Closed','Process',0.00,0.00,0.00,NULL,NULL,NULL,NULL,0.0,0.00,469920.00,0.00,NULL,0,1,'2021-10-21 07:43:10',NULL,NULL),
(58,'POS2021100021',0,'','2021-10-20',NULL,0,'',1,'Suhanda Souwmpie',78,'Toko Laris','Muara Angke','Stock',NULL,'Closed','Process',0.00,0.00,0.00,NULL,NULL,NULL,NULL,0.0,0.00,6160000.00,0.00,NULL,0,1,'2021-10-21 07:48:16',NULL,NULL),
(59,'POS2021100022',0,'','2021-10-23',NULL,0,'',1,'Suhanda Souwmpie',187,'Rejeki Niaga Abadi Supply','tes','tes',NULL,'Closed','Process',0.00,0.00,0.00,NULL,NULL,NULL,NULL,0.0,0.00,10000.00,0.00,NULL,0,1,'2021-10-23 06:00:29',NULL,NULL);

/*Table structure for table `trn_po_02` */

DROP TABLE IF EXISTS `trn_po_02`;

CREATE TABLE `trn_po_02` (
  `po_02_id` int(11) NOT NULL AUTO_INCREMENT COMMENT 'Id PO 02',
  `po_id` int(11) NOT NULL COMMENT 'Id PO 01',
  `items_id` int(11) NOT NULL COMMENT 'Id Items',
  `items_name` varchar(150) DEFAULT NULL COMMENT 'Nama Items',
  `qty` decimal(7,1) DEFAULT 0.0 COMMENT 'Qty Items',
  `price` decimal(12,2) DEFAULT 0.00 COMMENT 'Harga Items',
  `disc_percent` decimal(4,1) DEFAULT 0.0 COMMENT 'Dikon Persen',
  `disc_val` decimal(12,2) DEFAULT 0.00 COMMENT 'Diskon Nilai',
  `exchange_rate` decimal(10,2) DEFAULT 0.00 COMMENT 'nilai tukar',
  `subtotal` decimal(12,2) DEFAULT 0.00 COMMENT '(Harga Items x Qty Items)',
  `remarks` varchar(50) DEFAULT NULL COMMENT 'Info',
  `is_active` tinyint(1) DEFAULT 1,
  `pic_input` int(11) DEFAULT NULL,
  `input_time` datetime DEFAULT NULL,
  `pic_edit` int(11) DEFAULT NULL,
  `edit_time` datetime DEFAULT NULL,
  PRIMARY KEY (`po_02_id`),
  KEY `po_id` (`po_id`)
) ENGINE=InnoDB AUTO_INCREMENT=94 DEFAULT CHARSET=latin1;

/*Data for the table `trn_po_02` */

insert  into `trn_po_02`(`po_02_id`,`po_id`,`items_id`,`items_name`,`qty`,`price`,`disc_percent`,`disc_val`,`exchange_rate`,`subtotal`,`remarks`,`is_active`,`pic_input`,`input_time`,`pic_edit`,`edit_time`) values 
(1,1,39,'Kain campur/ Warna',1000.0,1300.00,0.0,0.00,0.00,1300000.00,'',1,1,'2021-07-15 01:37:16',NULL,NULL),
(2,2,23,'Kepala Kompor 203 (EMSTAR MT)',36.0,183000.00,0.0,0.00,0.00,6588000.00,'',1,1,'2021-07-15 01:37:49',NULL,NULL),
(3,3,14,'Teko HC No. 26/ Teko Alumunium',5.0,165000.00,0.0,0.00,0.00,825000.00,'',1,1,'2021-07-15 03:07:42',NULL,NULL),
(4,3,18,'Penggorengan no 18',5.0,50000.00,0.0,0.00,0.00,250000.00,'',1,1,'2021-07-15 03:07:42',NULL,NULL),
(5,3,28,'Centong nasi',12.0,3333.00,0.0,0.00,0.00,39996.00,'',1,1,'2021-07-15 03:07:42',NULL,NULL),
(6,3,33,'Serop/ Serok kerupuk 8 inch',8.0,15000.00,0.0,0.00,0.00,120000.00,'',1,1,'2021-07-15 03:07:42',NULL,NULL),
(7,3,1232,'Penggorengan no 16',1.0,60000.00,0.0,0.00,0.00,60000.00,'',1,1,'2021-07-15 03:07:42',NULL,NULL),
(8,4,179,'Oli Mesin',220.0,21818.00,0.0,0.00,0.00,4799960.00,'',1,1,'2021-07-22 01:24:42',NULL,NULL),
(9,5,188,'Plastik Cumi',15.0,550000.00,0.0,0.00,0.00,8250000.00,'',1,1,'2021-07-27 05:55:24',NULL,NULL),
(10,6,74,'Senar no 15',650.0,4000.00,0.0,0.00,0.00,2600000.00,'',1,1,'2021-07-27 06:00:54',NULL,NULL),
(11,6,75,'Senar no 20',880.0,4728.00,0.0,0.00,0.00,4160640.00,'',1,1,'2021-07-27 06:00:54',NULL,NULL),
(12,7,750,'V. Belt B 208',16.0,138500.00,0.0,0.00,0.00,2216000.00,'',1,1,'2021-07-27 06:15:17',NULL,NULL),
(13,8,21,'Rantang susun 3',12.0,29167.00,0.0,0.00,0.00,350004.00,'',1,1,'2021-07-28 07:32:58',NULL,NULL),
(14,9,20,'Mangkok plastik',96.0,3333.00,0.0,0.00,0.00,319968.00,'',1,1,'2021-07-28 07:33:30',NULL,NULL),
(15,10,136,'Comp. Dorin 63 VS',1.0,38750000.00,0.0,0.00,0.00,38750000.00,'',1,1,'2021-08-02 06:57:30',NULL,NULL),
(16,11,1,'Langseng/ Dandang 32inch',8.0,235000.00,0.0,0.00,0.00,1880000.00,'',1,1,'2021-08-10 06:43:35',NULL,NULL),
(17,12,42,'Pancing udang-udangan 2.0',2500.0,3600.00,0.0,0.00,0.00,9000000.00,'',1,1,'2021-08-10 06:45:34',NULL,NULL),
(18,13,48,'Jarum jahit',24.0,937.50,0.0,0.00,0.00,22500.00,'',1,1,'2021-09-02 06:57:18',NULL,NULL),
(19,13,94,'Lem dexton',50.0,5200.00,0.0,0.00,0.00,260000.00,'',1,1,'2021-09-02 06:57:18',NULL,NULL),
(20,14,179,'Oli Mesin',220.0,21818.00,0.0,0.00,0.00,4799960.00,'',1,1,'2021-09-02 07:00:34',NULL,NULL),
(21,15,97,'Lem merah/ Red Silicone 70gr',12.0,15416.00,0.0,0.00,0.00,184992.00,'',1,1,'2021-09-02 07:06:03',NULL,NULL),
(22,16,100,'Masker kain',1.0,45000.00,0.0,0.00,0.00,45000.00,'',1,1,'2021-09-02 07:39:55',NULL,NULL),
(23,17,187,'Neklin',5.0,25000.00,0.0,0.00,0.00,125000.00,'',1,1,'2021-09-02 07:48:35',NULL,NULL),
(24,18,1256,'Selang Benang 1/2 inch',6.0,6777.00,0.0,0.00,0.00,40662.00,'',1,1,'2021-09-02 08:26:06',NULL,NULL),
(25,19,283,'Gula',50.0,12200.00,0.0,0.00,0.00,610000.00,'',1,1,'2021-09-02 08:33:20',NULL,NULL),
(26,20,92,'Spidol (G-12) (M)',36.0,4833.00,0.0,0.00,0.00,173988.00,'',1,1,'2021-09-02 08:51:43',NULL,NULL),
(27,20,93,'Pulpen (Faster C6 (H))',36.0,2583.00,0.0,0.00,0.00,92988.00,'',1,1,'2021-09-02 08:51:43',NULL,NULL),
(28,21,58,'Pancing no 7 (Pancing Mustad 2335 No. 7)',11.0,77272.73,0.0,0.00,0.00,850000.03,'',1,1,'2021-09-02 09:06:30',NULL,NULL),
(29,21,61,'Kili-kili snap/ snep no 1',60.0,28737.50,0.0,0.00,0.00,1724250.00,'',1,1,'2021-09-02 09:06:30',NULL,NULL),
(30,21,69,'Kili-kili biasa no 3',60.0,10521.25,0.0,0.00,0.00,631275.00,'',1,1,'2021-09-02 09:06:30',NULL,NULL),
(31,21,70,'Kili-kili biasa no 4',60.0,10054.17,0.0,0.00,0.00,603250.20,'',1,1,'2021-09-02 09:06:30',NULL,NULL),
(32,21,72,'Kili-kili biasa no 6',120.0,7132.92,0.0,0.00,0.00,855950.40,'',1,1,'2021-09-02 09:06:30',NULL,NULL),
(33,21,73,'Kili-kili biasa no 8 (Swivel Putih 305 No. 8)',120.0,5486.25,0.0,0.00,0.00,658350.00,'',1,1,'2021-09-02 09:06:30',NULL,NULL),
(34,22,187,'Neklin',5.0,25000.00,0.0,0.00,0.00,125000.00,'',1,1,'2021-09-02 09:14:17',NULL,NULL),
(35,23,107,'Senter village 5720',12.0,80000.00,0.0,0.00,0.00,960000.00,'',1,1,'2021-09-02 09:29:27',NULL,NULL),
(36,24,117,'Papan Oli Cooler samping 6D (Cover)',2.0,340000.00,0.0,0.00,0.00,680000.00,'',1,1,'2021-09-02 09:36:43',NULL,NULL),
(37,24,737,'O Ring Oli Cooler 6D',2.0,30000.00,0.0,0.00,0.00,60000.00,'',1,1,'2021-09-02 09:36:43',NULL,NULL),
(38,24,740,'Packing Oli Cooler 6D',2.0,25000.00,0.0,0.00,0.00,50000.00,'',1,1,'2021-09-02 09:36:43',NULL,NULL),
(39,25,13,'Jas Hujan',12.0,100000.00,0.0,0.00,0.00,1200000.00,'',1,1,'2021-09-03 05:54:28',NULL,NULL),
(40,26,95,'Lem besi dexton 5 mnt',1.0,11833.00,0.0,0.00,0.00,11833.00,'',1,1,'2021-09-03 06:35:25',NULL,NULL),
(41,27,179,'Oli Mesin',1.0,21818.00,0.0,0.00,0.00,21818.00,'',1,1,'2021-09-03 06:37:52',NULL,NULL),
(42,28,83,'Mata Gergaji Besi (Sandflex 12 inch) 24T (TPI) BAHCO 18 Hologram Silver',100.0,10945.00,0.0,0.00,0.00,1094500.00,'',1,1,'2021-09-06 06:37:30',NULL,NULL),
(43,29,100,'Masker kain',5.0,45000.00,0.0,0.00,0.00,225000.00,'',1,1,'2021-09-06 06:39:01',NULL,NULL),
(44,29,1257,'Jarum Jahit 3 1/2 inch Lonceng',3.0,5000.00,0.0,0.00,0.00,15000.00,'',1,1,'2021-09-06 06:39:01',NULL,NULL),
(45,30,39,'Kain campur/ Warna',2000.0,1300.00,0.0,0.00,0.00,2600000.00,'',1,1,'2021-09-14 05:12:25',NULL,NULL),
(46,31,187,'Neklin',9999.0,25000.00,0.0,0.00,0.00,249975000.00,'',1,1,'2021-09-21 07:10:14',NULL,NULL),
(47,32,514,'Rokok Apace K (Kretek)',80.0,82500.00,0.0,0.00,0.00,6600000.00,'',1,1,'2021-09-21 08:13:03',NULL,NULL),
(48,33,283,'Gula',50.0,12200.00,0.0,0.00,0.00,610000.00,'',1,1,'2021-09-21 08:18:43',NULL,NULL),
(49,34,22,'Kompaan/ Pompa Ban/ Angin',15.0,52500.00,0.0,0.00,0.00,787500.00,'',1,1,'2021-09-22 08:13:43',NULL,NULL),
(50,35,1258,'Sepatu boot no 42',10.0,65000.00,0.0,0.00,0.00,650000.00,'',1,1,'2021-09-22 08:17:27',NULL,NULL),
(51,36,179,'Oli Mesin',220.0,21818.00,0.0,0.00,0.00,4799960.00,'',1,1,'2021-10-06 08:45:57',NULL,NULL),
(52,37,82,'Penggarisan Butterfly 30 cm (BT 30)',8.0,18500.00,0.0,0.00,0.00,148000.00,'',1,1,'2021-10-06 08:48:23',NULL,NULL),
(53,38,82,'Penggarisan Butterfly 30 cm (BT 30)',8.0,20000.00,0.0,0.00,0.00,160000.00,'',1,1,'2021-10-06 08:48:53',NULL,NULL),
(54,39,47,'Gunting ',96.0,2375.00,0.0,0.00,0.00,228000.00,'',1,1,'2021-10-06 08:49:59',NULL,NULL),
(55,39,49,'Kumis udang',9.0,32000.00,0.0,0.00,0.00,288000.00,'',1,1,'2021-10-06 08:49:59',NULL,NULL),
(56,39,94,'Lem dexton',100.0,5200.00,0.0,0.00,0.00,520000.00,'',1,1,'2021-10-06 08:49:59',NULL,NULL),
(57,40,1259,'Silikon Dinamo 10 KW (Matari) (STO-1-03 SILICON RECTIFIER (G))',2.0,50600.00,0.0,0.00,0.00,101200.00,'',1,1,'2021-10-09 07:45:40',NULL,NULL),
(58,41,125,'Asbes knalpot 3 in',5.0,175000.00,0.0,0.00,0.00,875000.00,'',1,1,'2021-10-09 07:46:22',NULL,NULL),
(59,42,125,'Asbes knalpot 3 in',5.0,175000.00,0.0,0.00,0.00,875000.00,'',1,1,'2021-10-09 07:47:09',NULL,NULL),
(60,43,283,'Gula',50.0,12200.00,0.0,0.00,0.00,610000.00,'',1,1,'2021-10-14 07:58:31',NULL,NULL),
(61,44,283,'Gula',50.0,12200.00,0.0,0.00,0.00,610000.00,'',1,1,'2021-10-14 07:59:24',NULL,NULL),
(62,45,283,'Gula',50.0,12200.00,0.0,0.00,0.00,610000.00,'',1,1,'2021-10-14 08:00:22',NULL,NULL),
(63,45,285,'Terigu',25.0,6800.00,0.0,0.00,0.00,170000.00,'',1,1,'2021-10-14 08:00:22',NULL,NULL),
(64,46,286,'Beras',9.0,475000.00,0.0,0.00,0.00,4275000.00,'',1,1,'2021-10-14 08:01:06',NULL,NULL),
(65,46,302,'Minyak Goreng',4.0,277000.00,0.0,0.00,0.00,1108000.00,'',1,1,'2021-10-14 08:01:06',NULL,NULL),
(66,47,101,'Solasiban/ Solasi Hitam (Nitto)',25.0,5500.00,0.0,0.00,0.00,137500.00,'',1,1,'2021-10-15 05:21:20',NULL,NULL),
(67,47,106,'Asbes Alumunium tape/prada',12.0,28000.00,0.0,0.00,0.00,336000.00,'',1,1,'2021-10-15 05:21:20',NULL,NULL),
(68,47,659,'Lakban Besar',12.0,8500.00,0.0,0.00,0.00,102000.00,'',1,1,'2021-10-15 05:21:20',NULL,NULL),
(69,48,34,'Selang kompor kuningan',25.0,38000.00,0.0,0.00,0.00,950000.00,'',1,1,'2021-10-15 05:28:38',NULL,NULL),
(70,48,36,'Spuyer kompor 203',100.0,3000.00,0.0,0.00,0.00,300000.00,'',1,1,'2021-10-15 05:28:38',NULL,NULL),
(71,48,37,'Jarum/ Colok kompor no 168',96.0,1042.00,0.0,0.00,0.00,100032.00,'',1,1,'2021-10-15 05:28:38',NULL,NULL),
(72,49,42,'Pancing udang-udangan 2.0',2500.0,3600.00,0.0,0.00,0.00,9000000.00,'',1,1,'2021-10-15 05:47:13',NULL,NULL),
(73,50,34,'Selang kompor kuningan',25.0,38000.00,0.0,0.00,0.00,950000.00,'',1,1,'2021-10-15 06:52:05',NULL,NULL),
(74,50,36,'Spuyer kompor 203',100.0,3000.00,0.0,0.00,0.00,300000.00,'',1,1,'2021-10-15 06:52:05',NULL,NULL),
(75,50,37,'Jarum/ Colok kompor no 168',96.0,1042.00,0.0,0.00,0.00,100032.00,'',1,1,'2021-10-15 06:52:05',NULL,NULL),
(76,51,114,'Terminal L3',12.0,12500.00,0.0,0.00,0.00,150000.00,'',1,1,'2021-10-18 09:10:53',NULL,NULL),
(77,51,576,'Colokan/ Steker Listrik Broco/ Uticon',60.0,7500.00,0.0,0.00,0.00,450000.00,'',1,1,'2021-10-18 09:10:53',NULL,NULL),
(78,51,1262,'Kabel Serabut Jembo 2x1.5 (Meter)',100.0,7990.00,0.0,0.00,0.00,799000.00,'',1,1,'2021-10-18 09:10:53',NULL,NULL),
(79,52,192,'Batu Gurinda Amplas (Kinik)',50.0,11328.00,0.0,0.00,0.00,566400.00,'',1,1,'2021-10-18 09:55:31',NULL,NULL),
(80,53,25,'Termos Air Panas (Solaris)',12.0,57500.00,0.0,0.00,0.00,690000.00,'',1,1,'2021-10-19 07:05:37',NULL,NULL),
(81,53,27,'Samsi/susruk',12.0,8333.00,0.0,0.00,0.00,99996.00,'',1,1,'2021-10-19 07:05:37',NULL,NULL),
(82,54,49,'Kumis udang',15.0,32000.00,0.0,0.00,0.00,480000.00,'',1,1,'2021-10-19 07:07:48',NULL,NULL),
(83,54,56,'Cincin kecil',100.0,5000.00,0.0,0.00,0.00,500000.00,'',1,1,'2021-10-19 07:07:48',NULL,NULL),
(84,54,76,'Senar no 30',75.0,6933.00,0.0,0.00,0.00,519975.00,'',1,1,'2021-10-19 07:07:48',NULL,NULL),
(85,54,78,'senar no 50',100.0,10400.00,0.0,0.00,0.00,1040000.00,'',1,1,'2021-10-19 07:07:48',NULL,NULL),
(86,54,79,'Senar no 60',45.0,11555.00,0.0,0.00,0.00,519975.00,'',1,1,'2021-10-19 07:07:48',NULL,NULL),
(87,54,89,'Silet SDI / Pisau Lipat',24.0,7500.00,0.0,0.00,0.00,180000.00,'',1,1,'2021-10-19 07:07:48',NULL,NULL),
(88,55,1137,'Piring Kaleng 22inch (Pcs)',120.0,7083.00,0.0,0.00,0.00,849960.00,'',1,1,'2021-10-21 07:31:07',NULL,NULL),
(89,56,31,'Sendok',10.0,11000.00,0.0,0.00,0.00,110000.00,'',1,1,'2021-10-21 07:38:29',NULL,NULL),
(90,57,135,'Mug / Cangkir/ Gelas plastik kecil',120.0,3916.00,0.0,0.00,0.00,469920.00,'',1,1,'2021-10-21 07:43:10',NULL,NULL),
(91,58,286,'Beras',10.0,475000.00,0.0,0.00,0.00,4750000.00,'',1,1,'2021-10-21 07:48:16',NULL,NULL),
(92,58,302,'Minyak Goreng',5.0,282000.00,0.0,0.00,0.00,1410000.00,'',1,1,'2021-10-21 07:48:16',NULL,NULL),
(93,59,1233,'test1',1.0,10000.00,0.0,0.00,0.00,10000.00,'',1,1,'2021-10-23 06:00:29',NULL,NULL);

/*Table structure for table `trn_po_dp` */

DROP TABLE IF EXISTS `trn_po_dp`;

CREATE TABLE `trn_po_dp` (
  `pd_id` int(11) NOT NULL COMMENT 'Id Tabel',
  `supplier_id` int(11) DEFAULT NULL COMMENT 'Id Supplier',
  `supplier_name` varchar(30) DEFAULT NULL COMMENT 'Nama Supplier',
  `pd_no` varchar(15) DEFAULT NULL COMMENT 'No Dokumen',
  `pd_date` date DEFAULT NULL COMMENT 'Tanggal Dokumen',
  `po_id` int(11) DEFAULT NULL COMMENT 'Id PO',
  `po_no` varchar(15) DEFAULT NULL COMMENT 'No PO',
  `amount` decimal(10,2) DEFAULT 0.00 COMMENT 'Nilai DP',
  `remarks` varchar(180) DEFAULT NULL COMMENT 'Keterangan Singkat',
  `is_active` tinyint(1) DEFAULT 1 COMMENT 'Status Dokumen',
  `pic_input` int(11) DEFAULT NULL,
  `input_time` datetime DEFAULT NULL,
  `pic_edit` int(11) DEFAULT NULL,
  `edit_time` datetime DEFAULT NULL,
  PRIMARY KEY (`pd_id`),
  KEY `supplier_id` (`supplier_id`),
  KEY `po_id` (`po_id`),
  CONSTRAINT `trn_po_dp_ibfk_1` FOREIGN KEY (`supplier_id`) REFERENCES `db_master_shp`.`mst_supplier` (`supplier_id`) ON UPDATE CASCADE
) ENGINE=InnoDB DEFAULT CHARSET=latin1;

/*Data for the table `trn_po_dp` */

/*Table structure for table `trn_po_payment_01` */

DROP TABLE IF EXISTS `trn_po_payment_01`;

CREATE TABLE `trn_po_payment_01` (
  `pp_id` int(11) NOT NULL AUTO_INCREMENT COMMENT 'Id PO Payment',
  `pp_no` varchar(15) DEFAULT NULL COMMENT 'Nomor PO Payment',
  `pp_date` date DEFAULT NULL COMMENT 'Tanggal Dokumen',
  `company_id` int(11) DEFAULT NULL COMMENT 'Id Company',
  `company_name` varchar(50) DEFAULT NULL COMMENT 'Nama Company',
  `supplier_id` int(11) DEFAULT NULL COMMENT 'Id Supplier',
  `supplier_name` varchar(50) DEFAULT NULL,
  `payment_type` varchar(30) DEFAULT '0' COMMENT 'Jenis Pembayaran',
  `grand_total` decimal(12,2) DEFAULT 0.00 COMMENT 'Total Keseluruhan',
  `is_active` int(2) DEFAULT NULL,
  `pic_input` int(11) DEFAULT NULL,
  `input_time` datetime DEFAULT NULL,
  `pic_edit` int(11) DEFAULT NULL,
  `edit_time` datetime DEFAULT NULL,
  PRIMARY KEY (`pp_id`)
) ENGINE=InnoDB AUTO_INCREMENT=29 DEFAULT CHARSET=latin1;

/*Data for the table `trn_po_payment_01` */

insert  into `trn_po_payment_01`(`pp_id`,`pp_no`,`pp_date`,`company_id`,`company_name`,`supplier_id`,`supplier_name`,`payment_type`,`grand_total`,`is_active`,`pic_input`,`input_time`,`pic_edit`,`edit_time`) values 
(1,'PMS2021070001','2021-07-19',1,'Suhanda Souwmpie',71,'UD Sumber Sejati Jaya/Kunto','Transfer',6760640.00,1,1,'2021-07-27 06:01:54',1,'2021-07-27 06:01:54'),
(2,'PMS2021070002','2021-07-21',1,'Suhanda Souwmpie',107,'Hendri','Transfer',8250000.00,1,1,'2021-07-27 06:02:28',1,'2021-07-27 06:02:28'),
(3,'PMS2021070003','2021-06-17',1,'Suhanda Souwmpie',141,'Aseng Maju Jaya','Transfer',1300000.00,1,1,'2021-07-27 06:03:36',1,'2021-07-27 06:03:36'),
(4,'PMS2021070004','2021-06-29',1,'Suhanda Souwmpie',140,'PD. Aladin Kompor','Transfer',6588000.00,1,1,'2021-07-27 06:05:18',1,'2021-07-27 06:05:18'),
(5,'PMS2021070005','2021-07-22',1,'Suhanda Souwmpie',173,'Toko Aroma','Cash',1294996.00,1,1,'2021-07-27 06:06:44',1,'2021-07-27 06:06:44'),
(6,'PMS2021070006','2021-07-16',1,'Suhanda Souwmpie',92,'Apiau','Transfer',4799960.00,1,1,'2021-07-27 06:07:04',1,'2021-07-27 06:07:04'),
(7,'PMS2021070007','2021-07-23',1,'Suhanda Souwmpie',77,'Talimas/ IndoGear','Transfer',2216000.00,1,1,'2021-07-27 06:16:51',1,'2021-07-27 06:16:51'),
(8,'PMS2021070008','2021-06-27',1,'Suhanda Souwmpie',84,'Operasional','Cash',350004.00,1,1,'2021-07-28 07:34:44',1,'2021-07-28 07:34:44'),
(9,'PMS2021070009','2021-07-10',1,'Suhanda Souwmpie',84,'Operasional','Cash',319968.00,1,1,'2021-07-28 07:34:57',1,'2021-07-28 07:34:57'),
(10,'PMS2021090001','2021-08-24',1,'Suhanda Souwmpie',71,'UD Sumber Sejati Jaya/Kunto','Cash',282500.00,0,1,'2021-09-15 08:25:02',1,'2021-09-21 08:04:32'),
(12,'PMS2021080001','2021-08-26',1,'Suhanda Souwmpie',71,'UD Sumber Sejati Jaya/Kunto','Cash',282500.00,1,1,'2021-09-22 08:11:17',1,'2021-09-22 08:11:17'),
(13,'PMS2021080002','2021-08-25',1,'Suhanda Souwmpie',92,'Apiau','Cash',184992.00,1,1,'2021-09-28 08:12:40',1,'2021-09-28 08:12:40'),
(14,'PMS2021090002','2021-09-27',1,'Suhanda Souwmpie',189,'Toko Sinar Makmur','Cash',266976.00,0,1,'2021-09-28 08:14:31',1,'2021-09-28 08:14:45'),
(15,'PMS2021080003','2021-08-27',1,'Suhanda Souwmpie',189,'Toko Sinar Makmur','Cash',266976.00,1,1,'2021-09-28 08:15:10',1,'2021-09-28 08:15:10'),
(16,'PMS2021090003','2021-09-01',1,'Suhanda Souwmpie',76,'Toko Surya','Cash',790000.00,1,1,'2021-09-28 08:16:23',1,'2021-09-28 08:16:23'),
(17,'PMS2021090004','2021-09-02',1,'Suhanda Souwmpie',84,'Operasional','Cash',1200000.00,1,1,'2021-09-28 08:17:03',1,'2021-09-28 08:17:03'),
(18,'PMS2021090005','2021-09-22',1,'Suhanda Souwmpie',84,'Operasional','Cash',650000.00,1,1,'2021-09-28 08:18:09',1,'2021-09-28 08:18:09'),
(19,'PMS2021090006','2021-09-21',1,'Suhanda Souwmpie',84,'Operasional','Cash',787500.00,1,1,'2021-09-28 08:18:47',1,'2021-09-28 08:18:47'),
(20,'PMS2021080004','2021-08-24',1,'Suhanda Souwmpie',92,'Apiau','Transfer',4799960.00,1,1,'2021-09-28 08:19:45',1,'2021-09-28 08:19:45'),
(21,'PMS2021080005','2021-08-24',1,'Suhanda Souwmpie',162,'Lautan Mas','Transfer',5323075.63,1,1,'2021-09-28 08:20:27',1,'2021-09-28 08:20:27'),
(22,'PMS2021080006','2021-08-31',1,'Suhanda Souwmpie',155,'Toya Jaya','Transfer',960000.00,1,1,'2021-09-28 08:21:03',1,'2021-09-28 08:21:03'),
(23,'PMS2021090007','2021-09-27',1,'Suhanda Souwmpie',78,'Toko Laris','Transfer',610000.00,1,1,'2021-09-28 08:21:43',1,'2021-09-28 08:21:43'),
(24,'PMS2021090008','2021-09-03',1,'Suhanda Souwmpie',190,'Sumber_Abadi_sby','Transfer',1094500.00,1,1,'2021-09-28 08:23:36',1,'2021-09-28 08:23:36'),
(25,'PMS2021090009','2021-09-10',1,'Suhanda Souwmpie',141,'Aseng Maju Jaya','Transfer',2600000.00,1,1,'2021-09-28 08:24:37',1,'2021-09-28 08:24:37'),
(26,'PMS2021090010','2021-09-14',1,'Suhanda Souwmpie',191,'Badru','Transfer',6600000.00,1,1,'2021-09-28 08:26:00',1,'2021-09-28 08:26:00'),
(27,'PMS2021090011','2021-09-21',1,'Suhanda Souwmpie',78,'Toko Laris','Transfer',610000.00,1,1,'2021-09-28 08:26:36',1,'2021-09-28 08:26:36'),
(28,'PMS2021100001','2021-10-22',1,'Suhanda Souwmpie',92,'Apiau','Transfer',4799960.00,1,1,'2021-10-23 06:09:36',1,'2021-10-23 06:09:36');

/*Table structure for table `trn_po_payment_02` */

DROP TABLE IF EXISTS `trn_po_payment_02`;

CREATE TABLE `trn_po_payment_02` (
  `pp_02_id` int(11) NOT NULL AUTO_INCREMENT COMMENT '⁯Id Detail PO Generate',
  `pp_id` int(11) DEFAULT NULL COMMENT 'Id Header PO Generate',
  `po_id` int(11) DEFAULT NULL COMMENT 'Id PO',
  `po_no` varchar(15) DEFAULT NULL COMMENT 'Nomor PO',
  `amount` decimal(12,2) DEFAULT 0.00 COMMENT 'Nilai PO',
  `disc_percent` decimal(4,1) DEFAULT 0.0,
  `disc_value` decimal(12,2) DEFAULT 0.00 COMMENT 'Nilai Diskon',
  `total` decimal(12,2) DEFAULT 0.00,
  `is_active` int(2) DEFAULT NULL,
  PRIMARY KEY (`pp_02_id`)
) ENGINE=InnoDB AUTO_INCREMENT=29 DEFAULT CHARSET=latin1;

/*Data for the table `trn_po_payment_02` */

insert  into `trn_po_payment_02`(`pp_02_id`,`pp_id`,`po_id`,`po_no`,`amount`,`disc_percent`,`disc_value`,`total`,`is_active`) values 
(1,1,6,'POS2021070003',6760640.00,0.0,0.00,6760640.00,1),
(2,2,5,'POS2021070002',8250000.00,0.0,0.00,8250000.00,1),
(3,3,1,'POS2021060001',1300000.00,0.0,0.00,1300000.00,1),
(4,4,2,'POS2021060002',6588000.00,0.0,0.00,6588000.00,1),
(5,5,3,'POS2021060003',1294996.00,0.0,0.00,1294996.00,1),
(6,6,4,'POS2021070001',4799960.00,0.0,0.00,4799960.00,1),
(7,7,7,'POS2021070004',2216000.00,0.0,0.00,2216000.00,1),
(8,8,8,'POS2021060004',350004.00,0.0,0.00,350004.00,1),
(9,9,9,'POS2021070005',319968.00,0.0,0.00,319968.00,1),
(10,10,13,'POS2021080003',282500.00,0.0,0.00,282500.00,0),
(11,11,13,'POS2021080003',282500.00,0.0,0.00,282500.00,0),
(12,12,13,'POS2021080003',282500.00,0.0,0.00,282500.00,1),
(13,13,15,'POS2021080005',184992.00,0.0,0.00,184992.00,1),
(14,14,20,'POS2021080010',266976.00,0.0,0.00,266976.00,0),
(15,15,20,'POS2021080010',266976.00,0.0,0.00,266976.00,1),
(16,16,24,'POS2021090001',790000.00,0.0,0.00,790000.00,1),
(17,17,25,'POS2021090002',1200000.00,0.0,0.00,1200000.00,1),
(18,18,35,'POS2021090010',650000.00,0.0,0.00,650000.00,1),
(19,19,34,'POS2021090009',787500.00,0.0,0.00,787500.00,1),
(20,20,14,'POS2021080004',4799960.00,0.0,0.00,4799960.00,1),
(21,21,21,'POS2021080011',5323075.63,0.0,0.00,5323075.63,1),
(22,22,23,'POS2021080013',960000.00,0.0,0.00,960000.00,1),
(23,23,19,'POS2021080009',610000.00,0.0,0.00,610000.00,1),
(24,24,28,'POS2021090003',1094500.00,0.0,0.00,1094500.00,1),
(25,25,30,'POS2021090005',2600000.00,0.0,0.00,2600000.00,1),
(26,26,32,'POS2021090007',6600000.00,0.0,0.00,6600000.00,1),
(27,27,33,'POS2021090008',610000.00,0.0,0.00,610000.00,1),
(28,28,36,'POS2021100001',4799960.00,0.0,0.00,4799960.00,1);

/*Table structure for table `trn_pr_01` */

DROP TABLE IF EXISTS `trn_pr_01`;

CREATE TABLE `trn_pr_01` (
  `pr_id` int(11) NOT NULL AUTO_INCREMENT COMMENT 'Id Pr',
  `po_no` varchar(15) DEFAULT NULL COMMENT 'Ref PO',
  `pr_no` varchar(15) NOT NULL COMMENT 'Nomor Pr',
  `pr_date` date NOT NULL COMMENT 'Tanggal Pr',
  `requester` varchar(30) DEFAULT NULL COMMENT 'User Request',
  `project_id` int(11) DEFAULT NULL COMMENT 'Id Project',
  `project_name` varchar(50) DEFAULT NULL COMMENT 'Nama Project',
  `company_id` int(11) DEFAULT NULL COMMENT 'Id Company',
  `company_name` varchar(50) DEFAULT NULL COMMENT 'Nama Company',
  `supplier_id` int(11) DEFAULT NULL COMMENT 'Id Supplier',
  `supplier_name` varchar(50) DEFAULT NULL,
  `file_quotation` tinyint(2) DEFAULT NULL COMMENT '1 = Terdapat file 0 = Tidak ada File',
  `delivery_address` varchar(200) DEFAULT NULL COMMENT 'Alamat Pengiriman',
  `pr_info` varchar(50) DEFAULT NULL COMMENT 'Keterangan Pr',
  `currency_id` int(3) DEFAULT NULL COMMENT 'mata uang pr',
  `pr_status` varchar(20) DEFAULT NULL COMMENT 'Status Pr (New, Process, Pending, Terminated, Close)',
  `transport_fee` decimal(12,2) DEFAULT 0.00 COMMENT 'Biaya Transport (Non PPN)',
  `ppn_percent` decimal(12,2) DEFAULT 0.00 COMMENT 'PPN Persen',
  `ppn_value` decimal(12,2) DEFAULT 0.00 COMMENT 'Nilai PPN',
  `top` varchar(30) DEFAULT NULL,
  `pph` int(1) DEFAULT NULL COMMENT '1 = Menggunakan PPH 0 = Tidak ada PPH',
  `pph_value` decimal(12,2) DEFAULT NULL COMMENT 'Value PPH',
  `pbbkb` int(1) DEFAULT NULL COMMENT '1 = Menggunakan pbbkb 0 = Tidak ada pbbkb',
  `pbbkb_value` decimal(12,2) DEFAULT NULL COMMENT 'Value Pbbkb',
  `total` decimal(12,2) DEFAULT 0.00 COMMENT 'Total',
  `pic_input` int(11) DEFAULT NULL,
  `input_time` datetime DEFAULT NULL,
  `pic_edit` int(11) DEFAULT NULL,
  `edit_time` datetime DEFAULT NULL,
  `approve_level` int(1) DEFAULT 0 COMMENT 'Approval Level Untuk PR 0=dept suport, 1=finance, 2=Cost Control, 3=BOD, 4=presdir',
  PRIMARY KEY (`pr_id`)
) ENGINE=InnoDB AUTO_INCREMENT=60 DEFAULT CHARSET=latin1;

/*Data for the table `trn_pr_01` */

insert  into `trn_pr_01`(`pr_id`,`po_no`,`pr_no`,`pr_date`,`requester`,`project_id`,`project_name`,`company_id`,`company_name`,`supplier_id`,`supplier_name`,`file_quotation`,`delivery_address`,`pr_info`,`currency_id`,`pr_status`,`transport_fee`,`ppn_percent`,`ppn_value`,`top`,`pph`,`pph_value`,`pbbkb`,`pbbkb_value`,`total`,`pic_input`,`input_time`,`pic_edit`,`edit_time`,`approve_level`) values 
(1,'POS2021060001','PRS2021060001','2021-06-17','Badru',NULL,NULL,1,'Suhanda Souwmpie',NULL,NULL,NULL,NULL,'Stock',NULL,'Close',0.00,0.00,0.00,NULL,NULL,NULL,NULL,NULL,0.00,1,'2021-07-15 01:36:07',NULL,NULL,0),
(2,'POS2021060002','PRS2021060002','2021-06-29','Badru',NULL,NULL,1,'Suhanda Souwmpie',NULL,NULL,NULL,NULL,'Stock',NULL,'Close',0.00,0.00,0.00,NULL,NULL,NULL,NULL,NULL,0.00,1,'2021-07-15 01:36:37',NULL,NULL,0),
(3,'POS2021060003','PRS2021060003','2021-06-22','Cong Hin',NULL,NULL,1,'Suhanda Souwmpie',NULL,NULL,NULL,NULL,'Stock',NULL,'Close',0.00,0.00,0.00,NULL,NULL,NULL,NULL,NULL,0.00,1,'2021-07-15 03:06:10',NULL,NULL,0),
(4,'POS2021070001','PRS2021070001','2021-07-16','Badru',NULL,NULL,1,'Suhanda Souwmpie',NULL,NULL,NULL,NULL,'Stock',NULL,'Close',0.00,0.00,0.00,NULL,NULL,NULL,NULL,NULL,0.00,1,'2021-07-22 01:24:03',NULL,NULL,0),
(5,'POS2021070002','PRS2021070002','2021-07-21','Badru',NULL,NULL,1,'Suhanda Souwmpie',NULL,NULL,NULL,NULL,'Stock',NULL,'Close',0.00,0.00,0.00,NULL,NULL,NULL,NULL,NULL,0.00,1,'2021-07-27 05:53:58',NULL,NULL,0),
(6,'POS2021070003','PRS2021070003','2021-07-19','Badru',NULL,NULL,1,'Suhanda Souwmpie',NULL,NULL,NULL,NULL,'Stock',NULL,'Close',0.00,0.00,0.00,NULL,NULL,NULL,NULL,NULL,0.00,1,'2021-07-27 05:58:06',NULL,NULL,0),
(7,'POS2021070004','PRS2021070004','2021-07-23','Badru',NULL,NULL,1,'Suhanda Souwmpie',NULL,NULL,NULL,NULL,'Stock',NULL,'Close',0.00,0.00,0.00,NULL,NULL,NULL,NULL,NULL,0.00,1,'2021-07-27 06:13:57',NULL,NULL,0),
(8,'POS2021060004','PRS2021060004','2021-06-27','Cong Hin',NULL,NULL,1,'Suhanda Souwmpie',NULL,NULL,NULL,NULL,'Stock',NULL,'Close',0.00,0.00,0.00,NULL,NULL,NULL,NULL,NULL,0.00,1,'2021-07-28 07:31:18',NULL,NULL,0),
(9,'POS2021070005','PRS2021070005','2021-07-10','Cong Hin',NULL,NULL,1,'Suhanda Souwmpie',NULL,NULL,NULL,NULL,'Stock',NULL,'Close',0.00,0.00,0.00,NULL,NULL,NULL,NULL,NULL,0.00,1,'2021-07-28 07:31:46',NULL,NULL,0),
(10,'POS2021070006','PRS2021070006','2021-07-24','Badru',NULL,NULL,1,'Suhanda Souwmpie',NULL,NULL,NULL,NULL,'Stock',NULL,'Close',0.00,0.00,0.00,NULL,NULL,NULL,NULL,NULL,0.00,1,'2021-08-02 06:56:20',NULL,NULL,0),
(11,NULL,'PRS2021070007','2021-07-31','Badru',NULL,NULL,1,'Suhanda Souwmpie',NULL,NULL,NULL,NULL,'Irwan Jaya Trip 2 2021',NULL,'Reject',0.00,0.00,0.00,NULL,NULL,NULL,NULL,NULL,0.00,1,'2021-08-02 07:07:04',1,'2021-08-02 07:07:22',0),
(12,NULL,'PRS2021080001','2021-08-03','Badru',NULL,NULL,1,'Suhanda Souwmpie',NULL,NULL,NULL,NULL,'Stock',NULL,'Reject',0.00,0.00,0.00,NULL,NULL,NULL,NULL,NULL,0.00,1,'2021-08-04 08:37:33',1,'2021-08-04 08:39:01',0),
(13,'POS2021080001','PRS2021080002','2021-08-04','Cong Hin',NULL,NULL,1,'Suhanda Souwmpie',NULL,NULL,NULL,NULL,'Stock',NULL,'Close',0.00,0.00,0.00,NULL,NULL,NULL,NULL,NULL,0.00,1,'2021-08-10 06:35:38',NULL,NULL,0),
(14,'POS2021080002','PRS2021080003','2021-08-09','Badru',NULL,NULL,1,'Suhanda Souwmpie',NULL,NULL,NULL,NULL,'Stock',NULL,'Close',0.00,0.00,0.00,NULL,NULL,NULL,NULL,NULL,0.00,1,'2021-08-10 06:45:14',NULL,NULL,0),
(15,'POS2021080003','PRS2021080004','2021-08-24','Badru',NULL,NULL,1,'Suhanda Souwmpie',NULL,NULL,NULL,NULL,'Stock',NULL,'Close',0.00,0.00,0.00,NULL,NULL,NULL,NULL,NULL,0.00,1,'2021-09-02 06:54:59',NULL,NULL,0),
(16,'POS2021080004','PRS2021080005','2021-08-24','Badru',NULL,NULL,1,'Suhanda Souwmpie',NULL,NULL,NULL,NULL,'Stock',NULL,'Close',0.00,0.00,0.00,NULL,NULL,NULL,NULL,NULL,0.00,1,'2021-09-02 07:00:01',NULL,NULL,0),
(17,'POS2021080005','PRS2021080006','2021-08-25','Badru',NULL,NULL,1,'Suhanda Souwmpie',NULL,NULL,NULL,NULL,'Stock',NULL,'Close',0.00,0.00,0.00,NULL,NULL,NULL,NULL,NULL,0.00,1,'2021-09-02 07:05:01',NULL,NULL,0),
(18,'POS2021080006','PRS2021080007','2021-08-25','Suhanda',NULL,NULL,1,'Suhanda Souwmpie',NULL,NULL,NULL,NULL,'Masker Kain untuk SL2021080007',NULL,'Close',0.00,0.00,0.00,NULL,NULL,NULL,NULL,NULL,0.00,1,'2021-09-02 07:39:33',NULL,NULL,0),
(19,'POS2021080007','PRS2021080008','2021-08-26','Suhanda',NULL,NULL,1,'Suhanda Souwmpie',NULL,NULL,NULL,NULL,'Neklin untuk SL2021080008',NULL,'Close',0.00,0.00,0.00,NULL,NULL,NULL,NULL,NULL,0.00,1,'2021-09-02 07:48:13',NULL,NULL,0),
(20,'POS2021080008','PRS2021080009','2021-08-26','Suhanda',NULL,NULL,1,'Suhanda Souwmpie',NULL,NULL,NULL,NULL,'Selang Benang 1/2 inch SL2021080009',NULL,'Close',0.00,0.00,0.00,NULL,NULL,NULL,NULL,NULL,0.00,1,'2021-09-02 08:25:43',NULL,NULL,0),
(21,'POS2021080009','PRS2021080010','2021-08-27','Cong Hin',NULL,NULL,1,'Suhanda Souwmpie',NULL,NULL,NULL,NULL,'Stock',NULL,'Close',0.00,0.00,0.00,NULL,NULL,NULL,NULL,NULL,0.00,1,'2021-09-02 08:32:34',NULL,NULL,0),
(22,'POS2021080010','PRS2021080011','2021-08-27','Badru',NULL,NULL,1,'Suhanda Souwmpie',NULL,NULL,NULL,NULL,'Stock',NULL,'Close',0.00,0.00,0.00,NULL,NULL,NULL,NULL,NULL,0.00,1,'2021-09-02 08:48:40',NULL,NULL,0),
(23,'POS2021080011','PRS2021080012','2021-08-27','Badru',NULL,NULL,1,'Suhanda Souwmpie',NULL,NULL,NULL,NULL,'Stock',NULL,'Close',0.00,0.00,0.00,NULL,NULL,NULL,NULL,NULL,0.00,1,'2021-09-02 08:55:13',NULL,NULL,0),
(24,'POS2021080012','PRS2021080013','2021-08-27','Badru',NULL,NULL,1,'Suhanda Souwmpie',NULL,NULL,NULL,NULL,'Neklin untuk SL2021080010',NULL,'Close',0.00,0.00,0.00,NULL,NULL,NULL,NULL,NULL,0.00,1,'2021-09-02 09:13:42',NULL,NULL,0),
(25,'POS2021080013','PRS2021080014','2021-08-31','Badru',NULL,NULL,1,'Suhanda Souwmpie',NULL,NULL,NULL,NULL,'Stock',NULL,'Close',0.00,0.00,0.00,NULL,NULL,NULL,NULL,NULL,0.00,1,'2021-09-02 09:27:26',NULL,NULL,0),
(26,'POS2021090001','PRS2021090001','2021-09-01','Badru',NULL,NULL,1,'Suhanda Souwmpie',NULL,NULL,NULL,NULL,'Stock',NULL,'Close',0.00,0.00,0.00,NULL,NULL,NULL,NULL,NULL,0.00,1,'2021-09-02 09:34:52',NULL,NULL,0),
(27,'POS2021090002','PRS2021090002','2021-09-02','Badru',NULL,NULL,1,'Suhanda Souwmpie',NULL,NULL,NULL,NULL,'Stock',NULL,'Close',0.00,0.00,0.00,NULL,NULL,NULL,NULL,NULL,0.00,1,'2021-09-03 05:53:58',NULL,NULL,0),
(28,'POS2021070007','PRS2021070008','2021-07-31','Hermanto',NULL,NULL,1,'Suhanda Souwmpie',NULL,NULL,NULL,NULL,'B 9649 CQB',NULL,'Close',0.00,0.00,0.00,NULL,NULL,NULL,NULL,NULL,0.00,1,'2021-09-03 06:35:02',NULL,NULL,0),
(29,'POS2021080014','PRS2021080015','2021-08-16','Suhanda',NULL,NULL,1,'Suhanda Souwmpie',NULL,NULL,NULL,NULL,'B 9424 VZM',NULL,'Close',0.00,0.00,0.00,NULL,NULL,NULL,NULL,NULL,0.00,1,'2021-09-03 06:37:34',NULL,NULL,0),
(30,'POS2021090003','PRS2021090003','2021-09-03','Badru',NULL,NULL,1,'Suhanda Souwmpie',NULL,NULL,NULL,NULL,'Stock',NULL,'Close',0.00,0.00,0.00,NULL,NULL,NULL,NULL,NULL,0.00,1,'2021-09-06 06:36:39',NULL,NULL,0),
(31,'POS2021090004','PRS2021090004','2021-09-03','Badru',NULL,NULL,1,'Suhanda Souwmpie',NULL,NULL,NULL,NULL,'Stock',NULL,'Close',0.00,0.00,0.00,NULL,NULL,NULL,NULL,NULL,0.00,1,'2021-09-06 06:38:44',NULL,NULL,0),
(32,'POS2021090005','PRS2021090005','2021-09-10','Badru',NULL,NULL,1,'Suhanda Souwmpie',NULL,NULL,NULL,NULL,'Stock',NULL,'Close',0.00,0.00,0.00,NULL,NULL,NULL,NULL,NULL,0.00,1,'2021-09-14 05:12:03',NULL,NULL,0),
(33,'POS2021090006','PRS2021090006','2021-09-10','Suhanda',NULL,NULL,1,'Suhanda Souwmpie',NULL,NULL,NULL,NULL,'Neklin',NULL,'Close',0.00,0.00,0.00,NULL,NULL,NULL,NULL,NULL,0.00,1,'2021-09-21 07:07:22',NULL,NULL,0),
(34,'POS2021090007','PRS2021090007','2021-09-14','Suhanda',NULL,NULL,1,'Suhanda Souwmpie',NULL,NULL,NULL,NULL,'Stock Rokok Apace Kretek',NULL,'Close',0.00,0.00,0.00,NULL,NULL,NULL,NULL,NULL,0.00,1,'2021-09-21 08:11:10',NULL,NULL,0),
(35,'POS2021090008','PRS2021090008','2021-09-21','Suhanda',NULL,NULL,1,'Suhanda Souwmpie',NULL,NULL,NULL,NULL,'Stock Gula',NULL,'Close',0.00,0.00,0.00,NULL,NULL,NULL,NULL,NULL,0.00,1,'2021-09-21 08:17:08',NULL,NULL,0),
(36,'POS2021090009','PRS2021090009','2021-09-21','Badru',NULL,NULL,1,'Suhanda Souwmpie',NULL,NULL,NULL,NULL,'Stock',NULL,'Close',0.00,0.00,0.00,NULL,NULL,NULL,NULL,NULL,0.00,1,'2021-09-22 08:13:07',NULL,NULL,0),
(37,'POS2021090010','PRS2021090010','2021-09-22','Cong Hin',NULL,NULL,1,'Suhanda Souwmpie',NULL,NULL,NULL,NULL,'Stock',NULL,'Close',0.00,0.00,0.00,NULL,NULL,NULL,NULL,NULL,0.00,1,'2021-09-22 08:17:07',NULL,NULL,0),
(38,'POS2021100001','PRS2021100001','2021-10-04','Badru',NULL,NULL,1,'Suhanda Souwmpie',NULL,NULL,NULL,NULL,'Stock',NULL,'Close',0.00,0.00,0.00,NULL,NULL,NULL,NULL,NULL,0.00,1,'2021-10-06 08:39:53',NULL,NULL,0),
(39,'POS2021100003','PRS2021100002','2021-10-05','Badru',NULL,NULL,1,'Suhanda Souwmpie',NULL,NULL,NULL,NULL,'Stock',NULL,'Close',0.00,0.00,0.00,NULL,NULL,NULL,NULL,NULL,0.00,1,'2021-10-06 08:40:13',NULL,NULL,0),
(40,'POS2021100004','PRS2021100003','2021-10-05','Badru',NULL,NULL,1,'Suhanda Souwmpie',NULL,NULL,NULL,NULL,'Putra Bintang Mas I Trip 3 2021',NULL,'Close',0.00,0.00,0.00,NULL,NULL,NULL,NULL,NULL,0.00,1,'2021-10-06 08:41:50',NULL,NULL,0),
(41,NULL,'PRS2021100004','2021-10-08','Badru',NULL,NULL,1,'Suhanda Souwmpie',NULL,NULL,NULL,NULL,'Stock',NULL,'Reject',0.00,0.00,0.00,NULL,NULL,NULL,NULL,NULL,0.00,1,'2021-10-09 07:10:38',1,'2021-10-09 07:44:14',0),
(42,'POS2021100005','PRS2021100005','2021-10-08','Badru',NULL,NULL,1,'Suhanda Souwmpie',NULL,NULL,NULL,NULL,'Stock',NULL,'Close',0.00,0.00,0.00,NULL,NULL,NULL,NULL,NULL,0.00,1,'2021-10-09 07:14:31',NULL,NULL,0),
(43,'POS2021100007','PRS2021100006','2021-10-08','Badru',NULL,NULL,1,'Suhanda Souwmpie',NULL,NULL,NULL,NULL,'Putra Bintang Mas I Trip 3 2021',NULL,'Close',0.00,0.00,0.00,NULL,NULL,NULL,NULL,NULL,0.00,1,'2021-10-09 07:44:55',NULL,NULL,0),
(44,'POS2021090012','PRS2021090011','2021-09-21','Badru',NULL,NULL,1,'Suhanda Souwmpie',NULL,NULL,NULL,NULL,'Stock',NULL,'Close',0.00,0.00,0.00,NULL,NULL,NULL,NULL,NULL,0.00,1,'2021-10-14 07:51:19',NULL,NULL,0),
(45,'POS2021100008','PRS2021100007','2021-10-05','Badru',NULL,NULL,1,'Suhanda Souwmpie',NULL,NULL,NULL,NULL,'Stock',NULL,'Close',0.00,0.00,0.00,NULL,NULL,NULL,NULL,NULL,0.00,1,'2021-10-14 07:52:20',NULL,NULL,0),
(46,'POS2021100009','PRS2021100008','2021-10-08','Badru',NULL,NULL,1,'Suhanda Souwmpie',NULL,NULL,NULL,NULL,'Stock',NULL,'Close',0.00,0.00,0.00,NULL,NULL,NULL,NULL,NULL,0.00,1,'2021-10-14 07:56:10',NULL,NULL,0),
(47,'POS2021100010','PRS2021100009','2021-10-13','Badru',NULL,NULL,1,'Suhanda Souwmpie',NULL,NULL,NULL,NULL,'Stock',NULL,'Close',0.00,0.00,0.00,NULL,NULL,NULL,NULL,NULL,0.00,1,'2021-10-15 05:14:01',NULL,NULL,0),
(48,'POS2021100013','PRS2021100010','2021-10-13','Badru',NULL,NULL,1,'Suhanda Souwmpie',NULL,NULL,NULL,NULL,'Stock',NULL,'Close',0.00,0.00,0.00,NULL,NULL,NULL,NULL,NULL,0.00,1,'2021-10-15 05:19:15',NULL,NULL,0),
(49,'POS2021100012','PRS2021100011','2021-10-14','Badru',NULL,NULL,1,'Suhanda Souwmpie',NULL,NULL,NULL,NULL,'Stock',NULL,'Close',0.00,0.00,0.00,NULL,NULL,NULL,NULL,NULL,0.00,1,'2021-10-15 05:19:49',NULL,NULL,0),
(50,'POS2021100014','PRS2021100012','2021-10-18','Badru',NULL,NULL,1,'Suhanda Souwmpie',NULL,NULL,NULL,NULL,'Stock',NULL,'Close',0.00,0.00,0.00,NULL,NULL,NULL,NULL,NULL,0.00,1,'2021-10-18 09:08:57',NULL,NULL,0),
(51,'POS2021100015','PRS2021100013','2021-10-18','Badru',NULL,NULL,1,'Suhanda Souwmpie',NULL,NULL,NULL,NULL,'Stock',NULL,'Close',0.00,0.00,0.00,NULL,NULL,NULL,NULL,NULL,0.00,1,'2021-10-18 09:54:35',NULL,NULL,0),
(52,'POS2021100016','PRS2021100014','2021-10-17','Cong Hin',NULL,NULL,1,'Suhanda Souwmpie',NULL,NULL,NULL,NULL,'Stock',NULL,'Close',0.00,0.00,0.00,NULL,NULL,NULL,NULL,NULL,0.00,1,'2021-10-19 07:01:32',NULL,NULL,0),
(53,'POS2021100017','PRS2021100015','2021-10-18','Badru',NULL,NULL,1,'Suhanda Souwmpie',NULL,NULL,NULL,NULL,'Stock',NULL,'Close',0.00,0.00,0.00,NULL,NULL,NULL,NULL,NULL,0.00,1,'2021-10-19 07:03:10',NULL,NULL,0),
(54,'POS2021100018','PRS2021100016','2021-10-19','Cong Hin',NULL,NULL,1,'Suhanda Souwmpie',NULL,NULL,NULL,NULL,'Stock',NULL,'Close',0.00,0.00,0.00,NULL,NULL,NULL,NULL,NULL,0.00,1,'2021-10-21 07:22:23',NULL,NULL,0),
(55,'POS2021100019','PRS2021100017','2021-10-19','Cong Hin',NULL,NULL,1,'Suhanda Souwmpie',NULL,NULL,NULL,NULL,'Stock',NULL,'Close',0.00,0.00,0.00,NULL,NULL,NULL,NULL,NULL,0.00,1,'2021-10-21 07:22:54',NULL,NULL,0),
(56,'POS2021100020','PRS2021100018','2021-10-19','Cong Hin',NULL,NULL,1,'Suhanda Souwmpie',NULL,NULL,NULL,NULL,'Stock',NULL,'Close',0.00,0.00,0.00,NULL,NULL,NULL,NULL,NULL,0.00,1,'2021-10-21 07:24:21',NULL,NULL,0),
(57,'POS2021100021','PRS2021100019','2021-10-20','Cong Hin',NULL,NULL,1,'Suhanda Souwmpie',NULL,NULL,NULL,NULL,'Stock',NULL,'Close',0.00,0.00,0.00,NULL,NULL,NULL,NULL,NULL,0.00,1,'2021-10-21 07:47:17',NULL,NULL,0),
(58,'POS2021100022','PRS2021100020','2021-10-23','tes',NULL,NULL,1,'Suhanda Souwmpie',NULL,NULL,NULL,NULL,'tes',NULL,'Close',0.00,0.00,0.00,NULL,NULL,NULL,NULL,NULL,0.00,1,'2021-10-23 06:00:12',NULL,NULL,0),
(59,NULL,'PRS2021100021','2021-10-23','asd',NULL,NULL,1,'Suhanda Souwmpie',NULL,NULL,NULL,NULL,'',NULL,'Process',0.00,0.00,0.00,NULL,NULL,NULL,NULL,NULL,0.00,1,'2021-10-23 06:01:42',NULL,NULL,0);

/*Table structure for table `trn_pr_02` */

DROP TABLE IF EXISTS `trn_pr_02`;

CREATE TABLE `trn_pr_02` (
  `pr_02_id` int(11) NOT NULL AUTO_INCREMENT COMMENT 'Id Pr 02',
  `pr_id` int(11) NOT NULL COMMENT 'Id Pr 01',
  `items_id` int(11) NOT NULL COMMENT 'Id Items',
  `items_name` varchar(150) DEFAULT NULL COMMENT 'Nama Items',
  `qty` decimal(7,1) DEFAULT NULL COMMENT 'Qty Items',
  `price` decimal(12,2) DEFAULT NULL COMMENT 'Harga Items',
  `exchange_rate` decimal(10,2) DEFAULT NULL COMMENT 'nilai tukar',
  `subtotal` decimal(12,2) DEFAULT NULL COMMENT '(Harga Items x Qty Items)',
  `remarks` varchar(50) DEFAULT NULL COMMENT 'Info',
  `is_active` tinyint(1) DEFAULT 1,
  `pic_input` int(11) DEFAULT NULL,
  `input_time` datetime DEFAULT NULL,
  `pic_edit` int(11) DEFAULT NULL,
  `edit_time` datetime DEFAULT NULL,
  PRIMARY KEY (`pr_02_id`),
  KEY `pr_id` (`pr_id`)
) ENGINE=InnoDB AUTO_INCREMENT=98 DEFAULT CHARSET=latin1;

/*Data for the table `trn_pr_02` */

insert  into `trn_pr_02`(`pr_02_id`,`pr_id`,`items_id`,`items_name`,`qty`,`price`,`exchange_rate`,`subtotal`,`remarks`,`is_active`,`pic_input`,`input_time`,`pic_edit`,`edit_time`) values 
(1,1,39,'Kain campur/ Warna',1000.0,NULL,NULL,NULL,'',1,1,'2021-07-15 01:36:07',NULL,NULL),
(2,2,23,'Kepala Kompor 203 (EMSTAR MT)',36.0,NULL,NULL,NULL,'',1,1,'2021-07-15 01:36:37',NULL,NULL),
(3,3,14,'Teko HC No. 26/ Teko Alumunium',5.0,NULL,NULL,NULL,'',1,1,'2021-07-15 03:06:10',NULL,NULL),
(4,3,18,'Penggorengan no 18',5.0,NULL,NULL,NULL,'',1,1,'2021-07-15 03:06:10',NULL,NULL),
(5,3,1232,'Penggorengan no 16',1.0,NULL,NULL,NULL,'',1,1,'2021-07-15 03:06:10',NULL,NULL),
(6,3,28,'Centong nasi',12.0,NULL,NULL,NULL,'',1,1,'2021-07-15 03:06:10',NULL,NULL),
(7,3,33,'Serop/ Serok kerupuk 8 inch',8.0,NULL,NULL,NULL,'',1,1,'2021-07-15 03:06:10',NULL,NULL),
(8,4,179,'Oli Mesin',220.0,NULL,NULL,NULL,'',1,1,'2021-07-22 01:24:03',NULL,NULL),
(9,5,188,'Plastik Cumi',15.0,NULL,NULL,NULL,'',1,1,'2021-07-27 05:53:58',NULL,NULL),
(10,6,74,'Senar no 15',650.0,NULL,NULL,NULL,'',1,1,'2021-07-27 05:58:06',NULL,NULL),
(11,6,75,'Senar no 20',880.0,NULL,NULL,NULL,'',1,1,'2021-07-27 05:58:06',NULL,NULL),
(12,7,750,'V. Belt B 208',16.0,NULL,NULL,NULL,'',1,1,'2021-07-27 06:13:57',NULL,NULL),
(13,8,21,'Rantang susun 3',12.0,NULL,NULL,NULL,'',1,1,'2021-07-28 07:31:18',NULL,NULL),
(14,9,20,'Mangkok plastik',96.0,NULL,NULL,NULL,'',1,1,'2021-07-28 07:31:46',NULL,NULL),
(15,10,136,'Comp. Dorin 63 VS',1.0,NULL,NULL,NULL,'',1,1,'2021-08-02 06:56:20',NULL,NULL),
(16,11,1,'Langseng/ Dandang 32inch',1.0,NULL,NULL,NULL,'',1,1,'2021-08-02 07:07:04',NULL,NULL),
(17,11,62,'kili-kili snap no 3',12.0,NULL,NULL,NULL,'',1,1,'2021-08-02 07:07:04',NULL,NULL),
(18,11,42,'Pancing udang-udangan 2.0',100.0,NULL,NULL,NULL,'',1,1,'2021-08-02 07:07:04',NULL,NULL),
(19,11,78,'senar no 50',5.0,NULL,NULL,NULL,'',1,1,'2021-08-02 07:07:04',NULL,NULL),
(20,11,51,'Serampad PE 380/D60 Dolpin Hitam',1.0,NULL,NULL,NULL,'',1,1,'2021-08-02 07:07:04',NULL,NULL),
(21,11,94,'Lem dexton',15.0,NULL,NULL,NULL,'',1,1,'2021-08-02 07:07:04',NULL,NULL),
(22,12,459,'V. Belt B 45',6.0,NULL,NULL,NULL,'',1,1,'2021-08-04 08:37:33',NULL,NULL),
(23,12,1234,'V. Belt B 60',5.0,NULL,NULL,NULL,'',1,1,'2021-08-04 08:37:33',NULL,NULL),
(24,13,1,'Langseng/ Dandang 32inch',8.0,NULL,NULL,NULL,'',1,1,'2021-08-10 06:35:38',NULL,NULL),
(25,14,42,'Pancing udang-udangan 2.0',2500.0,NULL,NULL,NULL,'',1,1,'2021-08-10 06:45:14',NULL,NULL),
(26,15,94,'Lem dexton',50.0,NULL,NULL,NULL,'',1,1,'2021-09-02 06:54:59',NULL,NULL),
(27,15,48,'Jarum jahit',24.0,NULL,NULL,NULL,'',1,1,'2021-09-02 06:54:59',NULL,NULL),
(28,16,179,'Oli Mesin',220.0,NULL,NULL,NULL,'',1,1,'2021-09-02 07:00:01',NULL,NULL),
(29,17,97,'Lem merah/ Red Silicone 70gr',12.0,NULL,NULL,NULL,'',1,1,'2021-09-02 07:05:01',NULL,NULL),
(30,18,100,'Masker kain',1.0,NULL,NULL,NULL,'',1,1,'2021-09-02 07:39:33',NULL,NULL),
(31,19,187,'Neklin',5.0,NULL,NULL,NULL,'',1,1,'2021-09-02 07:48:13',NULL,NULL),
(32,20,1256,'Selang Benang 1/2 inch',6.0,NULL,NULL,NULL,'',1,1,'2021-09-02 08:25:43',NULL,NULL),
(33,21,283,'Gula',50.0,NULL,NULL,NULL,'',1,1,'2021-09-02 08:32:34',NULL,NULL),
(34,22,93,'Pulpen (Faster C6 (H))',36.0,NULL,NULL,NULL,'',1,1,'2021-09-02 08:48:40',NULL,NULL),
(35,22,92,'Spidol (G-12) (M)',36.0,NULL,NULL,NULL,'',1,1,'2021-09-02 08:48:40',NULL,NULL),
(36,23,69,'Kili-kili biasa no 3',60.0,NULL,NULL,NULL,'',1,1,'2021-09-02 08:55:13',NULL,NULL),
(37,23,70,'Kili-kili biasa no 4',60.0,NULL,NULL,NULL,'',1,1,'2021-09-02 08:55:13',NULL,NULL),
(38,23,72,'Kili-kili biasa no 6',120.0,NULL,NULL,NULL,'',1,1,'2021-09-02 08:55:13',NULL,NULL),
(39,23,73,'Kili-kili biasa no 8 (Swivel Putih 305 No. 8)',120.0,NULL,NULL,NULL,'',1,1,'2021-09-02 08:55:13',NULL,NULL),
(40,23,61,'Kili-kili snap/ snep no 1',60.0,NULL,NULL,NULL,'',1,1,'2021-09-02 08:55:13',NULL,NULL),
(41,23,58,'Pancing no 7 (Pancing Mustad 2335 No. 7)',11.0,NULL,NULL,NULL,'',1,1,'2021-09-02 08:55:13',NULL,NULL),
(42,24,187,'Neklin',5.0,NULL,NULL,NULL,'',1,1,'2021-09-02 09:13:42',NULL,NULL),
(43,25,107,'Senter village 5720',12.0,NULL,NULL,NULL,'',1,1,'2021-09-02 09:27:26',NULL,NULL),
(44,26,117,'Papan Oli Cooler samping 6D (Cover)',2.0,NULL,NULL,NULL,'',1,1,'2021-09-02 09:34:52',NULL,NULL),
(45,26,740,'Packing Oli Cooler 6D',2.0,NULL,NULL,NULL,'',1,1,'2021-09-02 09:34:52',NULL,NULL),
(46,26,737,'O Ring Oli Cooler 6D',2.0,NULL,NULL,NULL,'',1,1,'2021-09-02 09:34:52',NULL,NULL),
(47,27,13,'Jas Hujan',12.0,NULL,NULL,NULL,'',1,1,'2021-09-03 05:53:58',NULL,NULL),
(48,28,95,'Lem besi dexton 5 mnt',1.0,NULL,NULL,NULL,'',1,1,'2021-09-03 06:35:02',NULL,NULL),
(49,29,179,'Oli Mesin',1.0,NULL,NULL,NULL,'',1,1,'2021-09-03 06:37:34',NULL,NULL),
(50,30,83,'Mata Gergaji Besi (Sandflex 12 inch) 24T (TPI) BAHCO 18 Hologram Silver',100.0,NULL,NULL,NULL,'',1,1,'2021-09-06 06:36:39',NULL,NULL),
(51,31,100,'Masker kain',5.0,NULL,NULL,NULL,'',1,1,'2021-09-06 06:38:44',NULL,NULL),
(52,31,1257,'Jarum Jahit 3 1/2 inch Lonceng',3.0,NULL,NULL,NULL,'',1,1,'2021-09-06 06:38:44',NULL,NULL),
(53,32,39,'Kain campur/ Warna',2000.0,NULL,NULL,NULL,'',1,1,'2021-09-14 05:12:03',NULL,NULL),
(54,33,187,'Neklin',9999.0,NULL,NULL,NULL,'',1,1,'2021-09-21 07:07:22',NULL,NULL),
(55,34,514,'Rokok Apace K (Kretek)',80.0,NULL,NULL,NULL,'',1,1,'2021-09-21 08:11:10',NULL,NULL),
(56,35,283,'Gula',50.0,NULL,NULL,NULL,'',1,1,'2021-09-21 08:17:08',NULL,NULL),
(57,36,22,'Kompaan/ Pompa Ban/ Angin',15.0,NULL,NULL,NULL,'',1,1,'2021-09-22 08:13:07',NULL,NULL),
(58,37,1258,'Sepatu boot no 42',10.0,NULL,NULL,NULL,'',1,1,'2021-09-22 08:17:07',NULL,NULL),
(59,38,179,'Oli Mesin',220.0,NULL,NULL,NULL,'',1,1,'2021-10-06 08:39:53',NULL,NULL),
(60,39,82,'Penggarisan Butterfly 30 cm (BT 30)',8.0,NULL,NULL,NULL,'',1,1,'2021-10-06 08:40:13',NULL,NULL),
(61,40,94,'Lem dexton',100.0,NULL,NULL,NULL,'',1,1,'2021-10-06 08:41:50',NULL,NULL),
(62,40,47,'Gunting ',96.0,NULL,NULL,NULL,'',1,1,'2021-10-06 08:41:50',NULL,NULL),
(63,40,49,'Kumis udang',9.0,NULL,NULL,NULL,'',1,1,'2021-10-06 08:41:50',NULL,NULL),
(64,41,125,'Asbes knalpot 3 in',6.0,NULL,NULL,NULL,'',1,1,'2021-10-09 07:10:38',NULL,NULL),
(65,42,1259,'Silikon Dinamo 10 KW (Matari) (STO-1-03 SILICON RECTIFIER (G))',2.0,NULL,NULL,NULL,'',1,1,'2021-10-09 07:14:31',NULL,NULL),
(66,43,125,'Asbes knalpot 3 in',5.0,NULL,NULL,NULL,'',1,1,'2021-10-09 07:44:55',NULL,NULL),
(67,44,283,'Gula',50.0,NULL,NULL,NULL,'',1,1,'2021-10-14 07:51:19',NULL,NULL),
(68,45,283,'Gula',50.0,NULL,NULL,NULL,'',1,1,'2021-10-14 07:52:20',NULL,NULL),
(69,45,285,'Terigu',25.0,NULL,NULL,NULL,'',1,1,'2021-10-14 07:52:20',NULL,NULL),
(70,46,286,'Beras',9.0,NULL,NULL,NULL,'',1,1,'2021-10-14 07:56:10',NULL,NULL),
(71,46,302,'Minyak Goreng',4.0,NULL,NULL,NULL,'',1,1,'2021-10-14 07:56:10',NULL,NULL),
(72,47,101,'Solasiban/ Solasi Hitam (Nitto)',25.0,NULL,NULL,NULL,'',1,1,'2021-10-15 05:14:01',NULL,NULL),
(73,47,106,'Asbes Alumunium tape/prada',12.0,NULL,NULL,NULL,'',1,1,'2021-10-15 05:14:01',NULL,NULL),
(74,47,659,'Lakban Besar',12.0,NULL,NULL,NULL,'',1,1,'2021-10-15 05:14:01',NULL,NULL),
(75,48,36,'Spuyer kompor 203',100.0,NULL,NULL,NULL,'',1,1,'2021-10-15 05:19:15',NULL,NULL),
(76,48,37,'Jarum/ Colok kompor no 168',96.0,NULL,NULL,NULL,'',1,1,'2021-10-15 05:19:15',NULL,NULL),
(77,48,34,'Selang kompor kuningan',25.0,NULL,NULL,NULL,'',1,1,'2021-10-15 05:19:15',NULL,NULL),
(78,49,42,'Pancing udang-udangan 2.0',2500.0,NULL,NULL,NULL,'',1,1,'2021-10-15 05:19:49',NULL,NULL),
(79,50,1262,'Kabel Serabut Jembo 2x1.5 (Meter)',100.0,NULL,NULL,NULL,'',1,1,'2021-10-18 09:08:57',NULL,NULL),
(80,50,114,'Terminal L3',12.0,NULL,NULL,NULL,'',1,1,'2021-10-18 09:08:57',NULL,NULL),
(81,50,576,'Colokan/ Steker Listrik Broco/ Uticon',60.0,NULL,NULL,NULL,'',1,1,'2021-10-18 09:08:57',NULL,NULL),
(82,51,192,'Batu Gurinda Amplas (Kinik)',50.0,NULL,NULL,NULL,'',1,1,'2021-10-18 09:54:35',NULL,NULL),
(83,52,27,'Samsi/susruk',12.0,NULL,NULL,NULL,'',1,1,'2021-10-19 07:01:32',NULL,NULL),
(84,52,25,'Termos Air Panas (Solaris)',12.0,NULL,NULL,NULL,'',1,1,'2021-10-19 07:01:32',NULL,NULL),
(85,53,89,'Silet SDI / Pisau Lipat',24.0,NULL,NULL,NULL,'',1,1,'2021-10-19 07:03:10',NULL,NULL),
(86,53,56,'Cincin kecil',100.0,NULL,NULL,NULL,'',1,1,'2021-10-19 07:03:10',NULL,NULL),
(87,53,49,'Kumis udang',15.0,NULL,NULL,NULL,'',1,1,'2021-10-19 07:03:10',NULL,NULL),
(88,53,78,'senar no 50',100.0,NULL,NULL,NULL,'',1,1,'2021-10-19 07:03:10',NULL,NULL),
(89,53,76,'Senar no 30',75.0,NULL,NULL,NULL,'',1,1,'2021-10-19 07:03:10',NULL,NULL),
(90,53,79,'Senar no 60',45.0,NULL,NULL,NULL,'',1,1,'2021-10-19 07:03:10',NULL,NULL),
(91,54,1137,'Piring Kaleng 22inch (Pcs)',120.0,NULL,NULL,NULL,'',1,1,'2021-10-21 07:22:23',NULL,NULL),
(92,55,31,'Sendok',10.0,NULL,NULL,NULL,'',1,1,'2021-10-21 07:22:54',NULL,NULL),
(93,56,135,'Mug / Cangkir/ Gelas plastik kecil',120.0,NULL,NULL,NULL,'',1,1,'2021-10-21 07:24:21',NULL,NULL),
(94,57,286,'Beras',10.0,NULL,NULL,NULL,'',1,1,'2021-10-21 07:47:17',NULL,NULL),
(95,57,302,'Minyak Goreng',5.0,NULL,NULL,NULL,'',1,1,'2021-10-21 07:47:17',NULL,NULL),
(96,58,1233,'test1',1.0,NULL,NULL,NULL,'',1,1,'2021-10-23 06:00:12',NULL,NULL),
(97,59,1233,'test1',1.0,NULL,NULL,NULL,'',1,1,'2021-10-23 06:01:42',NULL,NULL);

/*Table structure for table `trn_production_01` */

DROP TABLE IF EXISTS `trn_production_01`;

CREATE TABLE `trn_production_01` (
  `production_01_id` int(11) NOT NULL,
  `items_id` int(11) DEFAULT NULL,
  `items_name` varchar(100) DEFAULT NULL,
  `qty` int(11) DEFAULT NULL,
  `pic_input` varchar(50) DEFAULT NULL,
  `input_time` datetime DEFAULT NULL,
  `pic_edit` varchar(50) DEFAULT NULL,
  `edit_time` datetime DEFAULT NULL,
  PRIMARY KEY (`production_01_id`)
) ENGINE=InnoDB DEFAULT CHARSET=utf8mb4;

/*Data for the table `trn_production_01` */

/*Table structure for table `trn_production_02` */

DROP TABLE IF EXISTS `trn_production_02`;

CREATE TABLE `trn_production_02` (
  `production_02_id` int(11) NOT NULL AUTO_INCREMENT,
  `production_01_id` int(11) DEFAULT NULL,
  `items_id` int(11) DEFAULT NULL,
  `items_name` varchar(100) DEFAULT NULL,
  `items_unit` varchar(50) DEFAULT NULL,
  `qty` decimal(8,2) DEFAULT NULL,
  PRIMARY KEY (`production_02_id`)
) ENGINE=InnoDB DEFAULT CHARSET=utf8mb4;

/*Data for the table `trn_production_02` */

/*Table structure for table `trn_sales_01` */

DROP TABLE IF EXISTS `trn_sales_01`;

CREATE TABLE `trn_sales_01` (
  `sales_id` int(11) NOT NULL COMMENT 'Id Tabel',
  `sales_date` date DEFAULT NULL COMMENT 'Tanggal',
  `sales_no` varchar(15) DEFAULT NULL COMMENT 'Nomor Dokumen',
  `warehouse_id` int(11) DEFAULT NULL,
  `warehouse_name` varchar(55) DEFAULT NULL COMMENT 'Nama Project',
  `company_id` int(10) DEFAULT NULL COMMENT 'Id Company',
  `company_name` varchar(50) DEFAULT NULL COMMENT 'Nama Company',
  `fc_id` int(11) DEFAULT NULL COMMENT 'Id Customer',
  `fc_name` varchar(100) DEFAULT NULL COMMENT 'Nama Customer',
  `total_owner_price` decimal(14,2) DEFAULT 0.00 COMMENT 'Total Owner Price',
  `total_cust_price` decimal(14,2) DEFAULT 0.00 COMMENT 'Total Cust Price',
  `total_gov_price` decimal(14,2) DEFAULT 0.00 COMMENT 'Total Government Price',
  `remarks` varchar(200) DEFAULT NULL COMMENT 'Keterangan',
  `doc_status` varchar(15) DEFAULT NULL COMMENT 'New, Outstanding, Closed',
  `is_cancel` tinyint(1) DEFAULT 0 COMMENT 'Flag Pembatalan',
  `disc_value` decimal(12,2) DEFAULT 0.00,
  `disc_percent` decimal(5,2) DEFAULT 0.00,
  `pic_input` varchar(15) DEFAULT NULL,
  `input_time` datetime DEFAULT NULL,
  `pic_edit` varchar(15) DEFAULT NULL,
  `edit_time` datetime DEFAULT NULL,
  PRIMARY KEY (`sales_id`),
  UNIQUE KEY `sales_no` (`sales_no`),
  KEY `company_id` (`company_id`),
  KEY `fc_id` (`fc_id`),
  KEY `trn_sales_01_ibfk_1` (`warehouse_id`),
  CONSTRAINT `trn_sales_01_ibfk_1` FOREIGN KEY (`warehouse_id`) REFERENCES `db_pos_master`.`mst_warehouse` (`warehouse_id`) ON UPDATE CASCADE,
  CONSTRAINT `trn_sales_01_ibfk_2` FOREIGN KEY (`company_id`) REFERENCES `db_pos_master`.`mst_company` (`company_id`) ON UPDATE CASCADE,
  CONSTRAINT `trn_sales_01_ibfk_3` FOREIGN KEY (`fc_id`) REFERENCES `db_pos_master`.`mst_customer` (`fc_id`) ON UPDATE CASCADE
) ENGINE=InnoDB DEFAULT CHARSET=latin1;

/*Data for the table `trn_sales_01` */

insert  into `trn_sales_01`(`sales_id`,`sales_date`,`sales_no`,`warehouse_id`,`warehouse_name`,`company_id`,`company_name`,`fc_id`,`fc_name`,`total_owner_price`,`total_cust_price`,`total_gov_price`,`remarks`,`doc_status`,`is_cancel`,`disc_value`,`disc_percent`,`pic_input`,`input_time`,`pic_edit`,`edit_time`) values 
(1,'2021-06-17','SL2021060001',4,'',1,'Suhanda Souwmpie',4,'Berkat Bintang Mas',0.00,935000.00,0.00,'Paketan Berkat Bintang Mas','Close',0,0.00,0.00,'1','2021-07-22 01:32:51',NULL,NULL),
(2,'2021-07-27','SL2021070001',4,'',1,'Suhanda Souwmpie',3,'Putra Bintang Mas I (Suhanda)',0.00,1030000.00,0.00,'','New',0,0.00,0.00,'1','2021-07-27 08:15:32','1','2021-10-15 07:42:45'),
(3,'2021-07-13','SL2021070002',4,'',1,'Suhanda Souwmpie',3,'Putra Bintang Mas I (Suhanda)',0.00,1870000.00,0.00,'Paketan Putra Bintang Mas I Trip 2 2021','Close',0,0.00,0.00,'1','2021-07-27 08:23:28',NULL,NULL),
(4,'2021-07-15','SL2021070003',4,'',1,'Suhanda Souwmpie',7,'Bintang Mas (Suhanda)',0.00,50000.00,0.00,'Bintang Mas Trip 1 2021','Close',0,0.00,0.00,'1','2021-07-27 08:25:40',NULL,NULL),
(5,'2021-07-16','SL2021070004',4,'',1,'Suhanda Souwmpie',7,'Bintang Mas (Suhanda)',0.00,1928000.00,0.00,'Bintang Mas Trip 2 2021','Close',0,0.00,0.00,'1','2021-07-27 08:29:32',NULL,NULL),
(6,'2021-07-16','SL2021070005',4,'',1,'Suhanda Souwmpie',8,'Bintang Mas II (Levondi)',0.00,960000.00,0.00,'','Close',0,0.00,0.00,'1','2021-07-27 08:30:12',NULL,NULL),
(7,'2021-06-15','SL2021060002',4,'',1,'Suhanda Souwmpie',8,'Bintang Mas II (Levondi)',0.00,0.00,0.00,'Bintang Mas II Trip 2 2021','Reject',0,0.00,0.00,'1','2021-07-27 09:06:19','1','2021-07-27 09:07:09'),
(8,'2021-06-15','SL2021060003',4,'',1,'Suhanda Souwmpie',8,'Bintang Mas II (Levondi)',0.00,1960700.00,0.00,'Bintang Mas II Trip 2 2021','Close',0,0.00,0.00,'1','2021-07-27 10:01:10',NULL,NULL),
(9,'2021-06-17','SL2021060004',4,'',1,'Suhanda Souwmpie',8,'Bintang Mas II (Levondi)',0.00,18040.00,0.00,'Bintang Mas II Trip 2 2021','Close',0,0.00,0.00,'1','2021-07-27 10:05:05',NULL,NULL),
(10,'2021-06-20','SL2021060005',4,'',1,'Suhanda Souwmpie',8,'Bintang Mas II (Levondi)',0.00,84531.00,0.00,'Bintang Mas II Trip 2 2021','Close',0,0.00,0.00,'1','2021-07-27 10:10:45',NULL,NULL),
(11,'2021-06-16','SL2021060006',4,'',1,'Suhanda Souwmpie',6,'Putra Bintang Mas III (Levondi)',0.00,2448400.00,0.00,'Putra Bintang Mas III Trip 2 2021','Close',0,0.00,0.00,'1','2021-07-27 11:04:49',NULL,NULL),
(12,'2021-06-30','SL2021060007',4,'',1,'Suhanda Souwmpie',6,'Putra Bintang Mas III (Levondi)',0.00,53900.00,0.00,'Putra Bintang Mas III Trip 2 2021','Close',0,0.00,0.00,'1','2021-07-27 11:11:35',NULL,NULL),
(13,'2021-06-17','SL2021060008',4,'',1,'Suhanda Souwmpie',6,'Putra Bintang Mas III (Levondi)',0.00,55198.00,0.00,'Putra Bintang Mas III Trip 2 2021','Close',0,0.00,0.00,'1','2021-07-27 11:14:30',NULL,NULL),
(14,'2021-07-30','SL2021070006',4,'',1,'Suhanda Souwmpie',2,'PT BALI INDAH (HARTONO)',0.00,274991.20,0.00,'','Reject',0,0.00,0.00,'1','2021-07-30 14:19:27','1','2021-07-30 14:21:40'),
(15,'2021-08-03','SL2021080001',4,'',1,'Suhanda Souwmpie',3,'Putra Bintang Mas I (Suhanda)',0.00,352000.00,0.00,'Test','Reject',0,0.00,0.00,'1','2021-08-03 01:51:37','1','2021-08-04 01:54:58'),
(16,'2021-07-13','SL2021070007',4,'',1,'Suhanda Souwmpie',6,'Putra Bintang Mas III (Levondi)',0.00,3463281.80,0.00,'Putra Bintang Mas III Trip 2 2021','Reject',0,0.00,0.00,'1','2021-08-05 08:32:34','1','2021-08-05 08:32:49'),
(17,'2021-07-13','SL2021070008',4,'',1,'Suhanda Souwmpie',6,'Putra Bintang Mas III (Levondi)',0.00,10492442.20,0.00,'Putra Bintang Mas III Trip 2 2021','Close',0,0.00,0.00,'1','2021-08-05 08:52:13',NULL,NULL),
(18,'2021-07-13','SL2021070009',4,'',1,'Suhanda Souwmpie',6,'Putra Bintang Mas III (Levondi)',0.00,95040.00,0.00,'Putra Bintang Mas III Trip 2 2021 (Kekurangan 18pcs Lem Dexton  SL2021070008)','Close',0,0.00,0.00,'1','2021-08-05 09:14:11',NULL,NULL),
(19,'2021-07-31','SL2021070010',4,'',1,'Suhanda Souwmpie',6,'Putra Bintang Mas III (Levondi)',0.00,769131.00,0.00,'Paketan Putra Bintang Mas III Trip 2 2021','Reject',0,0.00,0.00,'1','2021-08-05 09:34:57','1','2021-09-09 05:39:38'),
(20,'2021-08-07','SL2021080002',4,'',1,'Suhanda Souwmpie',5,'Putra Bintang Mas II (Suhanda)',0.00,480000.00,0.00,'Oli Mesin','Close',0,0.00,0.00,'1','2021-08-10 06:58:28',NULL,NULL),
(21,'2021-08-07','SL2021080003',4,'',1,'Suhanda Souwmpie',9,'Marbella (Levondi)',0.00,1920000.00,0.00,'Marbella Trip 2 2021','Close',0,0.00,0.00,'1','2021-08-10 06:59:20',NULL,NULL),
(22,'2021-08-03','SL2021080004',4,'',1,'Suhanda Souwmpie',9,'Marbella (Levondi)',0.00,310690.00,0.00,'Marbella Trip 2 2021','Close',0,0.00,0.00,'1','2021-08-10 07:06:30',NULL,NULL),
(23,'2021-07-13','SL2021070011',4,'',1,'Suhanda Souwmpie',8,'Bintang Mas II (Levondi)',0.00,7576083.40,0.00,'Bintang Mas II Trip 2 2021','Close',0,0.00,0.00,'1','2021-08-12 09:52:18',NULL,NULL),
(24,'2021-07-31','SL2021070012',4,'',1,'Suhanda Souwmpie',9,'Marbella (Levondi)',0.00,744440.40,0.00,'Marbella Trip 2 2021','Close',0,0.00,0.00,'1','2021-08-13 08:40:17',NULL,NULL),
(25,'2021-07-31','SL2021070013',4,'',1,'Suhanda Souwmpie',10,'Irwan Jaya (Levondi)',0.00,961400.00,0.00,'Irwan Jaya Trip 2 2021 (Paketan)','Close',0,0.00,0.00,'1','2021-08-24 05:17:08',NULL,NULL),
(26,'2021-08-09','SL2021080005',4,'',1,'Suhanda Souwmpie',10,'Irwan Jaya (Levondi)',0.00,286000.00,0.00,'Irwan Jaya Trip 2 2021 (Paketan)','Close',0,0.00,0.00,'1','2021-08-24 05:18:52',NULL,NULL),
(27,'2021-06-17','SL2021060009',4,'',1,'Suhanda Souwmpie',4,'Berkat Bintang Mas (Suhanda)',0.00,935000.00,0.00,'Berkat Bintang Mas Trip 1 2021 (Paketan)','Close',0,0.00,0.00,'1','2021-08-24 05:21:30',NULL,NULL),
(28,'2021-07-15','SL2021070014',4,'',1,'Suhanda Souwmpie',7,'Bintang Mas (Suhanda)',0.00,49500.00,0.00,'Bintang Mas Trip 2 2021','Close',0,0.00,0.00,'1','2021-08-24 05:22:48',NULL,NULL),
(29,'2021-08-23','SL2021080006',4,'',1,'Suhanda Souwmpie',3,'Putra Bintang Mas I (Suhanda)',0.00,136400.00,0.00,'Paketan Putra Bintang Mas I Trip 2 2021 (Dastim)','Close',0,0.00,0.00,'1','2021-09-02 06:49:33',NULL,NULL),
(30,'2021-08-25','SL2021080007',4,'',1,'Suhanda Souwmpie',10,'Irwan Jaya (Levondi)',0.00,1993884.20,0.00,'Irwan Jaya Trip 3 2021','Close',0,0.00,0.00,'1','2021-09-02 07:15:00',NULL,NULL),
(31,'2021-08-26','SL2021080008',4,'',1,'Suhanda Souwmpie',5,'Putra Bintang Mas II (Suhanda)',0.00,255455.20,0.00,' Putra Bintang Mas II Trip 2 2021','Close',0,0.00,0.00,'1','2021-09-02 07:47:00',NULL,NULL),
(32,'2021-08-26','SL2021080009',4,'',1,'Suhanda Souwmpie',10,'Irwan Jaya (Levondi)',0.00,146478.20,0.00,'Irwan Jaya Trip 3 2021','Close',0,0.00,0.00,'1','2021-09-02 08:24:19',NULL,NULL),
(33,'2021-08-27','SL2021080010',4,'',1,'Suhanda Souwmpie',10,'Irwan Jaya (Levondi)',0.00,170500.00,0.00,'Irwan Jaya Trip 3 2021','Close',0,0.00,0.00,'1','2021-09-02 09:11:54',NULL,NULL),
(34,'2021-08-30','SL2021080011',4,'',1,'Suhanda Souwmpie',5,'Putra Bintang Mas II (Suhanda)',0.00,117700.00,0.00,'Putra Bintang Mas II Trip 2 2021','Close',0,0.00,0.00,'1','2021-09-02 09:19:39',NULL,NULL),
(35,'2021-09-01','SL2021090001',4,'',1,'Suhanda Souwmpie',3,'Putra Bintang Mas I (Suhanda)',0.00,440000.00,0.00,'Putra Bintang Mas I','Close',0,0.00,0.00,'1','2021-09-02 09:47:29',NULL,NULL),
(36,'2021-08-30','SL2021080012',4,'',1,'Suhanda Souwmpie',11,'Es (Aseng)',0.00,431996.40,0.00,'B 9744 JQO dan B 9242 VZM','Close',0,0.00,0.00,'1','2021-09-03 06:22:56',NULL,NULL),
(37,'2021-07-31','SL2021070015',4,'',1,'Suhanda Souwmpie',11,'Es (Aseng)',0.00,13016.30,0.00,'B 9649 CQB','Close',0,0.00,0.00,'1','2021-09-03 06:36:14',NULL,NULL),
(38,'2021-08-16','SL2021080013',4,'',1,'Suhanda Souwmpie',11,'Es (Aseng)',0.00,23999.80,0.00,'B 9424 VZM','Close',0,0.00,0.00,'1','2021-09-03 06:38:42',NULL,NULL),
(39,'2021-09-04','SL2021090002',4,'',1,'Suhanda Souwmpie',5,'Putra Bintang Mas II (Suhanda)',0.00,8169961.41,0.00,'Putra Bintang Mas II Trip 2 2021 (Alat Dapur dan Pancing)','Close',0,0.00,0.00,'1','2021-09-06 05:38:56',NULL,NULL),
(40,'2021-09-03','SL2021090003',4,'',1,'Suhanda Souwmpie',9,'Marbella (Levondi)',0.00,5500.00,0.00,'Paketan Marbella Trip 2 2021','Close',0,0.00,0.00,'1','2021-09-06 06:40:44',NULL,NULL),
(41,'2021-09-04','SL2021090004',4,'',1,'Suhanda Souwmpie',5,'Putra Bintang Mas II (Suhanda)',0.00,545600.00,0.00,'Putra Bintang Mas II Trip 2 2021','Close',0,0.00,0.00,'1','2021-09-14 05:05:54',NULL,NULL),
(42,'2021-09-10','SL2021090005',4,'',1,'Suhanda Souwmpie',10,'Irwan Jaya (Levondi)',0.00,682000.00,0.00,'Irwan Jaya Trip 3 2021','Close',0,0.00,0.00,'1','2021-09-14 05:09:05',NULL,NULL),
(43,'2021-09-10','SL2021090006',4,'',1,'Suhanda Souwmpie',10,'Irwan Jaya (Levondi)',0.00,10145118.47,0.00,'Irwan Jaya Trip 3 2021 (Alat Dapur dan Alat Pancing)','Reject',0,0.00,0.00,'1','2021-09-14 05:38:31','1','2021-09-14 05:41:58'),
(44,'2021-07-31','SL2021070016',4,'',1,'Suhanda Souwmpie',3,'Putra Bintang Mas I (Suhanda)',0.00,769131.00,0.00,'Putra Bintang Mas I Trip 1 2021','Close',0,0.00,0.00,'1','2021-09-21 06:54:15',NULL,NULL),
(45,'2021-09-10','SL2021090007',4,'',1,'Suhanda Souwmpie',10,'Irwan Jaya (Levondi)',0.00,10189668.47,0.00,'Irwan Jaya Trip 3 2021 Alat Pancing dan Alat Dapur','Close',0,0.00,0.00,'1','2021-09-21 07:12:34',NULL,NULL),
(46,'2021-09-10','SL2021090008',4,'',1,'Suhanda Souwmpie',10,'Irwan Jaya (Levondi)',0.00,389400.00,0.00,'Irwan Jaya Trip 3 2021','Close',0,0.00,0.00,'1','2021-09-21 07:55:52',NULL,NULL),
(47,'2021-09-15','SL2021090009',4,'',1,'Suhanda Souwmpie',4,'Berkat Bintang Mas (Suhanda)',0.00,509295.60,0.00,'Berkat Bintang Mas Trip 2 2021','Close',0,0.00,0.00,'1','2021-09-21 08:21:58',NULL,NULL),
(48,'2021-06-23','SL2021060010',4,'',1,'Suhanda Souwmpie',3,'Putra Bintang Mas I (Suhanda)',0.00,1591966.18,0.00,'Putra Bintang Mas I Trip 2 2021 (Dastim)','Close',0,0.00,0.00,'1','2021-10-06 06:36:56',NULL,NULL),
(49,'2021-10-03','SL2021100001',4,'',1,'Suhanda Souwmpie',4,'Berkat Bintang Mas (Suhanda)',0.00,14850.00,0.00,'Berkat Bintang Mas Trip 2 2021','Close',0,0.00,0.00,'1','2021-10-06 08:31:29',NULL,NULL),
(50,'2021-10-04','SL2021100002',4,'',1,'Suhanda Souwmpie',3,'Putra Bintang Mas I (Suhanda)',0.00,1459238.00,0.00,'Putra Bintang Mas I Trip 3 2021','Close',0,0.00,0.00,'1','2021-10-06 08:38:06',NULL,NULL),
(51,'2021-10-06','SL2021100003',4,'',1,'Suhanda Souwmpie',3,'Putra Bintang Mas I (Suhanda)',0.00,307541.66,0.00,'Putra Bintang Mas I Trip 3 2021','Reject',0,0.00,0.00,'1','2021-10-09 06:55:54','1','2021-10-09 07:08:51'),
(52,'2021-10-08','SL2021100004',4,'',1,'Suhanda Souwmpie',3,'Putra Bintang Mas I (Suhanda)',0.00,307541.66,0.00,'Putra Bintang Mas I Trip 3 2021','Close',0,0.00,0.00,'1','2021-10-09 07:10:11',NULL,NULL),
(53,'2021-10-07','SL2021100005',4,'',1,'Suhanda Souwmpie',4,'Berkat Bintang Mas (Suhanda)',0.00,765600.00,0.00,'Berkat Bintang Mas Trip 3 2021','Close',0,0.00,0.00,'1','2021-10-15 05:53:06',NULL,NULL),
(54,'2021-10-09','SL2021100006',4,'',1,'Suhanda Souwmpie',3,'Putra Bintang Mas I (Suhanda)',0.00,30349.00,0.00,'Putra Bintang Mas I Trip 3 2021','Close',0,0.00,0.00,'1','2021-10-15 06:03:34',NULL,NULL),
(55,'2021-10-09','SL2021100007',4,'',1,'Suhanda Souwmpie',4,'Berkat Bintang Mas (Suhanda)',0.00,12202704.06,0.00,'Berkat Bintang Mas Trip 3 2021','Close',0,0.00,0.00,'1','2021-10-15 07:22:58',NULL,NULL),
(56,'2021-10-08','SL2021100008',4,'',1,'Suhanda Souwmpie',4,'Berkat Bintang Mas (Suhanda)',0.00,1738000.00,0.00,'Berkat Bintang Mas Trip 3 2021','Close',0,0.00,0.00,'1','2021-10-15 07:27:53',NULL,NULL),
(57,'2021-10-11','SL2021100009',4,'',1,'Suhanda Souwmpie',3,'Putra Bintang Mas I (Suhanda)',0.00,1075349.00,0.00,'Putra Bintang Mas I Trip 3 2021','Close',0,0.00,0.00,'1','2021-10-15 07:38:42',NULL,NULL),
(58,'2021-10-13','SL2021100010',4,'',1,'Suhanda Souwmpie',3,'Putra Bintang Mas I (Suhanda)',0.00,13750.00,0.00,'Putra Bintang Mas I Trip 3 2021','New',0,0.00,0.00,'1','2021-10-15 07:42:26',NULL,NULL),
(59,'2021-10-14','SL2021100011',4,'',1,'Suhanda Souwmpie',3,'Putra Bintang Mas I (Suhanda)',0.00,61050.00,0.00,'Putra Bintang Mas I Trip 3 2021','Close',0,0.00,0.00,'1','2021-10-15 07:43:15',NULL,NULL),
(60,'2021-10-05','SL2021100012',4,'',1,'Suhanda Souwmpie',3,'Putra Bintang Mas I (Suhanda)',0.00,765600.00,0.00,'Putra Bintang Mas I Trip 3 2021','Close',0,0.00,0.00,'1','2021-10-18 05:57:35',NULL,NULL),
(61,'2021-10-08','SL2021100013',4,'',1,'Suhanda Souwmpie',4,'Berkat Bintang Mas (Suhanda)',0.00,5891600.00,0.00,'Berkat Bintang Mas Trip 2 2021','Close',0,0.00,0.00,'1','2021-10-18 05:58:20',NULL,NULL),
(62,'2021-10-15','SL2021100014',4,'',1,'Suhanda Souwmpie',9,'Marbella (Levondi)',0.00,1469138.00,0.00,'Marbella Trip 3 2021','Close',0,0.00,0.00,'1','2021-10-18 06:01:58',NULL,NULL),
(63,'2021-10-17','SL2021100015',4,'',1,'Suhanda Souwmpie',9,'Marbella (Levondi)',0.00,106241.66,0.00,'Marbella Trip 3 2021','Close',0,0.00,0.00,'1','2021-10-18 06:04:15',NULL,NULL),
(64,'2021-10-18','SL2021100016',4,'',1,'Suhanda Souwmpie',6,'Putra Bintang Mas III (Levondi)',0.00,1459238.00,0.00,'Putra Bintang Mas I Trip 3 2021','Close',0,0.00,0.00,'1','2021-10-18 06:04:52',NULL,NULL),
(65,'2021-10-18','SL2021100017',4,'',1,'Suhanda Souwmpie',3,'Putra Bintang Mas I (Suhanda)',0.00,52734.00,0.00,'Putra Bintang Mas I Trip 3 2021','Close',0,0.00,0.00,'1','2021-10-18 09:12:34',NULL,NULL),
(66,'2021-10-22','SL2021100018',4,'',1,'Suhanda Souwmpie',3,'Putra Bintang Mas I (Suhanda)',0.00,6677000.00,0.00,'Putra Bintang Mas I Trip 3 2021','Close',0,0.00,0.00,'1','2021-10-22 08:22:27',NULL,NULL),
(67,'2021-10-26','SL2021100019',4,'',1,'Suhanda Souwmpie',3,'Putra Bintang Mas I (Suhanda)',0.00,91000.00,0.00,'','New',0,0.00,0.00,'1','2021-10-26 17:23:39',NULL,NULL),
(68,'2021-10-26','SL2021100020',4,'',1,'Suhanda Souwmpie',7,'Bintang Mas (Suhanda)',0.00,1259500.00,0.00,'','New',0,0.00,0.00,'1','2021-10-26 17:35:55',NULL,NULL),
(69,'2021-11-02','SL2021110001',4,'',1,'Suhanda Souwmpie',3,'Putra Bintang Mas I (Suhanda)',0.00,1313000.00,0.00,'','Close',0,0.00,0.00,'1','2021-11-02 16:02:49',NULL,NULL),
(70,'2021-11-02','SL2021110002',4,'',1,'Suhanda Souwmpie',3,'Putra Bintang Mas I (Suhanda)',0.00,405000.00,0.00,'','New',0,0.00,0.00,'1','2021-11-02 16:16:32',NULL,NULL),
(71,'2021-11-02','SL2021110003',4,'',1,'Suhanda Souwmpie',3,'Putra Bintang Mas I (Suhanda)',0.00,1570000.00,0.00,'','Close',0,0.00,0.00,'1','2021-11-02 16:32:35',NULL,NULL);

/*Table structure for table `trn_sales_02` */

DROP TABLE IF EXISTS `trn_sales_02`;

CREATE TABLE `trn_sales_02` (
  `sales_02_id` int(11) NOT NULL AUTO_INCREMENT COMMENT 'Id Detail',
  `sales_id` int(11) DEFAULT NULL COMMENT 'Id header',
  `items_id` int(11) DEFAULT NULL COMMENT 'Id Barang',
  `items_name` varchar(100) DEFAULT NULL COMMENT 'Nama Ikan',
  `owner_price` decimal(12,2) DEFAULT 0.00 COMMENT 'Harga Owner',
  `cust_price` decimal(12,2) DEFAULT 0.00 COMMENT 'Harga Customer',
  `gov_price` decimal(12,2) DEFAULT 0.00 COMMENT 'Harga Pemprov',
  `qty` decimal(7,1) DEFAULT 0.0 COMMENT 'Qty Masuk',
  `disc_value` decimal(12,2) DEFAULT 0.00,
  `disc_percent` decimal(5,2) DEFAULT 0.00,
  `subtotal` decimal(14,2) DEFAULT 0.00 COMMENT 'Subtotal',
  `remarks` varchar(200) DEFAULT NULL COMMENT 'Info',
  PRIMARY KEY (`sales_02_id`),
  KEY `sales_id` (`sales_id`),
  KEY `trn_sales_02_ibfk_5` (`items_id`),
  CONSTRAINT `trn_sales_02_ibfk_4` FOREIGN KEY (`sales_id`) REFERENCES `trn_sales_01` (`sales_id`) ON UPDATE CASCADE,
  CONSTRAINT `trn_sales_02_ibfk_5` FOREIGN KEY (`items_id`) REFERENCES `db_pos_master`.`mst_items` (`items_id`) ON UPDATE CASCADE
) ENGINE=InnoDB AUTO_INCREMENT=512 DEFAULT CHARSET=latin1;

/*Data for the table `trn_sales_02` */

insert  into `trn_sales_02`(`sales_02_id`,`sales_id`,`items_id`,`items_name`,`owner_price`,`cust_price`,`gov_price`,`qty`,`disc_value`,`disc_percent`,`subtotal`,`remarks`) values 
(1,1,42,'Pancing udang-udangan 2.0',0.00,3960.00,0.00,200.0,0.00,0.00,792000.00,''),
(2,1,39,'Kain campur/ Warna',0.00,1430.00,0.00,100.0,0.00,0.00,143000.00,''),
(5,3,129,'Saringan radiator CH 400',0.00,1870000.00,0.00,1.0,0.00,0.00,1870000.00,''),
(6,4,100,'Masker kain',0.00,50000.00,0.00,1.0,0.00,0.00,50000.00,''),
(7,5,89,'Silet SDI / Pisau Lipat',0.00,8000.00,0.00,1.0,0.00,0.00,8000.00,''),
(8,5,179,'Oli Mesin',0.00,24000.00,0.00,80.0,0.00,0.00,1920000.00,''),
(9,6,179,'Oli Mesin',0.00,24000.00,0.00,40.0,0.00,0.00,960000.00,''),
(10,7,179,'Oli Mesin',0.00,0.00,0.00,80.0,0.00,0.00,0.00,''),
(11,7,7,'Sarung tangan kain /No.6 B',0.00,0.00,0.00,1.0,0.00,0.00,0.00,''),
(12,7,222,'Kain Lap',0.00,0.00,0.00,2.0,0.00,0.00,0.00,''),
(13,8,179,'Oli Mesin',0.00,24000.00,0.00,80.0,0.00,0.00,1920000.00,''),
(14,8,7,'Sarung tangan kain /No.6 B',0.00,25300.00,0.00,1.0,0.00,0.00,25300.00,''),
(15,8,222,'Kain Lap',0.00,7700.00,0.00,2.0,0.00,0.00,15400.00,''),
(16,9,190,'Batu Gurinda Potong (WD)',0.00,2750.00,0.00,2.0,0.00,0.00,5500.00,''),
(17,9,84,'Siltip/ Onda/ Selotip',0.00,4180.00,0.00,3.0,0.00,0.00,12540.00,''),
(18,10,214,'As Drat 1/2 inch',0.00,11233.00,0.00,3.0,0.00,0.00,33699.00,''),
(19,10,289,'Mur 1/2',0.00,1100.00,0.00,36.0,0.00,0.00,39600.00,''),
(20,10,205,'Ring Baja Hitam 1/2',0.00,312.00,0.00,36.0,0.00,0.00,11232.00,''),
(21,11,179,'Oli Mesin',0.00,24000.00,0.00,100.0,0.00,0.00,2400000.00,''),
(22,11,222,'Kain Lap',0.00,7700.00,0.00,3.0,0.00,0.00,23100.00,''),
(23,11,7,'Sarung tangan kain /No.6 B',0.00,25300.00,0.00,1.0,0.00,0.00,25300.00,''),
(24,12,1224,'Senter Push On 3watt',0.00,53900.00,0.00,1.0,0.00,0.00,53900.00,''),
(25,13,98,'Pisau kater (cutter) besar',0.00,38500.00,0.00,1.0,0.00,0.00,38500.00,''),
(26,13,192,'Batu Gurinda Amplas (Kinik)',0.00,8349.00,0.00,2.0,0.00,0.00,16698.00,''),
(30,14,135,'Mug / Cangkir/ Gelas plastik kecil',0.00,4582.60,0.00,12.0,0.00,0.00,54991.20,''),
(31,14,1,'Langseng/ Dandang 32inch',0.00,220000.00,0.00,1.0,0.00,0.00,220000.00,''),
(32,15,1,'Langseng/ Dandang 32inch',0.00,220000.00,0.00,1.0,0.00,0.00,220000.00,''),
(33,15,62,'kili-kili snap no 3',0.00,11000.00,0.00,12.0,0.00,0.00,132000.00,''),
(34,16,576,'Colokan Broco/ Unicorn',0.00,22000.00,0.00,2.0,0.00,0.00,44000.00,''),
(35,16,51,'Serampad PE 380/D60 Dolpin Hitam',0.00,77000.00,0.00,2.0,0.00,0.00,154000.00,''),
(36,16,110,'MCB 40a',0.00,24695.00,0.00,1.0,0.00,0.00,24695.00,''),
(37,16,1227,'Racor/ Filter Harian (Fuel Filter Element C21-0617)',0.00,121000.00,0.00,2.0,0.00,0.00,242000.00,''),
(38,16,106,'Asbes Alumunium tape/prada',0.00,33000.00,0.00,1.0,0.00,0.00,33000.00,''),
(39,16,125,'Asbes knalpot 3 in',0.00,154000.00,0.00,1.0,0.00,0.00,154000.00,''),
(40,16,84,'Siltip/ Onda/ Selotip',0.00,4180.00,0.00,10.0,0.00,0.00,41800.00,''),
(41,16,105,'Rexco 500ml Semprotan Anti Karat (WD)',0.00,33000.00,0.00,1.0,0.00,0.00,33000.00,''),
(42,16,101,'Solasiban/ Solasi Hitam (Nitto)',0.00,6050.00,0.00,2.0,0.00,0.00,12100.00,''),
(43,16,7,'Sarung tangan kain /No.6 B',0.00,25300.00,0.00,2.0,0.00,0.00,50600.00,''),
(44,16,9,'Sarung tangan karet',0.00,16500.00,0.00,12.0,0.00,0.00,198000.00,''),
(45,16,95,'Lem besi dexton 5 mnt',0.00,13016.30,0.00,2.0,0.00,0.00,26032.60,''),
(46,16,97,'Lem merah',0.00,13750.00,0.00,2.0,0.00,0.00,27500.00,''),
(47,16,222,'Kain Lap',0.00,7700.00,0.00,5.0,0.00,0.00,38500.00,''),
(48,16,83,'Mata Gergaji Besi (Sandflex 12 inch)',0.00,13200.00,0.00,3.0,0.00,0.00,39600.00,''),
(49,16,25,'Termos Air Panas (Solaris)',0.00,56833.70,0.00,2.0,0.00,0.00,113667.40,''),
(50,16,135,'Mug / Cangkir/ Gelas plastik kecil',0.00,4582.60,0.00,12.0,0.00,0.00,54991.20,''),
(51,16,31,'Sendok',0.00,8800.00,0.00,1.0,0.00,0.00,8800.00,''),
(52,16,1,'Langseng/ Dandang 32inch',0.00,220000.00,0.00,2.0,0.00,0.00,440000.00,''),
(53,16,23,'Kepala Kompor 203 (EMSTAR MT)',0.00,201300.00,0.00,6.0,0.00,0.00,1207800.00,''),
(54,16,36,'Spuyer kompor 203',0.00,3300.00,0.00,10.0,0.00,0.00,33000.00,''),
(55,16,34,'Selang kompor kuningan',0.00,36300.00,0.00,3.0,0.00,0.00,108900.00,''),
(56,16,1221,'Pisau Dapur Amazon No 7',0.00,8800.00,0.00,1.0,0.00,0.00,8800.00,''),
(57,16,33,'Serop/ Serok kerupuk 8 inch',0.00,16500.00,0.00,1.0,0.00,0.00,16500.00,''),
(58,16,570,'Teko HC No. 28/ Teko Alumunium',0.00,181500.00,0.00,1.0,0.00,0.00,181500.00,''),
(59,16,37,'Jarum/ Colok kompor no 168',0.00,2200.00,0.00,10.0,0.00,0.00,22000.00,''),
(60,16,1137,'Piring Kaleng 22inch (Pcs)',0.00,6416.30,0.00,12.0,0.00,0.00,76995.60,''),
(61,16,22,'Kompaan/ Pompa Ban/ Angin',0.00,71500.00,0.00,1.0,0.00,0.00,71500.00,''),
(62,17,576,'Colokan Broco/ Unicorn',0.00,22000.00,0.00,2.0,0.00,0.00,44000.00,''),
(63,17,51,'Serampad PE 380/D60 Dolpin Hitam',0.00,77000.00,0.00,2.0,0.00,0.00,154000.00,''),
(64,17,110,'MCB 40a',0.00,24695.00,0.00,1.0,0.00,0.00,24695.00,''),
(65,17,1227,'Racor/ Filter Harian (Fuel Filter Element C21-0617)',0.00,121000.00,0.00,2.0,0.00,0.00,242000.00,''),
(66,17,106,'Asbes Alumunium tape/prada',0.00,33000.00,0.00,1.0,0.00,0.00,33000.00,''),
(67,17,125,'Asbes knalpot 3 in',0.00,154000.00,0.00,1.0,0.00,0.00,154000.00,''),
(68,17,84,'Siltip/ Onda/ Selotip',0.00,4180.00,0.00,10.0,0.00,0.00,41800.00,''),
(69,17,105,'Rexco 500ml Semprotan Anti Karat (WD)',0.00,33000.00,0.00,1.0,0.00,0.00,33000.00,''),
(70,17,101,'Solasiban/ Solasi Hitam (Nitto)',0.00,6050.00,0.00,2.0,0.00,0.00,12100.00,''),
(71,17,7,'Sarung tangan kain /No.6 B',0.00,25300.00,0.00,2.0,0.00,0.00,50600.00,''),
(72,17,9,'Sarung tangan karet',0.00,16500.00,0.00,12.0,0.00,0.00,198000.00,''),
(73,17,95,'Lem besi dexton 5 mnt',0.00,13016.30,0.00,2.0,0.00,0.00,26032.60,''),
(74,17,97,'Lem merah',0.00,13750.00,0.00,2.0,0.00,0.00,27500.00,''),
(75,17,222,'Kain Lap',0.00,7700.00,0.00,5.0,0.00,0.00,38500.00,''),
(76,17,83,'Mata Gergaji Besi (Sandflex 12 inch)',0.00,13200.00,0.00,3.0,0.00,0.00,39600.00,''),
(77,17,25,'Termos Air Panas (Solaris)',0.00,56833.70,0.00,2.0,0.00,0.00,113667.40,''),
(78,17,135,'Mug / Cangkir/ Gelas plastik kecil',0.00,4582.60,0.00,12.0,0.00,0.00,54991.20,''),
(79,17,31,'Sendok',0.00,8800.00,0.00,1.0,0.00,0.00,8800.00,''),
(80,17,1,'Langseng/ Dandang 32inch',0.00,220000.00,0.00,2.0,0.00,0.00,440000.00,''),
(81,17,23,'Kepala Kompor 203 (EMSTAR MT)',0.00,201300.00,0.00,6.0,0.00,0.00,1207800.00,''),
(82,17,36,'Spuyer kompor 203',0.00,3300.00,0.00,10.0,0.00,0.00,33000.00,''),
(83,17,34,'Selang kompor kuningan',0.00,36300.00,0.00,3.0,0.00,0.00,108900.00,''),
(84,17,1221,'Pisau Dapur Amazon No 7',0.00,8800.00,0.00,1.0,0.00,0.00,8800.00,''),
(85,17,33,'Serop/ Serok kerupuk 8 inch',0.00,16500.00,0.00,1.0,0.00,0.00,16500.00,''),
(86,17,570,'Teko HC No. 28/ Teko Alumunium',0.00,181500.00,0.00,1.0,0.00,0.00,181500.00,''),
(87,17,37,'Jarum/ Colok kompor no 168',0.00,2200.00,0.00,10.0,0.00,0.00,22000.00,''),
(88,17,1137,'Piring Kaleng 22inch (Pcs)',0.00,6416.30,0.00,12.0,0.00,0.00,76995.60,''),
(89,17,22,'Kompaan/ Pompa Ban/ Angin',0.00,71500.00,0.00,1.0,0.00,0.00,71500.00,''),
(90,17,77,'Senar no 40',0.00,8800.00,0.00,10.0,0.00,0.00,88000.00,''),
(91,17,80,'Senar no 70',0.00,16343.80,0.00,10.0,0.00,0.00,163438.00,''),
(92,17,79,'Senar no 60',0.00,16500.00,0.00,10.0,0.00,0.00,165000.00,''),
(93,17,74,'Senar no 15',0.00,4400.00,0.00,30.0,0.00,0.00,132000.00,''),
(94,17,56,'Cincin kecil',0.00,5500.00,0.00,20.0,0.00,0.00,110000.00,''),
(95,17,49,'Kumis udang',0.00,35200.00,0.00,2.0,0.00,0.00,70400.00,''),
(96,17,39,'Kain campur/ Warna',0.00,1430.00,0.00,150.0,0.00,0.00,214500.00,''),
(97,17,40,'Kain putih (3x1.5)m',0.00,11770.00,0.00,100.0,0.00,0.00,1177000.00,''),
(98,17,67,'Tasbeh besar',0.00,5076.50,0.00,3.0,0.00,0.00,15229.50,''),
(99,17,68,'Tasbeh kecil',0.00,5500.00,0.00,3.0,0.00,0.00,16500.00,''),
(100,17,187,'Neklin',0.00,27500.00,0.00,3.0,0.00,0.00,82500.00,''),
(101,17,390,'Fosfor Skotlet 2inch x 10m',0.00,38500.00,0.00,1.0,0.00,0.00,38500.00,''),
(102,17,47,'Gunting ',0.00,2612.50,0.00,12.0,0.00,0.00,31350.00,''),
(103,17,41,'Pancing Apollo 4 inch',0.00,2860.00,0.00,200.0,0.00,0.00,572000.00,''),
(104,17,42,'Pancing udang-udangan 2.0',0.00,3960.00,0.00,400.0,0.00,0.00,1584000.00,''),
(105,17,43,'Pancing udang-udangan 3.5',0.00,8800.00,0.00,10.0,0.00,0.00,88000.00,''),
(106,17,59,'Pancing no 14',0.00,27500.00,0.00,1.0,0.00,0.00,27500.00,''),
(107,17,566,'Kili-kili 2 putaran No.3 (pcs)',0.00,4730.00,0.00,15.0,0.00,0.00,70950.00,''),
(108,17,89,'Silet SDI / Pisau Lipat',0.00,7791.66,0.00,5.0,0.00,0.00,38958.30,''),
(109,17,93,'Pulpen (Faster C6 (H))',0.00,2475.00,0.00,5.0,0.00,0.00,12375.00,''),
(110,17,92,'Spidol (G-12) (M)',0.00,5316.67,0.00,5.0,0.00,0.00,26583.35,''),
(111,17,48,'Jarum jahit',0.00,1031.25,0.00,5.0,0.00,0.00,5156.25,''),
(112,17,50,'Benang Sutra Hijau & Putih 555',0.00,14520.00,0.00,8.0,0.00,0.00,116160.00,''),
(113,17,188,'Plastik Cumi',0.00,605000.00,0.00,3.0,0.00,0.00,1815000.00,''),
(114,17,1136,'Aki N120 Massiv XP (Bekas)',0.00,357500.00,0.00,1.0,0.00,0.00,357500.00,''),
(115,17,94,'Lem dexton',0.00,5280.00,0.00,2.0,0.00,0.00,10560.00,''),
(116,18,94,'Lem dexton',0.00,5280.00,0.00,18.0,0.00,0.00,95040.00,''),
(117,19,22,'Kompaan/ Pompa Ban/ Angin',0.00,71500.00,0.00,1.0,0.00,0.00,71500.00,''),
(118,19,37,'Jarum/ Colok kompor no 168',0.00,2200.00,0.00,8.0,0.00,0.00,17600.00,''),
(119,19,23,'Kepala Kompor 203 (EMSTAR MT)',0.00,201300.00,0.00,2.0,0.00,0.00,402600.00,''),
(120,19,97,'Lem merah',0.00,13750.00,0.00,2.0,0.00,0.00,27500.00,''),
(121,19,7,'Sarung tangan kain /No.6 B',0.00,25300.00,0.00,1.0,0.00,0.00,25300.00,''),
(122,19,75,'Senar no 20',0.00,5200.80,0.00,30.0,0.00,0.00,156024.00,''),
(123,19,73,'Kili-kili biasa no 8 (Swivel Putih 305 No. 8)',0.00,5717.25,0.00,12.0,0.00,0.00,68607.00,''),
(124,20,179,'Oli Mesin',0.00,24000.00,0.00,20.0,0.00,0.00,480000.00,''),
(125,21,179,'Oli Mesin',0.00,24000.00,0.00,80.0,0.00,0.00,1920000.00,''),
(126,22,214,'As Drat 1/2 inch',0.00,11233.20,0.00,2.0,0.00,0.00,22466.40,''),
(127,22,289,'Mur 1/2',0.00,1100.00,0.00,14.0,0.00,0.00,15400.00,''),
(128,22,205,'Ring Baja Hitam 1/2',0.00,312.40,0.00,14.0,0.00,0.00,4373.60,''),
(129,22,190,'Batu Gurinda Potong (WD)',0.00,2750.00,0.00,3.0,0.00,0.00,8250.00,''),
(130,22,1181,'HOSE Nepple 1 1/4 ss (Pipa)',0.00,30250.00,0.00,1.0,0.00,0.00,30250.00,''),
(131,22,194,'Klem Selang 1 3/4 inch',0.00,3850.00,0.00,5.0,0.00,0.00,19250.00,''),
(132,22,706,'(Vlog) V. Ring ss 304 1 1/4 x 1/2inch (Bering)',0.00,34100.00,0.00,1.0,0.00,0.00,34100.00,''),
(133,22,220,'Selang Kawat 1 inch',0.00,34000.00,0.00,5.0,0.00,0.00,170000.00,''),
(134,22,382,'Ring Per/ Ver Baja 1/2',0.00,550.00,0.00,12.0,0.00,0.00,6600.00,''),
(135,23,7,'Sarung tangan kain /No.6 B',0.00,25300.00,0.00,2.0,0.00,0.00,50600.00,''),
(136,23,9,'Sarung tangan karet',0.00,16500.00,0.00,12.0,0.00,0.00,198000.00,''),
(137,23,222,'Kain Lap',0.00,7700.00,0.00,3.0,0.00,0.00,23100.00,''),
(138,23,101,'Solasiban/ Solasi Hitam (Nitto)',0.00,6050.00,0.00,2.0,0.00,0.00,12100.00,''),
(139,23,95,'Lem besi dexton 5 mnt',0.00,13016.30,0.00,2.0,0.00,0.00,26032.60,''),
(140,23,97,'Lem merah',0.00,13750.00,0.00,2.0,0.00,0.00,27500.00,''),
(141,23,106,'Asbes Alumunium tape/prada',0.00,33000.00,0.00,1.0,0.00,0.00,33000.00,''),
(142,23,125,'Asbes knalpot 3 in',0.00,154000.00,0.00,1.0,0.00,0.00,154000.00,''),
(143,23,190,'Batu Gurinda Potong (WD)',0.00,2750.00,0.00,2.0,0.00,0.00,5500.00,''),
(144,23,83,'Mata Gergaji Besi (Sandflex 12 inch)',0.00,13200.00,0.00,4.0,0.00,0.00,52800.00,''),
(145,23,105,'Rexco 500ml Semprotan Anti Karat (WD)',0.00,33000.00,0.00,1.0,0.00,0.00,33000.00,''),
(146,23,576,'Colokan Broco/ Unicorn',0.00,22000.00,0.00,3.0,0.00,0.00,66000.00,''),
(147,23,1224,'Senter Push On 3watt',0.00,53900.00,0.00,1.0,0.00,0.00,53900.00,''),
(148,23,1136,'Aki N120 Massiv XP (Bekas)',0.00,357500.00,0.00,1.0,0.00,0.00,357500.00,''),
(149,23,51,'Serampad PE 380/D60 Dolpin Hitam',0.00,77000.00,0.00,1.0,0.00,0.00,77000.00,''),
(150,23,412,'Lampu ML 500 watt (Lampu Susu)',0.00,104500.00,0.00,2.0,0.00,0.00,209000.00,''),
(151,23,31,'Sendok',0.00,8800.00,0.00,1.0,0.00,0.00,8800.00,''),
(152,23,1137,'Piring Kaleng 22inch (Pcs)',0.00,6416.30,0.00,12.0,0.00,0.00,76995.60,''),
(153,23,16,'Mug / Gelas plastik besar',0.00,9200.00,0.00,6.0,0.00,0.00,55200.00,''),
(154,23,135,'Mug / Cangkir/ Gelas plastik kecil',0.00,4582.60,0.00,6.0,0.00,0.00,27495.60,''),
(155,23,23,'Kepala Kompor 203 (EMSTAR MT)',0.00,201300.00,0.00,6.0,0.00,0.00,1207800.00,''),
(156,23,22,'Kompaan/ Pompa Ban/ Angin',0.00,71500.00,0.00,1.0,0.00,0.00,71500.00,''),
(157,23,25,'Termos Air Panas (Solaris)',0.00,56833.70,0.00,1.0,0.00,0.00,56833.70,''),
(158,23,36,'Spuyer kompor 203',0.00,3300.00,0.00,6.0,0.00,0.00,19800.00,''),
(159,23,37,'Jarum/ Colok kompor no 168',0.00,2200.00,0.00,10.0,0.00,0.00,22000.00,''),
(160,23,34,'Selang kompor kuningan',0.00,36300.00,0.00,4.0,0.00,0.00,145200.00,''),
(161,23,11,'Selang Kompaan/ Pompa',0.00,11000.00,0.00,1.0,0.00,0.00,11000.00,''),
(162,23,33,'Serop/ Serok kerupuk 8 inch',0.00,16500.00,0.00,1.0,0.00,0.00,16500.00,''),
(163,23,42,'Pancing udang-udangan 2.0',0.00,3960.00,0.00,400.0,0.00,0.00,1584000.00,''),
(164,23,41,'Pancing Apollo 4 inch',0.00,2860.00,0.00,50.0,0.00,0.00,143000.00,''),
(165,23,58,'Pancing no 7 (Pancing Mustad 2335 No. 7)',0.00,93500.00,0.00,2.0,0.00,0.00,187000.00,''),
(166,23,62,'kili-kili snap no 3',0.00,11000.00,0.00,6.0,0.00,0.00,66000.00,''),
(167,23,66,'Kili-kili snap no 8',0.00,11898.34,0.00,12.0,0.00,0.00,142780.08,''),
(168,23,94,'Lem dexton',0.00,5280.00,0.00,20.0,0.00,0.00,105600.00,''),
(169,23,89,'Silet SDI / Pisau Lipat',0.00,7791.66,0.00,2.0,0.00,0.00,15583.32,''),
(170,23,39,'Kain campur/ Warna',0.00,1430.00,0.00,100.0,0.00,0.00,143000.00,''),
(171,23,390,'Fosfor Skotlet 2inch x 10m',0.00,38500.00,0.00,2.0,0.00,0.00,77000.00,''),
(172,23,566,'Kili-kili 2 putaran No.3 (pcs)',0.00,4730.00,0.00,10.0,0.00,0.00,47300.00,''),
(173,23,47,'Gunting ',0.00,2612.50,0.00,12.0,0.00,0.00,31350.00,''),
(174,23,187,'Neklin',0.00,27500.00,0.00,4.0,0.00,0.00,110000.00,''),
(175,23,188,'Plastik Cumi',0.00,605000.00,0.00,3.0,0.00,0.00,1815000.00,''),
(176,23,441,'Label Kapal (500lbr)',0.00,20625.00,0.00,0.5,0.00,0.00,10312.50,''),
(177,24,704,'(Vlog) V. Ring ss 304 2 x 1 1/4inch (Bering)',0.00,68750.00,0.00,1.0,0.00,0.00,68750.00,''),
(178,24,1181,'HOSE Nepple 1 1/4 ss (Pipa)',0.00,30250.00,0.00,1.0,0.00,0.00,30250.00,''),
(179,24,717,'Street Elbow ss304 1 1/2 Inch drat luar dalam',0.00,74643.80,0.00,2.0,0.00,0.00,149287.60,''),
(180,24,705,'(Vlog) V. Ring ss 304 2 x 1 1/2inch (Bering)',0.00,88000.00,0.00,1.0,0.00,0.00,88000.00,''),
(181,24,84,'Siltip/ Onda/ Selotip',0.00,4180.00,0.00,3.0,0.00,0.00,12540.00,''),
(182,24,1235,'(Vlog) V. Ring ss 304 2 x 1 inch (Bering)',0.00,68750.00,0.00,1.0,0.00,0.00,68750.00,''),
(183,24,1236,'Hose Nepple ss 304 1 inch (Pipa)',0.00,46750.00,0.00,1.0,0.00,0.00,46750.00,''),
(184,24,1238,'Per Klep 6D',0.00,275000.00,0.00,1.0,0.00,0.00,275000.00,''),
(185,24,774,'Baut + Mur 1/2 x 2 Inch',0.00,2244.00,0.00,2.0,0.00,0.00,4488.00,''),
(186,24,205,'Ring Baja Hitam 1/2',0.00,312.40,0.00,2.0,0.00,0.00,624.80,''),
(187,25,1,'Langseng/ Dandang 32inch',0.00,220000.00,0.00,1.0,0.00,0.00,220000.00,''),
(188,25,62,'kili-kili snap no 3',0.00,11000.00,0.00,12.0,0.00,0.00,132000.00,''),
(189,25,42,'Pancing udang-udangan 2.0',0.00,3960.00,0.00,100.0,0.00,0.00,396000.00,''),
(190,25,78,'senar no 50',0.00,11440.00,0.00,5.0,0.00,0.00,57200.00,''),
(191,25,51,'Serampad PE 380/D60 Dolpin Hitam',0.00,77000.00,0.00,1.0,0.00,0.00,77000.00,''),
(192,25,94,'Lem dexton',0.00,5280.00,0.00,15.0,0.00,0.00,79200.00,''),
(193,26,39,'Kain campur/ Warna',0.00,1430.00,0.00,200.0,0.00,0.00,286000.00,''),
(194,27,42,'Pancing udang-udangan 2.0',0.00,3960.00,0.00,200.0,0.00,0.00,792000.00,''),
(195,27,39,'Kain campur/ Warna',0.00,1430.00,0.00,100.0,0.00,0.00,143000.00,''),
(196,28,100,'Masker kain',0.00,49500.00,0.00,1.0,0.00,0.00,49500.00,''),
(197,29,283,'Gula',0.00,13640.00,0.00,10.0,0.00,0.00,136400.00,''),
(198,30,100,'Masker kain',0.00,49500.00,0.00,1.0,0.00,0.00,49500.00,''),
(199,30,7,'Sarung tangan kain /No.6 B',0.00,25300.00,0.00,1.0,0.00,0.00,25300.00,''),
(200,30,222,'Kain Lap',0.00,7700.00,0.00,3.0,0.00,0.00,23100.00,''),
(201,30,179,'Oli Mesin',0.00,23999.80,0.00,79.0,0.00,0.00,1895984.20,''),
(202,31,215,'As Drat 5/8 inch',0.00,19142.20,0.00,1.0,0.00,0.00,19142.20,''),
(203,31,650,'Ring 5/8 Baja',0.00,510.40,0.00,10.0,0.00,0.00,5104.00,''),
(204,31,207,'Mur 5/8',0.00,836.00,0.00,10.0,0.00,0.00,8360.00,''),
(205,31,190,'Batu Gurinda Potong (WD)',0.00,2750.00,0.00,1.0,0.00,0.00,2750.00,''),
(206,31,192,'Batu Gurinda Amplas (Kinik)',0.00,8349.00,0.00,1.0,0.00,0.00,8349.00,''),
(207,31,534,'Pigment Union Blue/ Biru',0.00,82500.00,0.00,0.5,0.00,0.00,41250.00,''),
(208,31,187,'Neklin',0.00,27500.00,0.00,5.0,0.00,0.00,137500.00,''),
(209,31,106,'Asbes Alumunium tape/prada',0.00,33000.00,0.00,1.0,0.00,0.00,33000.00,''),
(210,32,756,'Double Nepple 1/2 ss 304',0.00,13200.00,0.00,3.0,0.00,0.00,39600.00,''),
(211,32,84,'Siltip/ Onda/ Selotip',0.00,4180.00,0.00,5.0,0.00,0.00,20900.00,''),
(212,32,534,'Pigment Union Blue/ Biru',0.00,82500.00,0.00,0.5,0.00,0.00,41250.00,''),
(213,32,1256,'Selang Benang 1/2 inch',0.00,7454.70,0.00,6.0,0.00,0.00,44728.20,''),
(214,33,702,'Ball Valve s/s 1/2 inch',0.00,33000.00,0.00,1.0,0.00,0.00,33000.00,''),
(215,33,187,'Neklin',0.00,27500.00,0.00,5.0,0.00,0.00,137500.00,''),
(216,34,126,'Pilox/ Pylox Biru (Blue Lagoon) (RJ 21 400cc)',0.00,29700.00,0.00,3.0,0.00,0.00,89100.00,''),
(217,34,127,'Clear (pylox) (pilox) (RJ 540 400cc)',0.00,28600.00,0.00,1.0,0.00,0.00,28600.00,''),
(218,35,117,'Papan Oli Cooler samping 6D (Cover)',0.00,385000.00,0.00,1.0,0.00,0.00,385000.00,''),
(219,35,740,'Packing Oli Cooler 6D',0.00,27500.00,0.00,1.0,0.00,0.00,27500.00,''),
(220,35,737,'O Ring Oli Cooler 6D',0.00,27500.00,0.00,1.0,0.00,0.00,27500.00,''),
(221,36,179,'Oli Mesin',0.00,23999.80,0.00,18.0,0.00,0.00,431996.40,''),
(222,37,95,'Lem besi dexton 5 mnt',0.00,13016.30,0.00,1.0,0.00,0.00,13016.30,''),
(223,38,179,'Oli Mesin',0.00,23999.80,0.00,1.0,0.00,0.00,23999.80,''),
(224,39,107,'Senter village 5720',0.00,93500.00,0.00,1.0,0.00,0.00,93500.00,''),
(225,39,83,'Mata Gergaji Besi (Sandflex 12 inch) 24T (TPI) BAHCO 18 Hologram Silver',0.00,13200.00,0.00,3.0,0.00,0.00,39600.00,''),
(226,39,95,'Lem besi dexton 5 mnt',0.00,13016.30,0.00,1.0,0.00,0.00,13016.30,''),
(227,39,105,'Rexco 500ml Semprotan Anti Karat (WD)',0.00,33000.00,0.00,1.0,0.00,0.00,33000.00,''),
(228,39,179,'Oli Mesin',0.00,23999.80,0.00,60.0,0.00,0.00,1439988.00,''),
(229,39,7,'Sarung tangan kain /No.6 B',0.00,25300.00,0.00,1.0,0.00,0.00,25300.00,''),
(230,39,8,'Sarung tangan freezer',0.00,16500.00,0.00,1.0,0.00,0.00,16500.00,''),
(231,39,13,'Jas Hujan',0.00,121000.00,0.00,3.0,0.00,0.00,363000.00,''),
(232,39,51,'Serampad PE 380/D60 Dolpin Hitam',0.00,77000.00,0.00,1.0,0.00,0.00,77000.00,''),
(233,39,222,'Kain Lap',0.00,7700.00,0.00,2.0,0.00,0.00,15400.00,''),
(234,39,19,'Panci jawa no 26',0.00,42130.00,0.00,1.0,0.00,0.00,42130.00,''),
(235,39,23,'Kepala Kompor 203 (EMSTAR MT)',0.00,201300.00,0.00,3.0,0.00,0.00,603900.00,''),
(236,39,1137,'Piring Kaleng 22inch (Pcs)',0.00,6416.30,0.00,12.0,0.00,0.00,76995.60,''),
(237,39,31,'Sendok',0.00,8800.00,0.00,1.0,0.00,0.00,8800.00,''),
(238,39,37,'Jarum/ Colok kompor no 168',0.00,2200.00,0.00,20.0,0.00,0.00,44000.00,''),
(239,39,1222,'Pisau Dapur Sulis No 1',0.00,2750.00,0.00,2.0,0.00,0.00,5500.00,''),
(240,39,22,'Kompaan/ Pompa Ban/ Angin',0.00,71500.00,0.00,1.0,0.00,0.00,71500.00,''),
(241,39,185,'Golok Gagang Kayu',0.00,27500.00,0.00,1.0,0.00,0.00,27500.00,''),
(242,39,28,'Centong nasi',0.00,3666.30,0.00,1.0,0.00,0.00,3666.30,''),
(243,39,27,'Samsi/susruk',0.00,22000.00,0.00,1.0,0.00,0.00,22000.00,''),
(244,39,14,'Teko HC No. 26/ Teko Alumunium',0.00,181500.00,0.00,1.0,0.00,0.00,181500.00,''),
(245,39,135,'Mug / Cangkir/ Gelas plastik kecil',0.00,4582.60,0.00,12.0,0.00,0.00,54991.20,''),
(246,39,34,'Selang kompor kuningan',0.00,36300.00,0.00,5.0,0.00,0.00,181500.00,''),
(247,39,35,'Kunci Spuyer Kompor',0.00,25300.00,0.00,1.0,0.00,0.00,25300.00,''),
(248,39,36,'Spuyer kompor 203',0.00,3300.00,0.00,10.0,0.00,0.00,33000.00,''),
(249,39,1,'Langseng/ Dandang 32inch',0.00,220000.00,0.00,1.0,0.00,0.00,220000.00,''),
(250,39,21,'Rantang susun 3',0.00,32083.70,0.00,1.0,0.00,0.00,32083.70,''),
(251,39,61,'Kili-kili snap/ snep no 1',0.00,33275.00,0.00,12.0,0.00,0.00,399300.00,''),
(252,39,73,'Kili-kili biasa no 8 (Swivel Putih 305 No. 8)',0.00,5717.25,0.00,12.0,0.00,0.00,68607.00,''),
(253,39,58,'Pancing no 7 (Pancing Mustad 2335 No. 7)',0.00,93500.00,0.00,2.0,0.00,0.00,187000.00,''),
(254,39,59,'Pancing no 14',0.00,27500.00,0.00,2.0,0.00,0.00,55000.00,''),
(255,39,42,'Pancing udang-udangan 2.0',0.00,3960.00,0.00,400.0,0.00,0.00,1584000.00,''),
(256,39,41,'Pancing Apollo 4 inch',0.00,2860.00,0.00,200.0,0.00,0.00,572000.00,''),
(257,39,43,'Pancing udang-udangan 3.5',0.00,8800.00,0.00,10.0,0.00,0.00,88000.00,''),
(258,39,56,'Cincin kecil',0.00,5500.00,0.00,15.0,0.00,0.00,82500.00,''),
(259,39,47,'Gunting ',0.00,2612.50,0.00,12.0,0.00,0.00,31350.00,''),
(260,39,94,'Lem dexton',0.00,5280.00,0.00,15.0,0.00,0.00,79200.00,''),
(261,39,89,'Silet SDI / Pisau Lipat',0.00,7791.66,0.00,5.0,0.00,0.00,38958.30,''),
(262,39,93,'Pulpen (Faster C6 (H))',0.00,2475.00,0.00,3.0,0.00,0.00,7425.00,''),
(263,39,92,'Spidol (G-12) (M)',0.00,5316.67,0.00,3.0,0.00,0.00,15950.01,''),
(264,39,188,'Plastik Cumi',0.00,605000.00,0.00,2.0,0.00,0.00,1210000.00,''),
(265,40,1257,'Jarum Jahit 3 1/2 inch Lonceng',0.00,5500.00,0.00,1.0,0.00,0.00,5500.00,''),
(266,41,283,'Gula',0.00,13640.00,0.00,40.0,0.00,0.00,545600.00,''),
(267,42,283,'Gula',0.00,13640.00,0.00,50.0,0.00,0.00,682000.00,''),
(268,43,42,'Pancing udang-udangan 2.0',0.00,3960.00,0.00,400.0,0.00,0.00,1584000.00,''),
(269,43,43,'Pancing udang-udangan 3.5',0.00,8800.00,0.00,10.0,0.00,0.00,88000.00,''),
(270,43,50,'Benang Sutra Hijau & Putih 555',0.00,14520.00,0.00,8.0,0.00,0.00,116160.00,''),
(271,43,48,'Jarum jahit',0.00,1031.25,0.00,5.0,0.00,0.00,5156.25,''),
(272,43,47,'Gunting ',0.00,2612.50,0.00,15.0,0.00,0.00,39187.50,''),
(273,43,61,'Kili-kili snap/ snep no 1',0.00,33275.00,0.00,12.0,0.00,0.00,399300.00,''),
(274,43,64,'KIli-kili snap no 5',0.00,20000.00,0.00,12.0,0.00,0.00,240000.00,''),
(275,43,69,'Kili-kili biasa no 3',0.00,8800.00,0.00,12.0,0.00,0.00,105600.00,''),
(276,43,49,'Kumis udang',0.00,35200.00,0.00,5.0,0.00,0.00,176000.00,''),
(277,43,39,'Kain campur/ Warna',0.00,1430.00,0.00,400.0,0.00,0.00,572000.00,''),
(278,43,58,'Pancing no 7 (Pancing Mustad 2335 No. 7)',0.00,93500.00,0.00,2.0,0.00,0.00,187000.00,''),
(279,43,187,'Neklin',0.00,27500.00,0.00,3.0,0.00,0.00,82500.00,''),
(280,43,75,'Senar no 20',0.00,5200.80,0.00,40.0,0.00,0.00,208032.00,''),
(281,43,78,'senar no 50',0.00,11440.00,0.00,20.0,0.00,0.00,228800.00,''),
(282,43,80,'Senar no 70',0.00,16343.80,0.00,20.0,0.00,0.00,326876.00,''),
(283,43,76,'Senar no 30',0.00,7626.30,0.00,10.0,0.00,0.00,76263.00,''),
(284,43,79,'Senar no 60',0.00,16500.00,0.00,10.0,0.00,0.00,165000.00,''),
(285,43,82,'Penggarisan Butterfly 30 cm (BT 30)',0.00,20350.00,0.00,2.0,0.00,0.00,40700.00,''),
(286,43,94,'Lem dexton',0.00,5280.00,0.00,20.0,0.00,0.00,105600.00,''),
(287,43,566,'Kili-kili 2 putaran No.3 (pcs)',0.00,4730.00,0.00,20.0,0.00,0.00,94600.00,''),
(288,43,56,'Cincin kecil',0.00,5500.00,0.00,20.0,0.00,0.00,110000.00,''),
(289,43,89,'Silet SDI / Pisau Lipat',0.00,7791.66,0.00,3.0,0.00,0.00,23374.98,''),
(290,43,188,'Plastik Cumi',0.00,605000.00,0.00,3.0,0.00,0.00,1815000.00,''),
(291,43,92,'Spidol (G-12) (M)',0.00,5316.67,0.00,2.0,0.00,0.00,10633.34,''),
(292,43,412,'Lampu ML 500 watt (Lampu Susu)',0.00,104500.00,0.00,2.0,0.00,0.00,209000.00,''),
(293,43,83,'Mata Gergaji Besi (Sandflex 12 inch) 24T (TPI) BAHCO 18 Hologram Silver',0.00,13200.00,0.00,4.0,0.00,0.00,52800.00,''),
(294,43,101,'Solasiban/ Solasi Hitam (Nitto)',0.00,6050.00,0.00,2.0,0.00,0.00,12100.00,''),
(295,43,7,'Sarung tangan kain /No.6 B',0.00,25300.00,0.00,2.0,0.00,0.00,50600.00,''),
(296,43,222,'Kain Lap',0.00,7700.00,0.00,3.0,0.00,0.00,23100.00,''),
(297,43,115,'Colokan Listrik',0.00,7150.00,0.00,3.0,0.00,0.00,21450.00,''),
(298,43,51,'Serampad PE 380/D60 Dolpin Hitam',0.00,77000.00,0.00,1.0,0.00,0.00,77000.00,''),
(299,43,52,'Serampad PE 380/D48 Dolpin Hitam',0.00,80300.00,0.00,1.0,0.00,0.00,80300.00,''),
(300,43,12,'Sepatu boot no 43',0.00,69300.00,0.00,1.0,0.00,0.00,69300.00,''),
(301,43,13,'Jas Hujan',0.00,121000.00,0.00,2.0,0.00,0.00,242000.00,''),
(302,43,5,'Bakul/ Basket Cumi  Green Leaf 989',0.00,44495.00,0.00,2.0,0.00,0.00,88990.00,''),
(303,43,190,'Batu Gurinda Potong (WD)',0.00,2750.00,0.00,10.0,0.00,0.00,27500.00,''),
(304,43,107,'Senter village 5720',0.00,93500.00,0.00,1.0,0.00,0.00,93500.00,''),
(305,43,23,'Kepala Kompor 203 (EMSTAR MT)',0.00,201300.00,0.00,6.0,0.00,0.00,1207800.00,''),
(306,43,25,'Termos Air Panas (Solaris)',0.00,56833.70,0.00,1.0,0.00,0.00,56833.70,''),
(307,43,1137,'Piring Kaleng 22inch (Pcs)',0.00,6416.30,0.00,24.0,0.00,0.00,153991.20,''),
(308,43,31,'Sendok',0.00,8800.00,0.00,2.0,0.00,0.00,17600.00,''),
(309,43,135,'Mug / Cangkir/ Gelas plastik kecil',0.00,4582.60,0.00,12.0,0.00,0.00,54991.20,''),
(310,43,1,'Langseng/ Dandang 32inch',0.00,220000.00,0.00,2.0,0.00,0.00,440000.00,''),
(311,43,22,'Kompaan/ Pompa Ban/ Angin',0.00,71500.00,0.00,1.0,0.00,0.00,71500.00,''),
(312,43,1222,'Pisau Dapur Sulis No 1',0.00,2750.00,0.00,2.0,0.00,0.00,5500.00,''),
(313,43,34,'Selang kompor kuningan',0.00,36300.00,0.00,3.0,0.00,0.00,108900.00,''),
(314,43,36,'Spuyer kompor 203',0.00,3300.00,0.00,20.0,0.00,0.00,66000.00,''),
(315,43,21,'Rantang susun 3',0.00,32083.70,0.00,1.0,0.00,0.00,32083.70,''),
(316,43,20,'Mangkok plastik',0.00,3666.30,0.00,12.0,0.00,0.00,43995.60,''),
(317,43,37,'Jarum/ Colok kompor no 168',0.00,2200.00,0.00,10.0,0.00,0.00,22000.00,''),
(318,43,33,'Serop/ Serok kerupuk 8 inch',0.00,16500.00,0.00,1.0,0.00,0.00,16500.00,''),
(319,44,22,'Kompaan/ Pompa Ban/ Angin',0.00,71500.00,0.00,1.0,0.00,0.00,71500.00,''),
(320,44,37,'Jarum/ Colok kompor no 168',0.00,2200.00,0.00,8.0,0.00,0.00,17600.00,''),
(321,44,23,'Kepala Kompor 203 (EMSTAR MT)',0.00,201300.00,0.00,2.0,0.00,0.00,402600.00,''),
(322,44,97,'Lem merah',0.00,13750.00,0.00,2.0,0.00,0.00,27500.00,''),
(323,44,7,'Sarung tangan kain /No.6 B',0.00,25300.00,0.00,1.0,0.00,0.00,25300.00,''),
(324,44,75,'Senar no 20',0.00,5200.80,0.00,30.0,0.00,0.00,156024.00,''),
(325,44,73,'Kili-kili biasa no 8 (Swivel Putih 305 No. 8)',0.00,5717.25,0.00,12.0,0.00,0.00,68607.00,''),
(326,45,42,'Pancing udang-udangan 2.0',0.00,3960.00,0.00,400.0,0.00,0.00,1584000.00,''),
(327,45,43,'Pancing udang-udangan 3.5',0.00,8800.00,0.00,10.0,0.00,0.00,88000.00,''),
(328,45,50,'Benang Sutra Hijau & Putih 555',0.00,14520.00,0.00,8.0,0.00,0.00,116160.00,''),
(329,45,48,'Jarum jahit',0.00,1031.25,0.00,5.0,0.00,0.00,5156.25,''),
(330,45,47,'Gunting ',0.00,2612.50,0.00,15.0,0.00,0.00,39187.50,''),
(331,45,61,'Kili-kili snap/ snep no 1',0.00,33275.00,0.00,12.0,0.00,0.00,399300.00,''),
(332,45,64,'KIli-kili snap no 5',0.00,20000.00,0.00,12.0,0.00,0.00,240000.00,''),
(333,45,69,'Kili-kili biasa no 3',0.00,8800.00,0.00,12.0,0.00,0.00,105600.00,''),
(334,45,49,'Kumis udang',0.00,35200.00,0.00,5.0,0.00,0.00,176000.00,''),
(335,45,39,'Kain campur/ Warna',0.00,1430.00,0.00,400.0,0.00,0.00,572000.00,''),
(336,45,58,'Pancing no 7 (Pancing Mustad 2335 No. 7)',0.00,93500.00,0.00,2.0,0.00,0.00,187000.00,''),
(337,45,187,'Neklin',0.00,27500.00,0.00,3.0,0.00,0.00,82500.00,''),
(338,45,75,'Senar no 20',0.00,5200.80,0.00,40.0,0.00,0.00,208032.00,''),
(339,45,78,'senar no 50',0.00,11440.00,0.00,20.0,0.00,0.00,228800.00,''),
(340,45,80,'Senar no 70',0.00,16343.80,0.00,20.0,0.00,0.00,326876.00,''),
(341,45,76,'Senar no 30',0.00,7626.30,0.00,10.0,0.00,0.00,76263.00,''),
(342,45,79,'Senar no 60',0.00,16500.00,0.00,10.0,0.00,0.00,165000.00,''),
(343,45,82,'Penggarisan Butterfly 30 cm (BT 30)',0.00,20350.00,0.00,2.0,0.00,0.00,40700.00,''),
(344,45,94,'Lem dexton',0.00,5280.00,0.00,20.0,0.00,0.00,105600.00,''),
(345,45,566,'Kili-kili 2 putaran No.3 (pcs)',0.00,4730.00,0.00,20.0,0.00,0.00,94600.00,''),
(346,45,56,'Cincin kecil',0.00,5500.00,0.00,20.0,0.00,0.00,110000.00,''),
(347,45,89,'Silet SDI / Pisau Lipat',0.00,7791.66,0.00,3.0,0.00,0.00,23374.98,''),
(348,45,188,'Plastik Cumi',0.00,605000.00,0.00,3.0,0.00,0.00,1815000.00,''),
(349,45,92,'Spidol (G-12) (M)',0.00,5316.67,0.00,2.0,0.00,0.00,10633.34,''),
(350,45,412,'Lampu ML 500 watt (Lampu Susu)',0.00,104500.00,0.00,2.0,0.00,0.00,209000.00,''),
(351,45,83,'Mata Gergaji Besi (Sandflex 12 inch) 24T (TPI) BAHCO 18 Hologram Silver',0.00,13200.00,0.00,4.0,0.00,0.00,52800.00,''),
(352,45,101,'Solasiban/ Solasi Hitam (Nitto)',0.00,6050.00,0.00,2.0,0.00,0.00,12100.00,''),
(353,45,7,'Sarung tangan kain /No.6 B',0.00,25300.00,0.00,2.0,0.00,0.00,50600.00,''),
(354,45,222,'Kain Lap',0.00,7700.00,0.00,3.0,0.00,0.00,23100.00,''),
(355,45,51,'Serampad PE 380/D60 Dolpin Hitam',0.00,77000.00,0.00,1.0,0.00,0.00,77000.00,''),
(356,45,52,'Serampad PE 380/D48 Dolpin Hitam',0.00,80300.00,0.00,1.0,0.00,0.00,80300.00,''),
(357,45,12,'Sepatu boot no 43',0.00,69300.00,0.00,1.0,0.00,0.00,69300.00,''),
(358,45,13,'Jas Hujan',0.00,121000.00,0.00,2.0,0.00,0.00,242000.00,''),
(359,45,5,'Bakul/ Basket Cumi  Green Leaf 989',0.00,44495.00,0.00,2.0,0.00,0.00,88990.00,''),
(360,45,190,'Batu Gurinda Potong (WD)',0.00,2750.00,0.00,10.0,0.00,0.00,27500.00,''),
(361,45,107,'Senter village 5720',0.00,93500.00,0.00,1.0,0.00,0.00,93500.00,''),
(362,45,23,'Kepala Kompor 203 (EMSTAR MT)',0.00,201300.00,0.00,6.0,0.00,0.00,1207800.00,''),
(363,45,25,'Termos Air Panas (Solaris)',0.00,56833.70,0.00,1.0,0.00,0.00,56833.70,''),
(364,45,1137,'Piring Kaleng 22inch (Pcs)',0.00,6416.30,0.00,24.0,0.00,0.00,153991.20,''),
(365,45,31,'Sendok',0.00,8800.00,0.00,2.0,0.00,0.00,17600.00,''),
(366,45,135,'Mug / Cangkir/ Gelas plastik kecil',0.00,4582.60,0.00,12.0,0.00,0.00,54991.20,''),
(367,45,1,'Langseng/ Dandang 32inch',0.00,220000.00,0.00,2.0,0.00,0.00,440000.00,''),
(368,45,22,'Kompaan/ Pompa Ban/ Angin',0.00,71500.00,0.00,1.0,0.00,0.00,71500.00,''),
(369,45,1222,'Pisau Dapur Sulis No 1',0.00,2750.00,0.00,2.0,0.00,0.00,5500.00,''),
(370,45,34,'Selang kompor kuningan',0.00,36300.00,0.00,3.0,0.00,0.00,108900.00,''),
(371,45,36,'Spuyer kompor 203',0.00,3300.00,0.00,20.0,0.00,0.00,66000.00,''),
(372,45,21,'Rantang susun 3',0.00,32083.70,0.00,1.0,0.00,0.00,32083.70,''),
(373,45,20,'Mangkok plastik',0.00,3666.30,0.00,12.0,0.00,0.00,43995.60,''),
(374,45,37,'Jarum/ Colok kompor no 168',0.00,2200.00,0.00,10.0,0.00,0.00,22000.00,''),
(375,45,33,'Serop/ Serok kerupuk 8 inch',0.00,16500.00,0.00,1.0,0.00,0.00,16500.00,''),
(376,45,576,'Colokan Listrik Broco/ Uticon',0.00,22000.00,0.00,3.0,0.00,0.00,66000.00,''),
(377,46,416,'Korek Balon',0.00,194700.00,0.00,2.0,0.00,0.00,389400.00,''),
(378,47,100,'Masker kain',0.00,49500.00,0.00,1.0,0.00,0.00,49500.00,''),
(379,47,222,'Kain Lap',0.00,7700.00,0.00,2.0,0.00,0.00,15400.00,''),
(380,47,7,'Sarung tangan kain /No.6 B',0.00,25300.00,0.00,1.0,0.00,0.00,25300.00,''),
(381,47,179,'Oli Mesin',0.00,23999.80,0.00,17.0,0.00,0.00,407996.60,''),
(382,47,190,'Batu Gurinda Potong (WD)',0.00,2750.00,0.00,1.0,0.00,0.00,2750.00,''),
(383,47,192,'Batu Gurinda Amplas (Kinik)',0.00,8349.00,0.00,1.0,0.00,0.00,8349.00,''),
(384,48,135,'Mug / Cangkir/ Gelas plastik kecil',0.00,4582.60,0.00,12.0,0.00,0.00,54991.20,''),
(385,48,36,'Spuyer kompor 203',0.00,3300.00,0.00,10.0,0.00,0.00,33000.00,''),
(386,48,23,'Kepala Kompor 203 (EMSTAR MT)',0.00,201300.00,0.00,2.0,0.00,0.00,402600.00,''),
(387,48,89,'Silet SDI / Pisau Lipat',0.00,7791.66,0.00,3.0,0.00,0.00,23374.98,''),
(388,48,41,'Pancing Apollo 4 inch',0.00,2860.00,0.00,100.0,0.00,0.00,286000.00,''),
(389,48,42,'Pancing udang-udangan 2.0',0.00,3960.00,0.00,200.0,0.00,0.00,792000.00,''),
(390,49,112,'Bohlam kaki 2 24v',0.00,3850.00,0.00,1.0,0.00,0.00,3850.00,''),
(391,49,111,'Fitting bohlam kaki 2',0.00,11000.00,0.00,1.0,0.00,0.00,11000.00,''),
(392,50,222,'Kain Lap',0.00,7700.00,0.00,2.5,0.00,0.00,19250.00,''),
(393,50,179,'Oli Mesin',0.00,23999.80,0.00,60.0,0.00,0.00,1439988.00,''),
(394,51,190,'Batu Gurinda Potong (WD)',0.00,2750.00,0.00,3.0,0.00,0.00,8250.00,''),
(395,51,89,'Silet SDI / Pisau Lipat',0.00,7791.66,0.00,1.0,0.00,0.00,7791.66,''),
(396,51,97,'Lem merah/ Red Silicone 70gr',0.00,13750.00,0.00,2.0,0.00,0.00,27500.00,''),
(397,51,125,'Asbes knalpot 3 in',0.00,154000.00,0.00,1.0,0.00,0.00,154000.00,''),
(398,51,187,'Neklin',0.00,27500.00,0.00,4.0,0.00,0.00,110000.00,''),
(399,52,190,'Batu Gurinda Potong (WD)',0.00,2750.00,0.00,3.0,0.00,0.00,8250.00,''),
(400,52,89,'Silet SDI / Pisau Lipat',0.00,7791.66,0.00,1.0,0.00,0.00,7791.66,''),
(401,52,97,'Lem merah/ Red Silicone 70gr',0.00,13750.00,0.00,2.0,0.00,0.00,27500.00,''),
(402,52,125,'Asbes knalpot 3 in',0.00,154000.00,0.00,1.0,0.00,0.00,154000.00,''),
(403,52,187,'Neklin',0.00,27500.00,0.00,4.0,0.00,0.00,110000.00,''),
(407,53,285,'Terigu',0.00,6688.00,0.00,12.5,0.00,0.00,83600.00,''),
(408,53,283,'Gula',0.00,13640.00,0.00,50.0,0.00,0.00,682000.00,''),
(409,54,222,'Kain Lap',0.00,7700.00,0.00,2.5,0.00,0.00,19250.00,''),
(410,54,192,'Batu Gurinda Amplas (Kinik)',0.00,8349.00,0.00,1.0,0.00,0.00,8349.00,''),
(411,54,190,'Batu Gurinda Potong (WD)',0.00,2750.00,0.00,1.0,0.00,0.00,2750.00,''),
(412,55,101,'Solasiban/ Solasi Hitam (Nitto)',0.00,6050.00,0.00,3.0,0.00,0.00,18150.00,''),
(413,55,83,'Mata Gergaji Besi (Sandflex 12 inch) 24T (TPI) BAHCO 18 Hologram Silver',0.00,13200.00,0.00,3.0,0.00,0.00,39600.00,''),
(414,55,190,'Batu Gurinda Potong (WD)',0.00,2750.00,0.00,10.0,0.00,0.00,27500.00,''),
(415,55,95,'Lem besi dexton 5 mnt',0.00,13016.30,0.00,2.0,0.00,0.00,26032.60,''),
(416,55,222,'Kain Lap',0.00,7700.00,0.00,3.0,0.00,0.00,23100.00,''),
(417,55,179,'Oli Mesin',0.00,23999.80,0.00,80.0,0.00,0.00,1919984.00,''),
(418,55,52,'Serampad PE 380/D48 Dolpin Hitam',0.00,80300.00,0.00,1.0,0.00,0.00,80300.00,''),
(419,55,51,'Serampad PE 380/D60 Dolpin Hitam',0.00,77000.00,0.00,1.0,0.00,0.00,77000.00,''),
(420,55,105,'Rexco 500ml Semprotan Anti Karat (WD)',0.00,33000.00,0.00,1.0,0.00,0.00,33000.00,''),
(421,55,576,'Colokan Listrik Broco/ Uticon',0.00,22000.00,0.00,2.0,0.00,0.00,44000.00,''),
(422,55,1259,'Silikon Dinamo 10 KW (Matari) (STO-1-03 SILICON RECTIFIER (G))',0.00,55660.00,0.00,1.0,0.00,0.00,55660.00,''),
(423,55,750,'V. Belt B 208',0.00,152350.00,0.00,4.0,0.00,0.00,609400.00,''),
(424,55,7,'Sarung tangan kain /No.6 B',0.00,25300.00,0.00,2.0,0.00,0.00,50600.00,''),
(425,55,8,'Sarung tangan freezer',0.00,16500.00,0.00,2.0,0.00,0.00,33000.00,''),
(426,55,126,'Pilox/ Pylox Biru (Blue Lagoon) (RJ 21 400cc)',0.00,29700.00,0.00,2.0,0.00,0.00,59400.00,''),
(427,55,20,'Mangkok plastik',0.00,3666.30,0.00,12.0,0.00,0.00,43995.60,''),
(428,55,23,'Kepala Kompor 203 (EMSTAR MT)',0.00,201300.00,0.00,5.0,0.00,0.00,1006500.00,''),
(429,55,34,'Selang kompor kuningan',0.00,36300.00,0.00,6.0,0.00,0.00,217800.00,''),
(430,55,36,'Spuyer kompor 203',0.00,3300.00,0.00,10.0,0.00,0.00,33000.00,''),
(431,55,37,'Jarum/ Colok kompor no 168',0.00,2200.00,0.00,15.0,0.00,0.00,33000.00,''),
(432,55,22,'Kompaan/ Pompa Ban/ Angin',0.00,71500.00,0.00,2.0,0.00,0.00,143000.00,''),
(433,55,11,'Selang Kompaan/ Pompa',0.00,11000.00,0.00,2.0,0.00,0.00,22000.00,''),
(434,55,31,'Sendok',0.00,8800.00,0.00,2.0,0.00,0.00,17600.00,''),
(435,55,135,'Mug / Cangkir/ Gelas plastik kecil',0.00,4582.60,0.00,12.0,0.00,0.00,54991.20,''),
(436,55,1,'Langseng/ Dandang 32inch',0.00,220000.00,0.00,1.0,0.00,0.00,220000.00,''),
(437,55,21,'Rantang susun 3',0.00,32083.70,0.00,1.0,0.00,0.00,32083.70,''),
(438,55,25,'Termos Air Panas (Solaris)',0.00,56833.70,0.00,2.0,0.00,0.00,113667.40,''),
(439,55,940,'Piting Broco',0.00,9350.00,0.00,1.0,0.00,0.00,9350.00,''),
(440,55,1137,'Piring Kaleng 22inch (Pcs)',0.00,6416.30,0.00,12.0,0.00,0.00,76995.60,''),
(441,55,1222,'Pisau Dapur Sulis No 1',0.00,2750.00,0.00,2.0,0.00,0.00,5500.00,''),
(442,55,29,'Golok Dapur Stainless (B. 019)',0.00,36300.00,0.00,1.0,0.00,0.00,36300.00,''),
(443,55,1232,'Penggorengan no 16',0.00,66000.00,0.00,1.0,0.00,0.00,66000.00,''),
(444,55,42,'Pancing udang-udangan 2.0',0.00,3960.00,0.00,500.0,0.00,0.00,1980000.00,''),
(445,55,43,'Pancing udang-udangan 3.5',0.00,8800.00,0.00,10.0,0.00,0.00,88000.00,''),
(446,55,41,'Pancing Apollo 4 inch',0.00,2860.00,0.00,100.0,0.00,0.00,286000.00,''),
(447,55,75,'Senar no 20',0.00,5200.80,0.00,40.0,0.00,0.00,208032.00,''),
(448,55,74,'Senar no 15',0.00,4400.00,0.00,30.0,0.00,0.00,132000.00,''),
(449,55,80,'Senar no 70',0.00,16343.80,0.00,10.0,0.00,0.00,163438.00,''),
(450,55,78,'senar no 50',0.00,11440.00,0.00,10.0,0.00,0.00,114400.00,''),
(451,55,76,'Senar no 30',0.00,7626.30,0.00,7.0,0.00,0.00,53384.10,''),
(452,55,77,'Senar no 40',0.00,8800.00,0.00,7.0,0.00,0.00,61600.00,''),
(453,55,50,'Benang Sutra Hijau & Putih 555',0.00,14520.00,0.00,10.0,0.00,0.00,145200.00,''),
(454,55,49,'Kumis udang',0.00,35200.00,0.00,2.0,0.00,0.00,70400.00,''),
(455,55,1223,'Fosfor Skotlet 2inch x 45m',0.00,18333.34,0.00,1.0,0.00,0.00,18333.34,''),
(456,55,48,'Jarum jahit',0.00,1031.25,0.00,4.0,0.00,0.00,4125.00,''),
(457,55,94,'Lem dexton',0.00,5280.00,0.00,30.0,0.00,0.00,158400.00,''),
(458,55,39,'Kain campur/ Warna',0.00,1430.00,0.00,300.0,0.00,0.00,429000.00,''),
(459,55,70,'Kili-kili biasa no 4',0.00,15032.60,0.00,12.0,0.00,0.00,180391.20,''),
(460,55,73,'Kili-kili biasa no 8 (Swivel Putih 305 No. 8)',0.00,5717.25,0.00,12.0,0.00,0.00,68607.00,''),
(461,55,566,'Kili-kili 2 putaran No.3 (pcs)',0.00,4730.00,0.00,10.0,0.00,0.00,47300.00,''),
(462,55,56,'Cincin kecil',0.00,5500.00,0.00,20.0,0.00,0.00,110000.00,''),
(463,55,47,'Gunting ',0.00,2612.50,0.00,20.0,0.00,0.00,52250.00,''),
(464,55,187,'Neklin',0.00,27500.00,0.00,2.0,0.00,0.00,55000.00,''),
(465,55,82,'Penggarisan Butterfly 30 cm (BT 30)',0.00,20350.00,0.00,3.0,0.00,0.00,61050.00,''),
(466,55,188,'Plastik Cumi',0.00,605000.00,0.00,4.0,0.00,0.00,2420000.00,''),
(467,55,92,'Spidol (G-12) (M)',0.00,5316.67,0.00,4.0,0.00,0.00,21266.68,''),
(468,55,93,'Pulpen (Faster C6 (H))',0.00,2475.00,0.00,6.0,0.00,0.00,14850.00,''),
(469,55,89,'Silet SDI / Pisau Lipat',0.00,7791.66,0.00,4.0,0.00,0.00,31166.64,''),
(470,56,514,'Rokok Apace K (Kretek)',0.00,86900.00,0.00,20.0,0.00,0.00,1738000.00,''),
(471,57,386,'Bahan Cor Putih',0.00,41800.00,0.00,10.0,0.00,0.00,418000.00,''),
(472,57,244,'Bahan Cor Hitam',0.00,41800.00,0.00,15.0,0.00,0.00,627000.00,''),
(473,57,1260,'Baut Stut/ Manipol 10 x 30',0.00,5500.00,0.00,2.0,0.00,0.00,11000.00,''),
(474,57,1261,'Baut Kop 6D',0.00,5500.00,0.00,2.0,0.00,0.00,11000.00,''),
(475,57,192,'Batu Gurinda Amplas (Kinik)',0.00,8349.00,0.00,1.0,0.00,0.00,8349.00,''),
(476,58,190,'Batu Gurinda Potong (WD)',0.00,2750.00,0.00,5.0,0.00,0.00,13750.00,''),
(477,2,750,'V. Belt B 208',0.00,1000000.00,0.00,1.0,0.00,0.00,1000000.00,''),
(478,2,1,'Langseng/ Dandang 32inch',0.00,30000.00,0.00,1.0,0.00,0.00,30000.00,''),
(479,59,84,'Siltip/ Onda/ Selotip',0.00,4180.00,0.00,10.0,0.00,0.00,41800.00,''),
(480,59,194,'Klem Selang 1 3/4 inch',0.00,3850.00,0.00,5.0,0.00,0.00,19250.00,''),
(481,60,285,'Terigu',0.00,6688.00,0.00,12.5,0.00,0.00,83600.00,''),
(482,60,283,'Gula',0.00,13640.00,0.00,50.0,0.00,0.00,682000.00,''),
(483,61,286,'Beras',0.00,550000.00,0.00,9.0,0.00,0.00,4950000.00,''),
(484,61,302,'Minyak Goreng',0.00,235400.00,0.00,4.0,0.00,0.00,941600.00,''),
(485,62,179,'Oli Mesin',0.00,23999.80,0.00,60.0,0.00,0.00,1439988.00,''),
(486,62,222,'Kain Lap',0.00,7700.00,0.00,2.0,0.00,0.00,15400.00,''),
(487,62,190,'Batu Gurinda Potong (WD)',0.00,2750.00,0.00,5.0,0.00,0.00,13750.00,''),
(488,63,97,'Lem merah/ Red Silicone 70gr',0.00,13750.00,0.00,2.0,0.00,0.00,27500.00,''),
(489,63,84,'Siltip/ Onda/ Selotip',0.00,4180.00,0.00,5.0,0.00,0.00,20900.00,''),
(490,63,194,'Klem Selang 1 3/4 inch',0.00,3850.00,0.00,8.0,0.00,0.00,30800.00,''),
(491,63,89,'Silet SDI / Pisau Lipat',0.00,7791.66,0.00,1.0,0.00,0.00,7791.66,''),
(492,63,222,'Kain Lap',0.00,7700.00,0.00,2.5,0.00,0.00,19250.00,''),
(493,64,222,'Kain Lap',0.00,7700.00,0.00,2.5,0.00,0.00,19250.00,''),
(494,64,179,'Oli Mesin',0.00,23999.80,0.00,60.0,0.00,0.00,1439988.00,''),
(495,65,1262,'Kabel Serabut Jembo 2x1.5 (Meter)',0.00,8789.00,0.00,6.0,0.00,0.00,52734.00,''),
(496,66,302,'Minyak Goreng',0.00,235400.00,0.00,5.0,0.00,0.00,1177000.00,''),
(497,66,286,'Beras',0.00,550000.00,0.00,10.0,0.00,0.00,5500000.00,''),
(502,67,1232,'Penggorengan no 16',0.00,66000.00,0.00,1.0,0.00,0.00,66000.00,''),
(503,67,1233,'test1',0.00,12500.00,0.00,2.0,0.00,0.00,25000.00,''),
(504,68,1232,'Penggorengan no 16',0.00,66000.00,0.00,17.0,0.00,0.00,1122000.00,''),
(505,68,1233,'test1',0.00,12500.00,0.00,11.0,0.00,0.00,137500.00,''),
(506,69,1233,'test1',0.00,12500.00,0.00,10.0,0.00,0.00,125000.00,''),
(507,69,1232,'Penggorengan no 16',0.00,66000.00,0.00,18.0,0.00,0.00,1188000.00,''),
(508,70,1233,'test1',0.00,12500.00,0.00,6.0,0.00,0.00,75000.00,''),
(509,70,1232,'Penggorengan no 16',0.00,66000.00,0.00,5.0,0.00,0.00,330000.00,''),
(510,71,1233,'test1',0.00,12500.00,0.00,20.0,0.00,0.00,250000.00,''),
(511,71,1232,'Penggorengan no 16',0.00,66000.00,0.00,20.0,0.00,0.00,1320000.00,'');

/*Table structure for table `trn_sales_03` */

DROP TABLE IF EXISTS `trn_sales_03`;

CREATE TABLE `trn_sales_03` (
  `bonus_id` int(11) NOT NULL AUTO_INCREMENT COMMENT 'Id Detail',
  `sales_id` int(11) NOT NULL COMMENT 'Id header',
  `items_id` int(11) NOT NULL COMMENT 'Id Barang',
  `items_name` varchar(100) NOT NULL DEFAULT '' COMMENT 'Nama Barang',
  `qty` decimal(7,1) NOT NULL DEFAULT 0.0 COMMENT 'Qty Bonus',
  `remarks` varchar(200) DEFAULT '' COMMENT 'Info',
  PRIMARY KEY (`bonus_id`),
  KEY `sales_id` (`sales_id`),
  KEY `trn_bonus_ibfk_5` (`items_id`),
  CONSTRAINT `trn_bonus_ibfk_4` FOREIGN KEY (`sales_id`) REFERENCES `trn_sales_01` (`sales_id`) ON UPDATE CASCADE,
  CONSTRAINT `trn_bonus_ibfk_5` FOREIGN KEY (`items_id`) REFERENCES `db_bumbu_master`.`mst_items` (`items_id`) ON UPDATE CASCADE
) ENGINE=InnoDB AUTO_INCREMENT=27 DEFAULT CHARSET=latin1;

/*Data for the table `trn_sales_03` */

insert  into `trn_sales_03`(`bonus_id`,`sales_id`,`items_id`,`items_name`,`qty`,`remarks`) values 
(19,68,1232,'Penggorengan no 16',5.0,''),
(20,68,1233,'test1',2.0,''),
(21,69,1233,'test1',2.0,''),
(22,69,1232,'Penggorengan no 16',6.0,''),
(23,70,1233,'test1',1.0,''),
(24,70,1232,'Penggorengan no 16',1.0,''),
(25,71,1233,'test1',4.0,''),
(26,71,1232,'Penggorengan no 16',6.0,'');

/*Table structure for table `trn_sales_payment_01` */

DROP TABLE IF EXISTS `trn_sales_payment_01`;

CREATE TABLE `trn_sales_payment_01` (
  `fp_id` int(11) NOT NULL AUTO_INCREMENT COMMENT 'Id PO Payment',
  `fp_no` varchar(15) DEFAULT NULL COMMENT 'Nomor PO Payment',
  `fp_date` date DEFAULT NULL COMMENT 'Tanggal Dokumen',
  `company_id` int(11) DEFAULT NULL COMMENT 'Id Company',
  `company_name` varchar(50) DEFAULT NULL COMMENT 'Nama Company',
  `fc_id` int(11) DEFAULT NULL COMMENT 'Id Customer',
  `fc_name` varchar(150) DEFAULT NULL COMMENT 'Nama Customer',
  `payment_type` smallint(2) DEFAULT 0 COMMENT 'Jenis Pembayaran 1=CASH, 2=Transfer, 3=Giro, 4=Check',
  `grand_total` decimal(14,2) DEFAULT 0.00 COMMENT 'Total Keseluruhan',
  `is_active` int(2) DEFAULT NULL,
  `pic_input` int(11) DEFAULT NULL,
  `input_time` datetime DEFAULT NULL,
  `pic_edit` int(11) DEFAULT NULL,
  `edit_time` datetime DEFAULT NULL,
  PRIMARY KEY (`fp_id`),
  KEY `company_id` (`company_id`),
  KEY `fc_id` (`fc_id`),
  CONSTRAINT `trn_sales_payment_01_ibfk_1` FOREIGN KEY (`company_id`) REFERENCES `db_pos_master`.`mst_company` (`company_id`) ON UPDATE CASCADE,
  CONSTRAINT `trn_sales_payment_01_ibfk_2` FOREIGN KEY (`fc_id`) REFERENCES `db_pos_master`.`mst_customer` (`fc_id`) ON UPDATE CASCADE
) ENGINE=InnoDB AUTO_INCREMENT=13 DEFAULT CHARSET=latin1;

/*Data for the table `trn_sales_payment_01` */

insert  into `trn_sales_payment_01`(`fp_id`,`fp_no`,`fp_date`,`company_id`,`company_name`,`fc_id`,`fc_name`,`payment_type`,`grand_total`,`is_active`,`pic_input`,`input_time`,`pic_edit`,`edit_time`) values 
(1,'INP2021090001','2021-07-14',1,'Suhanda Souwmpie',10,'Irwan Jaya (Levondi)',1,961400.00,1,1,'2021-09-15 09:09:31',1,'2021-09-15 09:09:31'),
(2,'INP2021090002','2021-09-06',1,'Suhanda Souwmpie',10,'Irwan Jaya (Levondi)',2,286000.00,1,1,'2021-09-29 07:55:20',1,'2021-09-29 07:55:20'),
(3,'INP2021090003','2021-09-06',1,'Suhanda Souwmpie',8,'Bintang Mas II (Levondi)',2,10599354.40,1,1,'2021-10-08 08:25:28',1,'2021-10-08 08:25:28'),
(4,'INP2021100001','2021-10-06',1,'Suhanda Souwmpie',9,'Marbella (Levondi)',2,2975130.40,0,1,'2021-10-08 08:27:25',1,'2021-10-08 08:27:37'),
(5,'INP2021090004','2021-09-06',1,'Suhanda Souwmpie',9,'Marbella (Levondi)',2,2975130.40,1,1,'2021-10-08 08:27:59',1,'2021-10-08 08:27:59'),
(6,'INP2021090005','2021-09-09',1,'Suhanda Souwmpie',3,'Putra Bintang Mas I (Suhanda)',2,1870000.00,1,1,'2021-10-08 08:29:52',1,'2021-10-08 08:29:52'),
(7,'INP2021090006','2021-09-09',1,'Suhanda Souwmpie',3,'Putra Bintang Mas I (Suhanda)',2,576400.00,1,1,'2021-10-08 08:30:49',1,'2021-10-08 08:30:49'),
(8,'INP2021090007','2021-09-09',1,'Suhanda Souwmpie',5,'Putra Bintang Mas II (Suhanda)',2,8543116.61,1,1,'2021-10-08 08:32:11',1,'2021-10-08 08:32:11'),
(9,'INP2021090008','2021-09-22',1,'Suhanda Souwmpie',10,'Irwan Jaya (Levondi)',2,13571930.87,1,1,'2021-10-08 08:33:47',1,'2021-10-08 08:33:47'),
(10,'INP2021090009','2021-09-22',1,'Suhanda Souwmpie',6,'Putra Bintang Mas III (Levondi)',2,13144980.20,1,1,'2021-10-09 07:11:09',1,'2021-10-09 07:11:09'),
(11,'INP2021090010','2021-09-29',1,'Suhanda Souwmpie',3,'Putra Bintang Mas I (Suhanda)',2,769131.00,1,1,'2021-10-09 07:19:28',1,'2021-10-09 07:19:28'),
(12,'INP2021090011','2021-09-29',1,'Suhanda Souwmpie',5,'Putra Bintang Mas II (Suhanda)',2,545600.00,1,1,'2021-10-09 07:20:19',1,'2021-10-09 07:20:19');

/*Table structure for table `trn_sales_payment_02` */

DROP TABLE IF EXISTS `trn_sales_payment_02`;

CREATE TABLE `trn_sales_payment_02` (
  `fp_02_id` int(11) NOT NULL AUTO_INCREMENT COMMENT '⁯Id Detail Fish Payment',
  `fp_id` int(11) DEFAULT NULL COMMENT 'Id Header Fish Payment',
  `sales_id` int(11) DEFAULT NULL COMMENT 'Id Sales',
  `sales_no` varchar(15) DEFAULT NULL COMMENT 'Nomor Sales',
  `amount` decimal(12,2) DEFAULT 0.00 COMMENT 'Nilai Bayar',
  `disc_percent` decimal(4,1) DEFAULT 0.0 COMMENT 'Persen Diskon',
  `disc_value` decimal(12,2) DEFAULT 0.00 COMMENT 'Nilai Diskon',
  `total` decimal(12,2) DEFAULT 0.00 COMMENT 'Total',
  `is_active` smallint(1) DEFAULT 1,
  PRIMARY KEY (`fp_02_id`),
  KEY `fp_id` (`fp_id`),
  CONSTRAINT `trn_sales_payment_02_ibfk_1` FOREIGN KEY (`fp_id`) REFERENCES `trn_sales_payment_01` (`fp_id`) ON UPDATE CASCADE
) ENGINE=InnoDB AUTO_INCREMENT=33 DEFAULT CHARSET=latin1;

/*Data for the table `trn_sales_payment_02` */

insert  into `trn_sales_payment_02`(`fp_02_id`,`fp_id`,`sales_id`,`sales_no`,`amount`,`disc_percent`,`disc_value`,`total`,`is_active`) values 
(1,1,19,'IN2021080008',961400.00,0.0,0.00,961400.00,1),
(2,2,20,'IN2021080009',286000.00,0.0,0.00,286000.00,1),
(3,3,5,'IN2021070005',960000.00,0.0,0.00,960000.00,1),
(4,3,6,'IN2021070006',1960700.00,0.0,0.00,1960700.00,1),
(5,3,7,'IN2021070007',18040.00,0.0,0.00,18040.00,1),
(6,3,8,'IN2021070008',84531.00,0.0,0.00,84531.00,1),
(7,3,17,'IN2021080006',7576083.40,0.0,0.00,7576083.40,1),
(8,4,14,'IN2021080003',0.00,0.0,0.00,0.00,0),
(9,4,15,'IN2021080004',0.00,0.0,0.00,0.00,0),
(10,4,18,'IN2021080007',0.00,0.0,0.00,0.00,0),
(11,5,14,'IN2021080003',1920000.00,0.0,0.00,1920000.00,1),
(12,5,15,'IN2021080004',310690.00,0.0,0.00,310690.00,1),
(13,5,18,'IN2021080007',744440.40,0.0,0.00,744440.40,1),
(14,6,2,'IN2021070002',1870000.00,0.0,0.00,1870000.00,1),
(15,7,24,'IN2021090001',136400.00,0.0,0.00,136400.00,1),
(16,7,30,'IN2021090007',440000.00,0.0,0.00,440000.00,1),
(17,8,26,'IN2021090003',255455.20,0.0,0.00,255455.20,1),
(18,8,29,'IN2021090006',117700.00,0.0,0.00,117700.00,1),
(19,8,34,'IN2021090011',8169961.41,0.0,0.00,8169961.41,1),
(20,9,25,'IN2021090002',1993884.20,0.0,0.00,1993884.20,1),
(21,9,27,'IN2021090004',146478.20,0.0,0.00,146478.20,1),
(22,9,28,'IN2021090005',170500.00,0.0,0.00,170500.00,1),
(23,9,37,'IN2021090014',682000.00,0.0,0.00,682000.00,1),
(24,9,39,'IN2021090016',10189668.47,0.0,0.00,10189668.47,1),
(25,9,40,'IN2021090017',389400.00,0.0,0.00,389400.00,1),
(26,10,9,'IN2021070009',2448400.00,0.0,0.00,2448400.00,1),
(27,10,10,'IN2021070010',53900.00,0.0,0.00,53900.00,1),
(28,10,11,'IN2021070011',55198.00,0.0,0.00,55198.00,1),
(29,10,12,'IN2021080001',95040.00,0.0,0.00,95040.00,1),
(30,10,16,'IN2021080005',10492442.20,0.0,0.00,10492442.20,1),
(31,11,38,'IN2021090015',769131.00,0.0,0.00,769131.00,1),
(32,12,36,'IN2021090013',545600.00,0.0,0.00,545600.00,1);

/*Table structure for table `trn_so_dp` */

DROP TABLE IF EXISTS `trn_so_dp`;

CREATE TABLE `trn_so_dp` (
  `sd_id` int(11) NOT NULL COMMENT 'Id Tabel',
  `customer_id` int(11) DEFAULT NULL COMMENT 'Id Supplier',
  `customer_name` varchar(30) DEFAULT NULL COMMENT 'Nama Supplier',
  `sd_no` varchar(15) DEFAULT NULL COMMENT 'No Dokumen',
  `sd_date` date DEFAULT NULL COMMENT 'Tanggal Dokumen',
  `so_id` int(11) DEFAULT NULL COMMENT 'Id PO',
  `so_no` varchar(15) DEFAULT NULL COMMENT 'No PO',
  `amount` decimal(10,2) DEFAULT 0.00 COMMENT 'Nilai DP',
  `remarks` varchar(180) DEFAULT NULL COMMENT 'Keterangan Singkat',
  `is_active` tinyint(1) DEFAULT 1 COMMENT 'Status Dokumen',
  `pic_input` int(11) DEFAULT NULL,
  `input_time` datetime DEFAULT NULL,
  `pic_edit` int(11) DEFAULT NULL,
  `edit_time` datetime DEFAULT NULL,
  PRIMARY KEY (`sd_id`),
  KEY `supplier_id` (`customer_id`),
  KEY `po_id` (`so_id`)
) ENGINE=InnoDB DEFAULT CHARSET=latin1;

/*Data for the table `trn_so_dp` */

/*Table structure for table `trn_stock` */

DROP TABLE IF EXISTS `trn_stock`;

CREATE TABLE `trn_stock` (
  `stock_id` int(11) NOT NULL AUTO_INCREMENT,
  `items_id` int(11) DEFAULT NULL COMMENT 'Id Barang',
  `doc_no` varchar(15) DEFAULT NULL COMMENT 'Update Dokumen Terakhir yang berhubungan Dengan Stok',
  `warehouse_id` int(11) DEFAULT NULL COMMENT 'Gudang Id',
  `company_id` int(11) DEFAULT NULL COMMENT 'Id Company',
  `company_name` varchar(50) DEFAULT NULL COMMENT 'Nama Company',
  `trn_date` date DEFAULT NULL COMMENT 'Tanggal Terakhir Yang Berhubungan Dengan Stok',
  `trn_year` year(4) DEFAULT NULL COMMENT 'Tahun',
  `trn_month` varchar(2) DEFAULT NULL COMMENT 'Bulan',
  `activity` varchar(15) DEFAULT NULL COMMENT 'In_Po, In_Trans, In_Others, In_Adj, Out_Trans, Write_Off, Out_Trans, Out_Others, Out_Adj',
  `items_in` decimal(7,1) DEFAULT NULL COMMENT 'Qty',
  `items_out` decimal(7,1) DEFAULT NULL COMMENT 'Qty',
  `adj_in` decimal(7,1) DEFAULT NULL COMMENT 'Qty',
  `adj_out` decimal(7,1) DEFAULT NULL COMMENT 'Qty',
  `old_stock` decimal(7,1) DEFAULT NULL COMMENT 'Stok Awal',
  `current_stock` decimal(7,1) DEFAULT NULL COMMENT 'Stok Akhir',
  PRIMARY KEY (`stock_id`),
  UNIQUE KEY `items_id` (`items_id`,`warehouse_id`),
  KEY `warehouse_id` (`warehouse_id`),
  KEY `company_id` (`company_id`),
  CONSTRAINT `trn_stock_ibfk_1` FOREIGN KEY (`warehouse_id`) REFERENCES `db_pos_master`.`mst_warehouse` (`warehouse_id`) ON UPDATE CASCADE,
  CONSTRAINT `trn_stock_ibfk_2` FOREIGN KEY (`items_id`) REFERENCES `db_pos_master`.`mst_items` (`items_id`) ON UPDATE CASCADE,
  CONSTRAINT `trn_stock_ibfk_3` FOREIGN KEY (`company_id`) REFERENCES `db_pos_master`.`mst_company` (`company_id`) ON UPDATE CASCADE
) ENGINE=InnoDB AUTO_INCREMENT=245 DEFAULT CHARSET=latin1;

/*Data for the table `trn_stock` */

insert  into `trn_stock`(`stock_id`,`items_id`,`doc_no`,`warehouse_id`,`company_id`,`company_name`,`trn_date`,`trn_year`,`trn_month`,`activity`,`items_in`,`items_out`,`adj_in`,`adj_out`,`old_stock`,`current_stock`) values 
(1,39,'OSS2021100001',4,1,'Suhanda Souwmpie','2021-10-23',2021,'10','Out_tr',0.0,1.0,0.0,0.0,1847.0,1846.0),
(2,14,'DO2021090002',4,1,'Suhanda Souwmpie','2021-09-04',2021,'09','DO_Trans',0.0,1.0,0.0,0.0,6.0,5.0),
(3,18,'IST2021080007',4,1,'Suhanda Souwmpie','2021-08-18',2021,'08','In_Adjustment',3.0,0.0,0.0,0.0,5.0,8.0),
(4,28,'DO2021090002',4,1,'Suhanda Souwmpie','2021-09-04',2021,'09','DO_Trans',0.0,1.0,0.0,0.0,18.0,17.0),
(5,33,'DO2021090006',4,1,'Suhanda Souwmpie','2021-09-10',2021,'09','DO_Trans',0.0,1.0,0.0,0.0,8.0,7.0),
(6,1232,'DO2021110001',4,1,'Suhanda Souwmpie','2021-11-02',2021,'11','DO_Trans',0.0,2.0,0.0,0.0,0.0,-2.0),
(7,23,'DO2021100006',4,1,'Suhanda Souwmpie','2021-10-09',2021,'10','DO_Trans',0.0,5.0,0.0,0.0,17.0,12.0),
(8,179,'DO2021100016',4,1,'Suhanda Souwmpie','2021-10-18',2021,'10','DO_Trans',0.0,60.0,0.0,0.0,146.0,86.0),
(9,188,'DO2021100006',4,1,'Suhanda Souwmpie','2021-10-09',2021,'10','DO_Trans',0.0,4.0,0.0,0.0,9.0,5.0),
(10,74,'DO2021100006',4,1,'Suhanda Souwmpie','2021-10-09',2021,'10','DO_Trans',0.0,30.0,0.0,0.0,663.0,633.0),
(11,75,'DO2021100006',4,1,'Suhanda Souwmpie','2021-10-09',2021,'10','DO_Trans',0.0,40.0,0.0,0.0,780.0,740.0),
(12,750,'DO2021100006',4,1,'Suhanda Souwmpie','2021-10-09',2021,'10','DO_Trans',0.0,4.0,0.0,0.0,24.0,20.0),
(13,42,'DO2021100006',4,1,'Suhanda Souwmpie','2021-10-09',2021,'10','DO_Trans',0.0,500.0,0.0,0.0,4450.0,3950.0),
(14,129,'DO2021070001',4,1,'Suhanda Souwmpie','2021-07-13',2021,'07','DO_Trans',0.0,1.0,0.0,0.0,1.0,0.0),
(15,100,'DO2021090008',4,1,'Suhanda Souwmpie','2021-09-15',2021,'09','DO_Trans',0.0,1.0,0.0,0.0,5.0,4.0),
(16,89,'ISS2021100018',4,1,'Suhanda Souwmpie','2021-10-18',2021,'10','In_Po',24.0,0.0,0.0,0.0,9.0,33.0),
(17,7,'DO2021100006',4,1,'Suhanda Souwmpie','2021-10-09',2021,'10','DO_Trans',0.0,2.0,0.0,0.0,29.0,27.0),
(18,222,'DO2021100016',4,1,'Suhanda Souwmpie','2021-10-18',2021,'10','DO_Trans',0.0,2.5,0.0,0.0,29.5,27.0),
(19,190,'DO2021100014',4,1,'Suhanda Souwmpie','2021-10-15',2021,'10','DO_Trans',0.0,5.0,0.0,0.0,82.0,77.0),
(20,84,'DO2021100015',4,1,'Suhanda Souwmpie','2021-10-17',2021,'10','DO_Trans',0.0,5.0,0.0,0.0,25.0,20.0),
(21,214,'IST2021080008',4,1,'Suhanda Souwmpie','2021-08-18',2021,'08','In_Adjustment',2.0,0.0,0.0,0.0,0.0,2.0),
(22,289,'DO2021080003',4,1,'Suhanda Souwmpie','2021-08-03',2021,'08','DO_Trans',0.0,14.0,0.0,0.0,14.0,0.0),
(23,205,'DO2021070010',4,1,'Suhanda Souwmpie','2021-07-31',2021,'07','DO_Trans',0.0,2.0,0.0,0.0,2.0,0.0),
(24,1224,'DO2021070009',4,1,'Suhanda Souwmpie','2021-07-13',2021,'07','DO_Trans',0.0,1.0,0.0,0.0,1.0,0.0),
(25,98,'IST2021080008',4,1,'Suhanda Souwmpie','2021-08-18',2021,'08','In_Adjustment',12.0,0.0,0.0,0.0,0.0,12.0),
(26,192,'ISS2021100016',4,1,'Suhanda Souwmpie','2021-10-18',2021,'10','In_Po',50.0,0.0,0.0,0.0,4.0,54.0),
(27,21,'DO2021100006',4,1,'Suhanda Souwmpie','2021-10-09',2021,'10','DO_Trans',0.0,1.0,0.0,0.0,9.0,8.0),
(28,20,'DO2021100006',4,1,'Suhanda Souwmpie','2021-10-09',2021,'10','DO_Trans',0.0,12.0,0.0,0.0,79.0,67.0),
(29,136,'ISS2021070010',4,1,'Suhanda Souwmpie','2021-07-24',2021,'07','In_Po',1.0,0.0,0.0,0.0,0.0,1.0),
(30,459,'IST2021080001',4,1,'Suhanda Souwmpie','2021-08-03',2021,'08','In_Others',6.0,0.0,0.0,0.0,0.0,6.0),
(31,1234,'IST2021080001',4,1,'Suhanda Souwmpie','2021-08-03',2021,'08','In_Others',5.0,0.0,0.0,0.0,0.0,5.0),
(32,576,'ISS2021100015',4,1,'Suhanda Souwmpie','2021-10-18',2021,'10','In_Po',60.0,0.0,0.0,0.0,8.0,68.0),
(33,51,'DO2021100006',4,1,'Suhanda Souwmpie','2021-10-09',2021,'10','DO_Trans',0.0,1.0,0.0,0.0,2.0,1.0),
(34,110,'IST2021080008',4,1,'Suhanda Souwmpie','2021-08-18',2021,'08','In_Adjustment',5.0,0.0,0.0,0.0,0.0,5.0),
(35,1227,'IST2021080008',4,1,'Suhanda Souwmpie','2021-08-18',2021,'08','In_Adjustment',6.0,0.0,0.0,0.0,0.0,6.0),
(36,106,'ISS2021100011',4,1,'Suhanda Souwmpie','2021-10-13',2021,'10','In_Po',12.0,0.0,0.0,0.0,0.0,12.0),
(37,125,'DO2021100003',4,1,'Suhanda Souwmpie','2021-10-08',2021,'10','DO_Trans',0.0,1.0,0.0,0.0,5.0,4.0),
(38,105,'DO2021100006',4,1,'Suhanda Souwmpie','2021-10-09',2021,'10','DO_Trans',0.0,1.0,0.0,0.0,19.0,18.0),
(39,101,'DO2021100006',4,1,'Suhanda Souwmpie','2021-10-09',2021,'10','DO_Trans',0.0,3.0,0.0,0.0,28.0,25.0),
(40,9,'IST2021080008',4,1,'Suhanda Souwmpie','2021-08-18',2021,'08','In_Adjustment',62.0,0.0,0.0,0.0,0.0,62.0),
(41,95,'DO2021100006',4,1,'Suhanda Souwmpie','2021-10-09',2021,'10','DO_Trans',0.0,2.0,0.0,0.0,4.0,2.0),
(42,97,'DO2021100015',4,1,'Suhanda Souwmpie','2021-10-17',2021,'10','DO_Trans',0.0,2.0,0.0,0.0,12.0,10.0),
(43,83,'DO2021100006',4,1,'Suhanda Souwmpie','2021-10-09',2021,'10','DO_Trans',0.0,3.0,0.0,0.0,96.0,93.0),
(44,25,'ISS2021100017',4,1,'Suhanda Souwmpie','2021-10-17',2021,'10','In_Po',12.0,0.0,0.0,0.0,5.0,17.0),
(45,135,'ISS2021100021',4,1,'Suhanda Souwmpie','2021-10-19',2021,'10','In_Po',120.0,0.0,0.0,0.0,22.0,142.0),
(46,31,'ISS2021100020',4,1,'Suhanda Souwmpie','2021-10-19',2021,'10','In_Po',10.0,0.0,0.0,0.0,7.0,17.0),
(47,1,'DO2021100006',4,1,'Suhanda Souwmpie','2021-10-09',2021,'10','DO_Trans',0.0,1.0,0.0,0.0,5.0,4.0),
(48,36,'DO2021100006',4,1,'Suhanda Souwmpie','2021-10-09',2021,'10','DO_Trans',0.0,10.0,0.0,0.0,125.0,115.0),
(49,34,'DO2021100006',4,1,'Suhanda Souwmpie','2021-10-09',2021,'10','DO_Trans',0.0,6.0,0.0,0.0,31.0,25.0),
(50,1221,'IST2021080008',4,1,'Suhanda Souwmpie','2021-08-18',2021,'08','In_Adjustment',4.0,0.0,0.0,0.0,0.0,4.0),
(51,570,'DO2021070008',4,1,'Suhanda Souwmpie','2021-07-13',2021,'07','DO_Trans',0.0,1.0,0.0,0.0,1.0,0.0),
(52,37,'DO2021100006',4,1,'Suhanda Souwmpie','2021-10-09',2021,'10','DO_Trans',0.0,15.0,0.0,0.0,190.0,175.0),
(53,1137,'ISS2021100019',4,1,'Suhanda Souwmpie','2021-10-19',2021,'10','In_Po',120.0,0.0,0.0,0.0,56.0,176.0),
(54,22,'DO2021100006',4,1,'Suhanda Souwmpie','2021-10-09',2021,'10','DO_Trans',0.0,2.0,0.0,0.0,16.0,14.0),
(55,77,'DO2021100006',4,1,'Suhanda Souwmpie','2021-10-09',2021,'10','DO_Trans',0.0,7.0,0.0,0.0,70.0,63.0),
(56,80,'DO2021100006',4,1,'Suhanda Souwmpie','2021-10-09',2021,'10','DO_Trans',0.0,10.0,0.0,0.0,36.0,26.0),
(57,79,'ISS2021100018',4,1,'Suhanda Souwmpie','2021-10-18',2021,'10','In_Po',45.0,0.0,0.0,0.0,0.0,45.0),
(58,56,'ISS2021100018',4,1,'Suhanda Souwmpie','2021-10-18',2021,'10','In_Po',100.0,0.0,0.0,0.0,33.0,133.0),
(59,49,'ISS2021100018',4,1,'Suhanda Souwmpie','2021-10-18',2021,'10','In_Po',15.0,0.0,0.0,0.0,9.0,24.0),
(60,40,'DO2021070008',4,1,'Suhanda Souwmpie','2021-07-13',2021,'07','DO_Trans',0.0,100.0,0.0,0.0,100.0,0.0),
(61,67,'IST2021080008',4,1,'Suhanda Souwmpie','2021-08-18',2021,'08','In_Adjustment',27.0,0.0,0.0,0.0,0.0,27.0),
(62,68,'IST2021080008',4,1,'Suhanda Souwmpie','2021-08-18',2021,'08','In_Adjustment',12.0,0.0,0.0,0.0,0.0,12.0),
(63,187,'DO2021100006',4,1,'Suhanda Souwmpie','2021-10-09',2021,'10','DO_Trans',0.0,2.0,0.0,0.0,9992.0,9990.0),
(64,390,'DO2021070009',4,1,'Suhanda Souwmpie','2021-07-13',2021,'07','DO_Trans',0.0,2.0,0.0,0.0,2.0,0.0),
(65,94,'DO2021100006',4,1,'Suhanda Souwmpie','2021-10-09',2021,'10','DO_Trans',0.0,30.0,0.0,0.0,120.0,90.0),
(66,47,'DO2021100006',4,1,'Suhanda Souwmpie','2021-10-09',2021,'10','DO_Trans',0.0,20.0,0.0,0.0,125.0,105.0),
(67,41,'DO2021100006',4,1,'Suhanda Souwmpie','2021-10-09',2021,'10','DO_Trans',0.0,100.0,0.0,0.0,1250.0,1150.0),
(68,43,'DO2021100006',4,1,'Suhanda Souwmpie','2021-10-09',2021,'10','DO_Trans',0.0,10.0,0.0,0.0,76.0,66.0),
(69,59,'DO2021090002',4,1,'Suhanda Souwmpie','2021-09-04',2021,'09','DO_Trans',0.0,2.0,0.0,0.0,26.0,24.0),
(70,566,'DO2021100006',4,1,'Suhanda Souwmpie','2021-10-09',2021,'10','DO_Trans',0.0,10.0,0.0,0.0,56.0,46.0),
(71,93,'DO2021100006',4,1,'Suhanda Souwmpie','2021-10-09',2021,'10','DO_Trans',0.0,6.0,0.0,0.0,35.0,29.0),
(72,92,'DO2021100006',4,1,'Suhanda Souwmpie','2021-10-09',2021,'10','DO_Trans',0.0,4.0,0.0,0.0,38.0,34.0),
(73,48,'DO2021100006',4,1,'Suhanda Souwmpie','2021-10-09',2021,'10','DO_Trans',0.0,4.0,0.0,0.0,48.0,44.0),
(74,50,'DO2021100006',4,1,'Suhanda Souwmpie','2021-10-09',2021,'10','DO_Trans',0.0,10.0,0.0,0.0,94.0,84.0),
(75,1136,'DO2021070009',4,1,'Suhanda Souwmpie','2021-07-13',2021,'07','DO_Trans',0.0,1.0,0.0,0.0,1.0,0.0),
(76,73,'DO2021100006',4,1,'Suhanda Souwmpie','2021-10-09',2021,'10','DO_Trans',0.0,12.0,0.0,0.0,120.0,108.0),
(77,1181,'IST2021080008',4,1,'Suhanda Souwmpie','2021-08-18',2021,'08','In_Adjustment',2.0,0.0,0.0,0.0,0.0,2.0),
(78,194,'DO2021100015',4,1,'Suhanda Souwmpie','2021-10-17',2021,'10','DO_Trans',0.0,8.0,0.0,0.0,59.0,51.0),
(79,706,'IST2021080008',4,1,'Suhanda Souwmpie','2021-08-18',2021,'08','In_Adjustment',4.0,0.0,0.0,0.0,0.0,4.0),
(80,382,'DO2021080003',4,1,'Suhanda Souwmpie','2021-08-03',2021,'08','DO_Trans',0.0,12.0,0.0,0.0,12.0,0.0),
(81,220,'DO2021080003',4,1,'Suhanda Souwmpie','2021-08-03',2021,'08','DO_Trans',0.0,5.0,0.0,0.0,5.0,0.0),
(82,1240,'IST2021080005',4,1,'Suhanda Souwmpie','2021-08-05',2021,'08','In_Others',1.0,0.0,0.0,0.0,0.0,1.0),
(83,412,'DO2021090006',4,1,'Suhanda Souwmpie','2021-09-10',2021,'09','DO_Trans',0.0,2.0,0.0,0.0,2.0,0.0),
(84,16,'IST2021080008',4,1,'Suhanda Souwmpie','2021-08-18',2021,'08','In_Adjustment',6.0,0.0,0.0,0.0,0.0,6.0),
(85,11,'DO2021100006',4,1,'Suhanda Souwmpie','2021-10-09',2021,'10','DO_Trans',0.0,2.0,0.0,0.0,16.0,14.0),
(86,58,'DO2021090006',4,1,'Suhanda Souwmpie','2021-09-10',2021,'09','DO_Trans',0.0,2.0,0.0,0.0,12.0,10.0),
(87,62,'DO2021070011',4,1,'Suhanda Souwmpie','2021-07-31',2021,'07','DO_Trans',0.0,12.0,0.0,0.0,12.0,0.0),
(88,66,'DO2021070009',4,1,'Suhanda Souwmpie','2021-07-13',2021,'07','DO_Trans',0.0,12.0,0.0,0.0,12.0,0.0),
(89,441,'DO2021070009',4,1,'Suhanda Souwmpie','2021-07-13',2021,'07','DO_Trans',0.0,0.5,0.0,0.0,0.5,0.0),
(90,704,'IST2021080008',4,1,'Suhanda Souwmpie','2021-08-18',2021,'08','In_Adjustment',1.0,0.0,0.0,0.0,0.0,1.0),
(91,717,'DO2021070010',4,1,'Suhanda Souwmpie','2021-07-31',2021,'07','DO_Trans',0.0,2.0,0.0,0.0,2.0,0.0),
(92,705,'IST2021080008',4,1,'Suhanda Souwmpie','2021-08-18',2021,'08','In_Adjustment',2.0,0.0,0.0,0.0,0.0,2.0),
(93,1235,'DO2021070010',4,1,'Suhanda Souwmpie','2021-07-31',2021,'07','DO_Trans',0.0,1.0,0.0,0.0,1.0,0.0),
(94,1236,'IST2021080008',4,1,'Suhanda Souwmpie','2021-08-18',2021,'08','In_Adjustment',13.0,0.0,0.0,0.0,0.0,13.0),
(95,1238,'DO2021070010',4,1,'Suhanda Souwmpie','2021-07-31',2021,'07','DO_Trans',0.0,1.0,0.0,0.0,1.0,0.0),
(96,774,'DO2021070010',4,1,'Suhanda Souwmpie','2021-07-31',2021,'07','DO_Trans',0.0,2.0,0.0,0.0,2.0,0.0),
(97,78,'ISS2021100018',4,1,'Suhanda Souwmpie','2021-10-18',2021,'10','In_Po',100.0,0.0,0.0,0.0,52.0,152.0),
(98,5,'DO2021090006',4,1,'Suhanda Souwmpie','2021-09-10',2021,'09','DO_Trans',0.0,2.0,0.0,0.0,5.0,3.0),
(99,8,'DO2021100006',4,1,'Suhanda Souwmpie','2021-10-09',2021,'10','DO_Trans',0.0,2.0,0.0,0.0,8.0,6.0),
(100,10,'IST2021080008',4,1,'Suhanda Souwmpie','2021-08-18',2021,'08','In_Adjustment',1.0,0.0,0.0,0.0,0.0,1.0),
(101,12,'DO2021090006',4,1,'Suhanda Souwmpie','2021-09-10',2021,'09','DO_Trans',0.0,1.0,0.0,0.0,2.0,1.0),
(102,13,'DO2021090006',4,1,'Suhanda Souwmpie','2021-09-10',2021,'09','DO_Trans',0.0,2.0,0.0,0.0,12.0,10.0),
(103,15,'IST2021080008',4,1,'Suhanda Souwmpie','2021-08-18',2021,'08','In_Adjustment',6.0,0.0,0.0,0.0,0.0,6.0),
(104,19,'DO2021090002',4,1,'Suhanda Souwmpie','2021-09-04',2021,'09','DO_Trans',0.0,1.0,0.0,0.0,1.0,0.0),
(105,24,'IST2021080008',4,1,'Suhanda Souwmpie','2021-08-18',2021,'08','In_Adjustment',2.0,0.0,0.0,0.0,0.0,2.0),
(106,27,'ISS2021100017',4,1,'Suhanda Souwmpie','2021-10-17',2021,'10','In_Po',12.0,0.0,0.0,0.0,4.0,16.0),
(107,29,'DO2021100006',4,1,'Suhanda Souwmpie','2021-10-09',2021,'10','DO_Trans',0.0,1.0,0.0,0.0,10.0,9.0),
(108,30,'IST2021080008',4,1,'Suhanda Souwmpie','2021-08-18',2021,'08','In_Adjustment',15.0,0.0,0.0,0.0,0.0,15.0),
(109,32,'IST2021080008',4,1,'Suhanda Souwmpie','2021-08-18',2021,'08','In_Adjustment',11.0,0.0,0.0,0.0,0.0,11.0),
(110,35,'DO2021090002',4,1,'Suhanda Souwmpie','2021-09-04',2021,'09','DO_Trans',0.0,1.0,0.0,0.0,23.0,22.0),
(111,52,'DO2021100006',4,1,'Suhanda Souwmpie','2021-10-09',2021,'10','DO_Trans',0.0,1.0,0.0,0.0,5.0,4.0),
(112,57,'IST2021080008',4,1,'Suhanda Souwmpie','2021-08-18',2021,'08','In_Adjustment',76.0,0.0,0.0,0.0,0.0,76.0),
(113,60,'IST2021080008',4,1,'Suhanda Souwmpie','2021-08-18',2021,'08','In_Adjustment',63.0,0.0,0.0,0.0,0.0,63.0),
(114,64,'DO2021090006',4,1,'Suhanda Souwmpie','2021-09-10',2021,'09','DO_Trans',0.0,12.0,0.0,0.0,30.0,18.0),
(115,65,'IST2021080008',4,1,'Suhanda Souwmpie','2021-08-18',2021,'08','In_Adjustment',60.0,0.0,0.0,0.0,0.0,60.0),
(116,72,'ISS2021080019',4,1,'Suhanda Souwmpie','2021-08-27',2021,'08','In_Po',120.0,0.0,0.0,0.0,24.0,144.0),
(117,76,'ISS2021100018',4,1,'Suhanda Souwmpie','2021-10-18',2021,'10','In_Po',75.0,0.0,0.0,0.0,47.0,122.0),
(118,81,'IST2021080008',4,1,'Suhanda Souwmpie','2021-08-18',2021,'08','In_Adjustment',20.0,0.0,0.0,0.0,0.0,20.0),
(119,82,'DO2021100006',4,1,'Suhanda Souwmpie','2021-10-09',2021,'10','DO_Trans',0.0,3.0,0.0,0.0,8.0,5.0),
(120,85,'IST2021080008',4,1,'Suhanda Souwmpie','2021-08-18',2021,'08','In_Adjustment',2.0,0.0,0.0,0.0,0.0,2.0),
(121,86,'IST2021080008',4,1,'Suhanda Souwmpie','2021-08-18',2021,'08','In_Adjustment',2.0,0.0,0.0,0.0,0.0,2.0),
(122,87,'IST2021080008',4,1,'Suhanda Souwmpie','2021-08-18',2021,'08','In_Adjustment',6.0,0.0,0.0,0.0,0.0,6.0),
(123,88,'IST2021080008',4,1,'Suhanda Souwmpie','2021-08-18',2021,'08','In_Adjustment',5.0,0.0,0.0,0.0,0.0,5.0),
(124,90,'IST2021080008',4,1,'Suhanda Souwmpie','2021-08-18',2021,'08','In_Adjustment',2.0,0.0,0.0,0.0,0.0,2.0),
(125,91,'IST2021080008',4,1,'Suhanda Souwmpie','2021-08-18',2021,'08','In_Adjustment',14.0,0.0,0.0,0.0,0.0,14.0),
(126,96,'IST2021080008',4,1,'Suhanda Souwmpie','2021-08-18',2021,'08','In_Adjustment',5.0,0.0,0.0,0.0,0.0,5.0),
(127,99,'IST2021080008',4,1,'Suhanda Souwmpie','2021-08-18',2021,'08','In_Adjustment',84.0,0.0,0.0,0.0,0.0,84.0),
(128,108,'IST2021080008',4,1,'Suhanda Souwmpie','2021-08-18',2021,'08','In_Adjustment',1.0,0.0,0.0,0.0,0.0,1.0),
(129,116,'IST2021080008',4,1,'Suhanda Souwmpie','2021-08-18',2021,'08','In_Adjustment',1.0,0.0,0.0,0.0,0.0,1.0),
(130,124,'IST2021080008',4,1,'Suhanda Souwmpie','2021-08-18',2021,'08','In_Adjustment',1.0,0.0,0.0,0.0,0.0,1.0),
(131,126,'DO2021100006',4,1,'Suhanda Souwmpie','2021-10-09',2021,'10','DO_Trans',0.0,2.0,0.0,0.0,4.0,2.0),
(132,127,'DO2021080010',4,1,'Suhanda Souwmpie','2021-08-30',2021,'08','DO_Trans',0.0,1.0,0.0,0.0,7.0,6.0),
(133,130,'IST2021080008',4,1,'Suhanda Souwmpie','2021-08-18',2021,'08','In_Adjustment',1.0,0.0,0.0,0.0,0.0,1.0),
(134,132,'IST2021080008',4,1,'Suhanda Souwmpie','2021-08-18',2021,'08','In_Adjustment',1.0,0.0,0.0,0.0,0.0,1.0),
(135,144,'IST2021080008',4,1,'Suhanda Souwmpie','2021-08-18',2021,'08','In_Adjustment',1.0,0.0,0.0,0.0,0.0,1.0),
(136,147,'IST2021080008',4,1,'Suhanda Souwmpie','2021-08-18',2021,'08','In_Adjustment',1.0,0.0,0.0,0.0,0.0,1.0),
(137,183,'IST2021080008',4,1,'Suhanda Souwmpie','2021-08-18',2021,'08','In_Adjustment',4.0,0.0,0.0,0.0,0.0,4.0),
(138,185,'DO2021090002',4,1,'Suhanda Souwmpie','2021-09-04',2021,'09','DO_Trans',0.0,1.0,0.0,0.0,18.0,17.0),
(139,202,'IST2021080008',4,1,'Suhanda Souwmpie','2021-08-18',2021,'08','In_Adjustment',23.0,0.0,0.0,0.0,0.0,23.0),
(140,207,'DO2021080007',4,1,'Suhanda Souwmpie','2021-08-26',2021,'08','DO_Trans',0.0,10.0,0.0,0.0,61.0,51.0),
(141,210,'IST2021080008',4,1,'Suhanda Souwmpie','2021-08-18',2021,'08','In_Adjustment',117.0,0.0,0.0,0.0,0.0,117.0),
(142,213,'IST2021080008',4,1,'Suhanda Souwmpie','2021-08-18',2021,'08','In_Adjustment',25.0,0.0,0.0,0.0,0.0,25.0),
(143,215,'DO2021080007',4,1,'Suhanda Souwmpie','2021-08-26',2021,'08','DO_Trans',0.0,1.0,0.0,0.0,1.0,0.0),
(144,216,'IST2021080008',4,1,'Suhanda Souwmpie','2021-08-18',2021,'08','In_Adjustment',21.0,0.0,0.0,0.0,0.0,21.0),
(145,224,'IST2021080008',4,1,'Suhanda Souwmpie','2021-08-18',2021,'08','In_Adjustment',2.0,0.0,0.0,0.0,0.0,2.0),
(146,225,'IST2021080008',4,1,'Suhanda Souwmpie','2021-08-18',2021,'08','In_Adjustment',1.0,0.0,0.0,0.0,0.0,1.0),
(147,226,'IST2021080008',4,1,'Suhanda Souwmpie','2021-08-18',2021,'08','In_Adjustment',6.0,0.0,0.0,0.0,0.0,6.0),
(148,181,'IST2021080008',4,1,'Suhanda Souwmpie','2021-08-18',2021,'08','In_Adjustment',37.0,0.0,0.0,0.0,0.0,37.0),
(149,235,'IST2021080008',4,1,'Suhanda Souwmpie','2021-08-18',2021,'08','In_Adjustment',1.0,0.0,0.0,0.0,0.0,1.0),
(150,244,'DO2021100008',4,1,'Suhanda Souwmpie','2021-10-11',2021,'10','DO_Trans',0.0,15.0,0.0,0.0,20.0,5.0),
(151,258,'IST2021080008',4,1,'Suhanda Souwmpie','2021-08-18',2021,'08','In_Adjustment',18.0,0.0,0.0,0.0,0.0,18.0),
(152,283,'DO2021100012',4,1,'Suhanda Souwmpie','2021-10-05',2021,'10','DO_Trans',0.0,50.0,0.0,0.0,100.0,50.0),
(153,285,'DO2021100012',4,1,'Suhanda Souwmpie','2021-10-05',2021,'10','DO_Trans',0.0,12.5,0.0,0.0,25.5,13.0),
(154,343,'IST2021080008',4,1,'Suhanda Souwmpie','2021-08-18',2021,'08','In_Adjustment',3.0,0.0,0.0,0.0,0.0,3.0),
(155,386,'DO2021100008',4,1,'Suhanda Souwmpie','2021-10-11',2021,'10','DO_Trans',0.0,10.0,0.0,0.0,20.0,10.0),
(156,416,'DO2021090007',4,1,'Suhanda Souwmpie','2021-09-10',2021,'09','DO_Trans',0.0,2.0,0.0,0.0,5.0,3.0),
(157,466,'IST2021080008',4,1,'Suhanda Souwmpie','2021-08-18',2021,'08','In_Adjustment',2.0,0.0,0.0,0.0,0.0,2.0),
(158,534,'DO2021080008',4,1,'Suhanda Souwmpie','2021-08-26',2021,'08','DO_Trans',0.0,0.5,0.0,0.0,0.5,0.0),
(159,539,'IST2021080008',4,1,'Suhanda Souwmpie','2021-08-18',2021,'08','In_Adjustment',2.0,0.0,0.0,0.0,0.0,2.0),
(160,585,'IST2021080008',4,1,'Suhanda Souwmpie','2021-08-18',2021,'08','In_Adjustment',20.0,0.0,0.0,0.0,0.0,20.0),
(161,586,'IST2021080008',4,1,'Suhanda Souwmpie','2021-08-18',2021,'08','In_Adjustment',22.0,0.0,0.0,0.0,0.0,22.0),
(162,593,'IST2021080008',4,1,'Suhanda Souwmpie','2021-08-18',2021,'08','In_Adjustment',19.0,0.0,0.0,0.0,0.0,19.0),
(163,615,'IST2021080008',4,1,'Suhanda Souwmpie','2021-08-18',2021,'08','In_Adjustment',1.0,0.0,0.0,0.0,0.0,1.0),
(164,635,'IST2021080008',4,1,'Suhanda Souwmpie','2021-08-18',2021,'08','In_Adjustment',36.0,0.0,0.0,0.0,0.0,36.0),
(165,648,'IST2021080008',4,1,'Suhanda Souwmpie','2021-08-18',2021,'08','In_Adjustment',1.0,0.0,0.0,0.0,0.0,1.0),
(166,650,'DO2021080007',4,1,'Suhanda Souwmpie','2021-08-26',2021,'08','DO_Trans',0.0,10.0,0.0,0.0,57.0,47.0),
(167,651,'IST2021080008',4,1,'Suhanda Souwmpie','2021-08-18',2021,'08','In_Adjustment',9.0,0.0,0.0,0.0,0.0,9.0),
(168,702,'DO2021080009',4,1,'Suhanda Souwmpie','2021-08-27',2021,'08','DO_Trans',0.0,1.0,0.0,0.0,5.0,4.0),
(169,703,'IST2021080008',4,1,'Suhanda Souwmpie','2021-08-18',2021,'08','In_Adjustment',9.0,0.0,0.0,0.0,0.0,9.0),
(170,707,'IST2021080008',4,1,'Suhanda Souwmpie','2021-08-18',2021,'08','In_Adjustment',19.0,0.0,0.0,0.0,0.0,19.0),
(171,719,'IST2021080008',4,1,'Suhanda Souwmpie','2021-08-18',2021,'08','In_Adjustment',5.0,0.0,0.0,0.0,0.0,5.0),
(172,720,'IST2021080008',4,1,'Suhanda Souwmpie','2021-08-18',2021,'08','In_Adjustment',6.0,0.0,0.0,0.0,0.0,6.0),
(173,722,'IST2021080008',4,1,'Suhanda Souwmpie','2021-08-18',2021,'08','In_Adjustment',18.0,0.0,0.0,0.0,0.0,18.0),
(174,730,'IST2021080008',4,1,'Suhanda Souwmpie','2021-08-18',2021,'08','In_Adjustment',1.0,0.0,0.0,0.0,0.0,1.0),
(175,752,'IST2021080008',4,1,'Suhanda Souwmpie','2021-08-18',2021,'08','In_Adjustment',8.0,0.0,0.0,0.0,0.0,8.0),
(176,756,'DO2021080008',4,1,'Suhanda Souwmpie','2021-08-26',2021,'08','DO_Trans',0.0,3.0,0.0,0.0,9.0,6.0),
(177,773,'IST2021080008',4,1,'Suhanda Souwmpie','2021-08-18',2021,'08','In_Adjustment',18.0,0.0,0.0,0.0,0.0,18.0),
(178,775,'IST2021080008',4,1,'Suhanda Souwmpie','2021-08-18',2021,'08','In_Adjustment',88.0,0.0,0.0,0.0,0.0,88.0),
(179,791,'IST2021080008',4,1,'Suhanda Souwmpie','2021-08-18',2021,'08','In_Adjustment',12.0,0.0,0.0,0.0,0.0,12.0),
(180,813,'IST2021080008',4,1,'Suhanda Souwmpie','2021-08-18',2021,'08','In_Adjustment',1.0,0.0,0.0,0.0,0.0,1.0),
(181,829,'IST2021080008',4,1,'Suhanda Souwmpie','2021-08-18',2021,'08','In_Adjustment',1.0,0.0,0.0,0.0,0.0,1.0),
(182,832,'IST2021080008',4,1,'Suhanda Souwmpie','2021-08-18',2021,'08','In_Adjustment',1.0,0.0,0.0,0.0,0.0,1.0),
(183,848,'IST2021080008',4,1,'Suhanda Souwmpie','2021-08-18',2021,'08','In_Adjustment',30.0,0.0,0.0,0.0,0.0,30.0),
(184,859,'IST2021080008',4,1,'Suhanda Souwmpie','2021-08-18',2021,'08','In_Adjustment',4.0,0.0,0.0,0.0,0.0,4.0),
(185,917,'IST2021080008',4,1,'Suhanda Souwmpie','2021-08-18',2021,'08','In_Adjustment',12.0,0.0,0.0,0.0,0.0,12.0),
(186,940,'DO2021100006',4,1,'Suhanda Souwmpie','2021-10-09',2021,'10','DO_Trans',0.0,1.0,0.0,0.0,1.0,0.0),
(187,949,'IST2021080008',4,1,'Suhanda Souwmpie','2021-08-18',2021,'08','In_Adjustment',3.0,0.0,0.0,0.0,0.0,3.0),
(188,985,'IST2021080008',4,1,'Suhanda Souwmpie','2021-08-18',2021,'08','In_Adjustment',80.0,0.0,0.0,0.0,0.0,80.0),
(189,986,'IST2021080008',4,1,'Suhanda Souwmpie','2021-08-18',2021,'08','In_Adjustment',2.0,0.0,0.0,0.0,0.0,2.0),
(190,997,'IST2021080008',4,1,'Suhanda Souwmpie','2021-08-18',2021,'08','In_Adjustment',6.0,0.0,0.0,0.0,0.0,6.0),
(191,1057,'IST2021080008',4,1,'Suhanda Souwmpie','2021-08-18',2021,'08','In_Adjustment',30.0,0.0,0.0,0.0,0.0,30.0),
(192,1135,'IST2021080008',4,1,'Suhanda Souwmpie','2021-08-18',2021,'08','In_Adjustment',13.0,0.0,0.0,0.0,0.0,13.0),
(193,1138,'IST2021080008',4,1,'Suhanda Souwmpie','2021-08-18',2021,'08','In_Adjustment',1450.0,0.0,0.0,0.0,0.0,1450.0),
(194,1139,'IST2021080008',4,1,'Suhanda Souwmpie','2021-08-18',2021,'08','In_Adjustment',1.0,0.0,0.0,0.0,0.0,1.0),
(195,1141,'IST2021080008',4,1,'Suhanda Souwmpie','2021-08-18',2021,'08','In_Adjustment',1.0,0.0,0.0,0.0,0.0,1.0),
(196,1142,'IST2021080008',4,1,'Suhanda Souwmpie','2021-08-18',2021,'08','In_Adjustment',1.0,0.0,0.0,0.0,0.0,1.0),
(197,1143,'IST2021080008',4,1,'Suhanda Souwmpie','2021-08-18',2021,'08','In_Adjustment',3.0,0.0,0.0,0.0,0.0,3.0),
(198,1145,'IST2021080008',4,1,'Suhanda Souwmpie','2021-08-18',2021,'08','In_Adjustment',100.0,0.0,0.0,0.0,0.0,100.0),
(199,1146,'IST2021080008',4,1,'Suhanda Souwmpie','2021-08-18',2021,'08','In_Adjustment',28.0,0.0,0.0,0.0,0.0,28.0),
(200,1147,'IST2021080008',4,1,'Suhanda Souwmpie','2021-08-18',2021,'08','In_Adjustment',1.0,0.0,0.0,0.0,0.0,1.0),
(201,1150,'IST2021080008',4,1,'Suhanda Souwmpie','2021-08-18',2021,'08','In_Adjustment',1.0,0.0,0.0,0.0,0.0,1.0),
(202,1222,'DO2021100006',4,1,'Suhanda Souwmpie','2021-10-09',2021,'10','DO_Trans',0.0,2.0,0.0,0.0,11.0,9.0),
(203,1223,'DO2021100006',4,1,'Suhanda Souwmpie','2021-10-09',2021,'10','DO_Trans',0.0,1.0,0.0,0.0,45.0,44.0),
(204,1241,'IST2021080008',4,1,'Suhanda Souwmpie','2021-08-18',2021,'08','In_Adjustment',1.0,0.0,0.0,0.0,0.0,1.0),
(205,1242,'IST2021080008',4,1,'Suhanda Souwmpie','2021-08-18',2021,'08','In_Adjustment',1.0,0.0,0.0,0.0,0.0,1.0),
(206,1243,'IST2021080008',4,1,'Suhanda Souwmpie','2021-08-18',2021,'08','In_Adjustment',1.0,0.0,0.0,0.0,0.0,1.0),
(207,1244,'IST2021080008',4,1,'Suhanda Souwmpie','2021-08-18',2021,'08','In_Adjustment',1.0,0.0,0.0,0.0,0.0,1.0),
(208,1246,'IST2021080008',4,1,'Suhanda Souwmpie','2021-08-18',2021,'08','In_Adjustment',5.0,0.0,0.0,0.0,0.0,5.0),
(209,1247,'IST2021080008',4,1,'Suhanda Souwmpie','2021-08-18',2021,'08','In_Adjustment',1.0,0.0,0.0,0.0,0.0,1.0),
(210,1248,'IST2021080008',4,1,'Suhanda Souwmpie','2021-08-18',2021,'08','In_Adjustment',1.0,0.0,0.0,0.0,0.0,1.0),
(211,1249,'IST2021080008',4,1,'Suhanda Souwmpie','2021-08-18',2021,'08','In_Adjustment',40.0,0.0,0.0,0.0,0.0,40.0),
(212,1250,'IST2021080008',4,1,'Suhanda Souwmpie','2021-08-18',2021,'08','In_Adjustment',11.0,0.0,0.0,0.0,0.0,11.0),
(213,1252,'IST2021080008',4,1,'Suhanda Souwmpie','2021-08-18',2021,'08','In_Adjustment',1.0,0.0,0.0,0.0,0.0,1.0),
(214,1253,'IST2021080008',4,1,'Suhanda Souwmpie','2021-08-18',2021,'08','In_Adjustment',1.0,0.0,0.0,0.0,0.0,1.0),
(215,1254,'IST2021080008',4,1,'Suhanda Souwmpie','2021-08-18',2021,'08','In_Adjustment',3.0,0.0,0.0,0.0,0.0,3.0),
(216,1255,'IST2021080009',4,1,'Suhanda Souwmpie','2021-08-19',2021,'08','In_Adjustment',20.0,0.0,0.0,0.0,0.0,20.0),
(217,1256,'DO2021080008',4,1,'Suhanda Souwmpie','2021-08-26',2021,'08','DO_Trans',0.0,6.0,0.0,0.0,6.0,0.0),
(218,61,'DO2021090006',4,1,'Suhanda Souwmpie','2021-09-10',2021,'09','DO_Trans',0.0,12.0,0.0,0.0,48.0,36.0),
(219,69,'DO2021090006',4,1,'Suhanda Souwmpie','2021-09-10',2021,'09','DO_Trans',0.0,12.0,0.0,0.0,60.0,48.0),
(220,70,'DO2021100006',4,1,'Suhanda Souwmpie','2021-10-09',2021,'10','DO_Trans',0.0,12.0,0.0,0.0,60.0,48.0),
(221,107,'DO2021090006',4,1,'Suhanda Souwmpie','2021-09-10',2021,'09','DO_Trans',0.0,1.0,0.0,0.0,11.0,10.0),
(222,117,'DO2021090001',4,1,'Suhanda Souwmpie','2021-09-01',2021,'09','DO_Trans',0.0,1.0,0.0,0.0,2.0,1.0),
(223,737,'DO2021090001',4,1,'Suhanda Souwmpie','2021-09-01',2021,'09','DO_Trans',0.0,1.0,0.0,0.0,2.0,1.0),
(224,740,'DO2021090001',4,1,'Suhanda Souwmpie','2021-09-01',2021,'09','DO_Trans',0.0,1.0,0.0,0.0,2.0,1.0),
(225,1257,'DO2021090003',4,1,'Suhanda Souwmpie','2021-09-03',2021,'09','DO_Trans',0.0,1.0,0.0,0.0,3.0,2.0),
(226,514,'DO2021100007',4,1,'Suhanda Souwmpie','2021-10-08',2021,'10','DO_Trans',0.0,20.0,0.0,0.0,80.0,60.0),
(227,1258,'ISS2021090010',4,1,'Suhanda Souwmpie','2021-09-22',2021,'09','In_Po',10.0,0.0,0.0,0.0,0.0,10.0),
(228,112,'DO2021100001',4,1,'Suhanda Souwmpie','2021-10-03',2021,'10','DO_Trans',0.0,1.0,0.0,0.0,1.0,0.0),
(229,111,'DO2021100001',4,1,'Suhanda Souwmpie','2021-10-03',2021,'10','DO_Trans',0.0,1.0,0.0,0.0,1.0,0.0),
(230,1259,'DO2021100006',4,1,'Suhanda Souwmpie','2021-10-09',2021,'10','DO_Trans',0.0,1.0,0.0,0.0,2.0,1.0),
(231,286,'DO2021100018',4,1,'Suhanda Souwmpie','2021-10-22',2021,'10','DO_Trans',0.0,10.0,0.0,0.0,10.0,0.0),
(232,302,'DO2021100018',4,1,'Suhanda Souwmpie','2021-10-22',2021,'10','DO_Trans',0.0,5.0,0.0,0.0,5.0,0.0),
(233,659,'ISS2021100011',4,1,'Suhanda Souwmpie','2021-10-13',2021,'10','In_Po',12.0,0.0,0.0,0.0,0.0,12.0),
(234,1260,'DO2021100008',4,1,'Suhanda Souwmpie','2021-10-11',2021,'10','DO_Trans',0.0,2.0,0.0,0.0,2.0,0.0),
(235,1261,'DO2021100008',4,1,'Suhanda Souwmpie','2021-10-11',2021,'10','DO_Trans',0.0,2.0,0.0,0.0,2.0,0.0),
(236,114,'ISS2021100015',4,1,'Suhanda Souwmpie','2021-10-18',2021,'10','In_Po',12.0,0.0,0.0,0.0,0.0,12.0),
(237,1262,'DO2021100017',4,1,'Suhanda Souwmpie','2021-10-18',2021,'10','DO_Trans',0.0,6.0,0.0,0.0,100.0,94.0),
(238,1233,'DO2021110018',6,1,'Suhanda Souwmpie','2021-11-02',2021,'11','DO_Trans',0.0,24.0,0.0,0.0,124.0,100.0),
(239,39,'ISS2021100024',6,1,'Suhanda Souwmpie','2021-10-23',2021,'10','In_Trans',1.0,0.0,0.0,0.0,0.0,1.0),
(242,1233,'IST2021110001',4,1,'Suhanda Souwmpie','2021-11-02',2021,'11','In_Others',30.0,0.0,0.0,0.0,0.0,30.0),
(243,1232,'DO2021110018',6,1,'Suhanda Souwmpie','2021-11-02',2021,'11','DO_Trans',0.0,26.0,0.0,0.0,111.0,85.0);

/*Table structure for table `trn_stock_by_doc` */

DROP TABLE IF EXISTS `trn_stock_by_doc`;

CREATE TABLE `trn_stock_by_doc` (
  `stock_by_doc_id` int(11) NOT NULL AUTO_INCREMENT,
  `items_id` int(11) DEFAULT NULL COMMENT 'Id Barang',
  `doc_no` varchar(15) DEFAULT NULL COMMENT 'Update Dokumen Terakhir yang berhubungan Dengan Stok',
  `project_id` int(11) DEFAULT NULL COMMENT 'Id Project',
  `warehouse_id` int(11) DEFAULT NULL COMMENT 'Gudang Id',
  `trn_date` date DEFAULT NULL COMMENT 'Tanggal Terakhir Yang Berhubungan Dengan Stok',
  `trn_year` varchar(4) DEFAULT NULL COMMENT 'Tahun',
  `trn_month` varchar(2) DEFAULT NULL COMMENT 'Bulan',
  `activity` varchar(15) DEFAULT NULL COMMENT '1=In_Po, In_Trans, In_Others, In_Adj, Out_Trans, Write_Off, Out_Trans, Out_Others, Out_Adj',
  `items_in` decimal(7,1) DEFAULT 0.0 COMMENT 'Qty',
  `items_out` decimal(7,1) DEFAULT 0.0 COMMENT 'Qty',
  `items_remaining` decimal(7,1) NOT NULL DEFAULT 0.0 COMMENT 'Sisa Items Per Dokumen',
  `old_stock` decimal(7,1) DEFAULT 0.0 COMMENT 'Stok Awal',
  `current_stock` decimal(7,1) DEFAULT 0.0 COMMENT 'Stok Akhir',
  `items_price` decimal(10,2) DEFAULT 0.00 COMMENT 'Harga Beli',
  `pic_data` varchar(15) DEFAULT NULL,
  `data_time` datetime DEFAULT NULL,
  PRIMARY KEY (`stock_by_doc_id`),
  KEY `items_id` (`items_id`),
  KEY `warehouse_id` (`warehouse_id`),
  KEY `project_id` (`project_id`),
  CONSTRAINT `trn_stock_by_doc_ibfk_1` FOREIGN KEY (`items_id`) REFERENCES `db_pos_master`.`mst_items` (`items_id`) ON UPDATE CASCADE,
  CONSTRAINT `trn_stock_by_doc_ibfk_2` FOREIGN KEY (`warehouse_id`) REFERENCES `db_pos_master`.`mst_warehouse` (`warehouse_id`) ON UPDATE CASCADE
) ENGINE=InnoDB AUTO_INCREMENT=1054 DEFAULT CHARSET=latin1;

/*Data for the table `trn_stock_by_doc` */

insert  into `trn_stock_by_doc`(`stock_by_doc_id`,`items_id`,`doc_no`,`project_id`,`warehouse_id`,`trn_date`,`trn_year`,`trn_month`,`activity`,`items_in`,`items_out`,`items_remaining`,`old_stock`,`current_stock`,`items_price`,`pic_data`,`data_time`) values 
(1,39,'ISS2021060001',NULL,4,'2021-06-17','2021','06','In_Po',1000.0,0.0,0.0,0.0,1000.0,1300.00,'1','2021-07-15 03:08:31'),
(2,14,'ISS2021060002',NULL,4,'2021-06-22','2021','06','In_Po',5.0,0.0,4.0,0.0,5.0,165000.00,'1','2021-07-15 03:08:50'),
(3,18,'ISS2021060002',NULL,4,'2021-06-22','2021','06','In_Po',5.0,0.0,5.0,0.0,5.0,50000.00,'1','2021-07-15 03:08:50'),
(4,28,'ISS2021060002',NULL,4,'2021-06-22','2021','06','In_Po',12.0,0.0,11.0,0.0,12.0,3333.00,'1','2021-07-15 03:08:50'),
(5,33,'ISS2021060002',NULL,4,'2021-06-22','2021','06','In_Po',8.0,0.0,4.0,0.0,8.0,15000.00,'1','2021-07-15 03:08:50'),
(6,1232,'ISS2021060002',NULL,4,'2021-06-22','2021','06','In_Po',1.0,0.0,0.0,0.0,1.0,60000.00,'1','2021-07-15 03:08:50'),
(7,23,'ISS2021060003',NULL,4,'2021-06-29','2021','06','In_Po',36.0,0.0,0.0,0.0,36.0,183000.00,'1','2021-07-15 03:09:04'),
(8,179,'ISS2021070001',NULL,4,'2021-07-16','2021','07','In_Po',220.0,0.0,0.0,0.0,220.0,21818.00,'1','2021-07-22 01:25:15'),
(10,188,'ISS2021070002',NULL,4,'2021-07-21','2021','07','In_Po',15.0,0.0,0.0,0.0,15.0,550000.00,'1','2021-07-27 05:55:44'),
(11,74,'ISS2021070003',NULL,4,'2021-07-19','2021','07','In_Po',650.0,0.0,560.0,0.0,650.0,4000.00,'1','2021-07-27 06:01:12'),
(12,75,'ISS2021070003',NULL,4,'2021-07-19','2021','07','In_Po',880.0,0.0,650.0,0.0,880.0,4728.00,'1','2021-07-27 06:01:12'),
(13,750,'ISS2021070004',NULL,4,'2021-07-23','2021','07','In_Po',16.0,0.0,12.0,0.0,16.0,138500.00,'1','2021-07-27 06:16:23'),
(14,42,'IST2021060004',NULL,4,'2021-06-17','2021','06','In_Adjustment',200.0,0.0,0.0,0.0,200.0,3600.00,'1','2021-07-27 08:47:29'),
(15,39,'IST2021060004',NULL,4,'2021-06-17','2021','06','In_Adjustment',100.0,0.0,0.0,1000.0,1100.0,1300.00,'1','2021-07-27 08:47:29'),
(16,39,'DO2021060001',NULL,4,'2021-06-17','2021','06','DO_Trans',0.0,100.0,0.0,1100.0,1000.0,1300.00,'1','2021-07-27 08:48:11'),
(17,42,'DO2021060001',NULL,4,'2021-06-17','2021','06','DO_Trans',0.0,200.0,0.0,200.0,0.0,3600.00,'1','2021-07-27 08:48:11'),
(18,129,'IST2021070005',NULL,4,'2021-07-13','2021','07','In_Adjustment',1.0,0.0,0.0,0.0,1.0,1700000.00,'1','2021-07-27 08:50:59'),
(19,129,'DO2021070001',NULL,4,'2021-07-13','2021','07','DO_Trans',0.0,1.0,0.0,1.0,0.0,1700000.00,'1','2021-07-27 08:51:52'),
(20,100,'IST2021070006',NULL,4,'2021-07-15','2021','07','In_Adjustment',1.0,0.0,0.0,0.0,1.0,45000.00,'1','2021-07-27 08:53:00'),
(21,100,'DO2021070002',NULL,4,'2021-07-15','2021','07','DO_Trans',0.0,1.0,0.0,1.0,0.0,45000.00,'1','2021-07-27 08:53:30'),
(22,89,'IST2021070007',NULL,4,'2021-07-16','2021','07','In_Adjustment',1.0,0.0,0.0,0.0,1.0,7083.33,'1','2021-07-27 08:55:21'),
(23,179,'IST2021070007',NULL,4,'2021-07-16','2021','07','In_Adjustment',80.0,0.0,0.0,220.0,300.0,21818.00,'1','2021-07-27 08:55:21'),
(24,89,'DO2021070003',NULL,4,'2021-07-16','2021','07','DO_Trans',0.0,1.0,0.0,1.0,0.0,7083.33,'1','2021-07-27 08:55:45'),
(25,179,'DO2021070003',NULL,4,'2021-07-16','2021','07','DO_Trans',0.0,80.0,0.0,300.0,220.0,21818.00,'1','2021-07-27 08:55:46'),
(26,179,'IST2021070008',NULL,4,'2021-07-16','2021','07','In_Adjustment',40.0,0.0,0.0,220.0,260.0,21818.00,'1','2021-07-27 08:56:29'),
(27,179,'DO2021070004',NULL,4,'2021-07-16','2021','07','DO_Trans',0.0,40.0,0.0,260.0,220.0,21818.00,'1','2021-07-27 08:57:10'),
(28,179,'IST2021060005',NULL,4,'2021-06-15','2021','06','In_Adjustment',80.0,0.0,0.0,220.0,300.0,21818.00,'1','2021-07-27 09:09:37'),
(29,7,'IST2021060005',NULL,4,'2021-06-15','2021','06','In_Adjustment',1.0,0.0,0.0,0.0,1.0,23000.00,'1','2021-07-27 09:09:37'),
(30,222,'IST2021060005',NULL,4,'2021-06-15','2021','06','In_Adjustment',2.0,0.0,0.0,0.0,2.0,7000.00,'1','2021-07-27 09:09:37'),
(31,179,'ISR2021060005',NULL,4,'2021-06-15','2021','06','Rj_InTrans',0.0,80.0,0.0,300.0,220.0,21818.00,'1','2021-07-27 09:10:10'),
(32,7,'ISR2021060005',NULL,4,'2021-06-15','2021','06','Rj_InTrans',0.0,1.0,0.0,1.0,0.0,23000.00,'1','2021-07-27 09:10:11'),
(33,222,'ISR2021060005',NULL,4,'2021-06-15','2021','06','Rj_InTrans',0.0,2.0,0.0,2.0,0.0,7000.00,'1','2021-07-27 09:10:11'),
(34,179,'IST2021060006',NULL,4,'2021-06-15','2021','06','In_Adjustment',80.0,0.0,0.0,220.0,300.0,21818.00,'1','2021-07-27 10:02:20'),
(35,7,'IST2021060006',NULL,4,'2021-06-15','2021','06','In_Adjustment',1.0,0.0,0.0,0.0,1.0,23000.00,'1','2021-07-27 10:02:20'),
(36,222,'IST2021060006',NULL,4,'2021-06-15','2021','06','In_Adjustment',2.0,0.0,0.0,0.0,2.0,7000.00,'1','2021-07-27 10:02:20'),
(37,7,'DO2021060002',NULL,4,'2021-06-15','2021','06','DO_Trans',0.0,1.0,0.0,1.0,0.0,23000.00,'1','2021-07-27 10:02:51'),
(38,179,'DO2021060002',NULL,4,'2021-06-15','2021','06','DO_Trans',0.0,80.0,0.0,300.0,220.0,21818.00,'1','2021-07-27 10:02:51'),
(39,222,'DO2021060002',NULL,4,'2021-06-15','2021','06','DO_Trans',0.0,2.0,0.0,2.0,0.0,7000.00,'1','2021-07-27 10:02:51'),
(40,190,'IST2021060007',NULL,4,'2021-06-17','2021','06','In_Adjustment',2.0,0.0,0.0,0.0,2.0,2500.00,'1','2021-07-27 10:06:05'),
(41,84,'IST2021060007',NULL,4,'2021-06-17','2021','06','In_Adjustment',3.0,0.0,0.0,0.0,3.0,3800.00,'1','2021-07-27 10:06:05'),
(42,84,'DO2021060003',NULL,4,'2021-06-17','2021','06','DO_Trans',0.0,3.0,0.0,3.0,0.0,3800.00,'1','2021-07-27 10:06:26'),
(43,190,'DO2021060003',NULL,4,'2021-06-17','2021','06','DO_Trans',0.0,2.0,0.0,2.0,0.0,2500.00,'1','2021-07-27 10:06:26'),
(44,214,'IST2021060008',NULL,4,'2021-06-20','2021','06','In_Others',3.0,0.0,0.0,0.0,3.0,10212.00,'1','2021-07-27 10:12:22'),
(45,289,'IST2021060008',NULL,4,'2021-06-20','2021','06','In_Others',36.0,0.0,0.0,0.0,36.0,1000.00,'1','2021-07-27 10:12:22'),
(46,205,'IST2021060008',NULL,4,'2021-06-20','2021','06','In_Others',36.0,0.0,0.0,0.0,36.0,284.00,'1','2021-07-27 10:12:22'),
(47,205,'DO2021060004',NULL,4,'2021-06-20','2021','06','DO_Trans',0.0,36.0,0.0,36.0,0.0,284.00,'1','2021-07-27 10:12:51'),
(48,214,'DO2021060004',NULL,4,'2021-06-20','2021','06','DO_Trans',0.0,3.0,0.0,3.0,0.0,10212.00,'1','2021-07-27 10:12:51'),
(49,289,'DO2021060004',NULL,4,'2021-06-20','2021','06','DO_Trans',0.0,36.0,0.0,36.0,0.0,1000.00,'1','2021-07-27 10:12:51'),
(50,179,'IST2021060009',NULL,4,'2021-06-16','2021','06','In_Adjustment',100.0,0.0,0.0,220.0,320.0,21818.00,'1','2021-07-27 11:05:41'),
(51,222,'IST2021060009',NULL,4,'2021-06-16','2021','06','In_Adjustment',3.0,0.0,0.0,0.0,3.0,7000.00,'1','2021-07-27 11:05:41'),
(52,7,'IST2021060009',NULL,4,'2021-06-16','2021','06','In_Adjustment',1.0,0.0,0.0,0.0,1.0,23000.00,'1','2021-07-27 11:05:41'),
(53,7,'DO2021060005',NULL,4,'2021-06-16','2021','06','DO_Trans',0.0,1.0,0.0,1.0,0.0,23000.00,'1','2021-07-27 11:05:59'),
(54,179,'DO2021060005',NULL,4,'2021-06-16','2021','06','DO_Trans',0.0,100.0,0.0,320.0,220.0,21818.00,'1','2021-07-27 11:05:59'),
(55,222,'DO2021060005',NULL,4,'2021-06-16','2021','06','DO_Trans',0.0,3.0,0.0,3.0,0.0,7000.00,'1','2021-07-27 11:05:59'),
(56,1224,'IST2021060010',NULL,4,'2021-06-30','2021','06','In_Adjustment',1.0,0.0,0.0,0.0,1.0,49000.00,'1','2021-07-27 11:12:10'),
(57,1224,'DO2021060006',NULL,4,'2021-06-30','2021','06','DO_Trans',0.0,1.0,0.0,1.0,0.0,49000.00,'1','2021-07-27 11:13:01'),
(58,98,'IST2021060011',NULL,4,'2021-06-17','2021','06','In_Adjustment',1.0,0.0,0.0,0.0,1.0,35000.00,'1','2021-07-27 11:15:23'),
(59,192,'IST2021060011',NULL,4,'2021-06-17','2021','06','In_Adjustment',2.0,0.0,0.0,0.0,2.0,7590.00,'1','2021-07-27 11:15:23'),
(60,98,'DO2021060007',NULL,4,'2021-06-17','2021','06','DO_Trans',0.0,1.0,0.0,1.0,0.0,35000.00,'1','2021-07-27 11:17:00'),
(61,192,'DO2021060007',NULL,4,'2021-06-17','2021','06','DO_Trans',0.0,2.0,0.0,2.0,0.0,7590.00,'1','2021-07-27 11:17:00'),
(62,21,'ISS2021060012',NULL,4,'2021-06-27','2021','06','In_Po',12.0,0.0,8.0,0.0,12.0,29167.00,'1','2021-07-28 07:34:03'),
(63,20,'ISS2021070009',NULL,4,'2021-07-10','2021','07','In_Po',96.0,0.0,67.0,0.0,96.0,3333.00,'1','2021-07-28 07:34:20'),
(64,179,'IST2021060013',NULL,4,'2021-06-15','2021','06','In_Adjustment',80.0,0.0,0.0,220.0,300.0,21818.00,'1','2021-07-28 15:36:39'),
(65,7,'IST2021060013',NULL,4,'2021-06-15','2021','06','In_Adjustment',1.0,0.0,0.0,0.0,1.0,23000.00,'1','2021-07-28 15:36:39'),
(66,222,'IST2021060013',NULL,4,'2021-06-15','2021','06','In_Adjustment',2.0,0.0,0.0,0.0,2.0,7000.00,'1','2021-07-28 15:36:39'),
(67,136,'ISS2021070010',NULL,4,'2021-07-24','2021','07','In_Po',1.0,0.0,1.0,0.0,1.0,38750000.00,'1','2021-08-02 06:58:12'),
(68,459,'IST2021080001',NULL,4,'2021-08-03','2021','08','In_Others',6.0,0.0,6.0,0.0,6.0,28000.00,'1','2021-08-04 08:39:57'),
(69,1234,'IST2021080001',NULL,4,'2021-08-03','2021','08','In_Others',5.0,0.0,5.0,0.0,5.0,37500.00,'1','2021-08-04 08:39:57'),
(70,576,'IST2021070011',NULL,4,'2021-07-13','2021','07','In_Adjustment',2.0,0.0,0.0,0.0,2.0,20000.00,'1','2021-08-05 09:09:46'),
(71,51,'IST2021070011',NULL,4,'2021-07-13','2021','07','In_Adjustment',2.0,0.0,0.0,0.0,2.0,73000.00,'1','2021-08-05 09:09:46'),
(72,110,'IST2021070011',NULL,4,'2021-07-13','2021','07','In_Adjustment',1.0,0.0,0.0,0.0,1.0,22450.00,'1','2021-08-05 09:09:46'),
(73,1227,'IST2021070011',NULL,4,'2021-07-13','2021','07','In_Adjustment',2.0,0.0,0.0,0.0,2.0,110000.00,'1','2021-08-05 09:09:46'),
(74,106,'IST2021070011',NULL,4,'2021-07-13','2021','07','In_Adjustment',1.0,0.0,0.0,0.0,1.0,30000.00,'1','2021-08-05 09:09:46'),
(75,125,'IST2021070011',NULL,4,'2021-07-13','2021','07','In_Adjustment',1.0,0.0,0.0,0.0,1.0,140000.00,'1','2021-08-05 09:09:46'),
(76,84,'IST2021070011',NULL,4,'2021-07-13','2021','07','In_Adjustment',10.0,0.0,0.0,0.0,10.0,3800.00,'1','2021-08-05 09:09:46'),
(77,105,'IST2021070011',NULL,4,'2021-07-13','2021','07','In_Adjustment',1.0,0.0,0.0,0.0,1.0,30000.00,'1','2021-08-05 09:09:47'),
(78,101,'IST2021070011',NULL,4,'2021-07-13','2021','07','In_Adjustment',2.0,0.0,0.0,0.0,2.0,5500.00,'1','2021-08-05 09:09:47'),
(79,7,'IST2021070011',NULL,4,'2021-07-13','2021','07','In_Adjustment',2.0,0.0,0.0,1.0,3.0,23000.00,'1','2021-08-05 09:09:47'),
(80,9,'IST2021070011',NULL,4,'2021-07-13','2021','07','In_Adjustment',12.0,0.0,0.0,0.0,12.0,15000.00,'1','2021-08-05 09:09:47'),
(81,95,'IST2021070011',NULL,4,'2021-07-13','2021','07','In_Adjustment',2.0,0.0,0.0,0.0,2.0,11833.00,'1','2021-08-05 09:09:47'),
(82,97,'IST2021070011',NULL,4,'2021-07-13','2021','07','In_Adjustment',2.0,0.0,0.0,0.0,2.0,12500.00,'1','2021-08-05 09:09:47'),
(83,222,'IST2021070011',NULL,4,'2021-07-13','2021','07','In_Adjustment',5.0,0.0,0.0,2.0,7.0,7000.00,'1','2021-08-05 09:09:47'),
(84,83,'IST2021070011',NULL,4,'2021-07-13','2021','07','In_Adjustment',3.0,0.0,0.0,0.0,3.0,12000.00,'1','2021-08-05 09:09:47'),
(85,25,'IST2021070011',NULL,4,'2021-07-13','2021','07','In_Adjustment',2.0,0.0,0.0,0.0,2.0,51667.00,'1','2021-08-05 09:09:47'),
(86,135,'IST2021070011',NULL,4,'2021-07-13','2021','07','In_Adjustment',12.0,0.0,0.0,0.0,12.0,4166.00,'1','2021-08-05 09:09:47'),
(87,31,'IST2021070011',NULL,4,'2021-07-13','2021','07','In_Adjustment',1.0,0.0,0.0,0.0,1.0,8000.00,'1','2021-08-05 09:09:47'),
(88,1,'IST2021070011',NULL,4,'2021-07-13','2021','07','In_Adjustment',2.0,0.0,0.0,0.0,2.0,200000.00,'1','2021-08-05 09:09:47'),
(89,23,'IST2021070011',NULL,4,'2021-07-13','2021','07','In_Adjustment',6.0,0.0,0.0,36.0,42.0,183000.00,'1','2021-08-05 09:09:47'),
(90,36,'IST2021070011',NULL,4,'2021-07-13','2021','07','In_Adjustment',10.0,0.0,0.0,0.0,10.0,3000.00,'1','2021-08-05 09:09:47'),
(91,34,'IST2021070011',NULL,4,'2021-07-13','2021','07','In_Adjustment',3.0,0.0,0.0,0.0,3.0,33000.00,'1','2021-08-05 09:09:47'),
(92,1221,'IST2021070011',NULL,4,'2021-07-13','2021','07','In_Adjustment',1.0,0.0,0.0,0.0,1.0,8000.00,'1','2021-08-05 09:09:47'),
(93,33,'IST2021070011',NULL,4,'2021-07-13','2021','07','In_Adjustment',1.0,0.0,1.0,8.0,9.0,15000.00,'1','2021-08-05 09:09:47'),
(94,570,'IST2021070011',NULL,4,'2021-07-13','2021','07','In_Adjustment',1.0,0.0,0.0,0.0,1.0,165000.00,'1','2021-08-05 09:09:47'),
(95,37,'IST2021070011',NULL,4,'2021-07-13','2021','07','In_Adjustment',10.0,0.0,0.0,0.0,10.0,2000.00,'1','2021-08-05 09:09:47'),
(96,1137,'IST2021070011',NULL,4,'2021-07-13','2021','07','In_Adjustment',12.0,0.0,0.0,0.0,12.0,5833.00,'1','2021-08-05 09:09:47'),
(97,22,'IST2021070011',NULL,4,'2021-07-13','2021','07','In_Adjustment',1.0,0.0,0.0,0.0,1.0,65000.00,'1','2021-08-05 09:09:47'),
(98,77,'IST2021070011',NULL,4,'2021-07-13','2021','07','In_Adjustment',10.0,0.0,0.0,0.0,10.0,8000.00,'1','2021-08-05 09:09:47'),
(99,80,'IST2021070011',NULL,4,'2021-07-13','2021','07','In_Adjustment',10.0,0.0,0.0,0.0,10.0,14858.00,'1','2021-08-05 09:09:47'),
(100,79,'IST2021070011',NULL,4,'2021-07-13','2021','07','In_Adjustment',10.0,0.0,0.0,0.0,10.0,15000.00,'1','2021-08-05 09:09:47'),
(101,74,'IST2021070011',NULL,4,'2021-07-13','2021','07','In_Adjustment',30.0,0.0,30.0,650.0,680.0,4000.00,'1','2021-08-05 09:09:47'),
(102,56,'IST2021070011',NULL,4,'2021-07-13','2021','07','In_Adjustment',20.0,0.0,0.0,0.0,20.0,5000.00,'1','2021-08-05 09:09:47'),
(103,49,'IST2021070011',NULL,4,'2021-07-13','2021','07','In_Adjustment',2.0,0.0,0.0,0.0,2.0,32000.00,'1','2021-08-05 09:09:47'),
(104,39,'IST2021070011',NULL,4,'2021-07-13','2021','07','In_Adjustment',150.0,0.0,0.0,1000.0,1150.0,1300.00,'1','2021-08-05 09:09:47'),
(105,40,'IST2021070011',NULL,4,'2021-07-13','2021','07','In_Adjustment',100.0,0.0,0.0,0.0,100.0,10700.00,'1','2021-08-05 09:09:47'),
(106,67,'IST2021070011',NULL,4,'2021-07-13','2021','07','In_Adjustment',3.0,0.0,0.0,0.0,3.0,4615.00,'1','2021-08-05 09:09:47'),
(107,68,'IST2021070011',NULL,4,'2021-07-13','2021','07','In_Adjustment',3.0,0.0,0.0,0.0,3.0,5000.00,'1','2021-08-05 09:09:47'),
(108,187,'IST2021070011',NULL,4,'2021-07-13','2021','07','In_Adjustment',3.0,0.0,0.0,0.0,3.0,25000.00,'1','2021-08-05 09:09:47'),
(109,390,'IST2021070011',NULL,4,'2021-07-13','2021','07','In_Adjustment',1.0,0.0,0.0,0.0,1.0,35000.00,'1','2021-08-05 09:09:47'),
(110,94,'IST2021070011',NULL,4,'2021-07-13','2021','07','In_Adjustment',20.0,0.0,0.0,0.0,20.0,4800.00,'1','2021-08-05 09:09:47'),
(111,47,'IST2021070011',NULL,4,'2021-07-13','2021','07','In_Adjustment',12.0,0.0,0.0,0.0,12.0,2375.00,'1','2021-08-05 09:09:47'),
(112,41,'IST2021070011',NULL,4,'2021-07-13','2021','07','In_Adjustment',200.0,0.0,0.0,0.0,200.0,2600.00,'1','2021-08-05 09:09:47'),
(113,42,'IST2021070011',NULL,4,'2021-07-13','2021','07','In_Adjustment',400.0,0.0,0.0,0.0,400.0,3600.00,'1','2021-08-05 09:09:47'),
(114,43,'IST2021070011',NULL,4,'2021-07-13','2021','07','In_Adjustment',10.0,0.0,0.0,0.0,10.0,8000.00,'1','2021-08-05 09:09:47'),
(115,59,'IST2021070011',NULL,4,'2021-07-13','2021','07','In_Adjustment',1.0,0.0,0.0,0.0,1.0,25000.00,'1','2021-08-05 09:09:47'),
(116,566,'IST2021070011',NULL,4,'2021-07-13','2021','07','In_Adjustment',15.0,0.0,0.0,0.0,15.0,4300.00,'1','2021-08-05 09:09:47'),
(117,89,'IST2021070011',NULL,4,'2021-07-13','2021','07','In_Adjustment',5.0,0.0,0.0,0.0,5.0,7083.33,'1','2021-08-05 09:09:47'),
(118,93,'IST2021070011',NULL,4,'2021-07-13','2021','07','In_Adjustment',5.0,0.0,0.0,0.0,5.0,2250.00,'1','2021-08-05 09:09:47'),
(119,92,'IST2021070011',NULL,4,'2021-07-13','2021','07','In_Adjustment',5.0,0.0,0.0,0.0,5.0,4833.34,'1','2021-08-05 09:09:47'),
(120,48,'IST2021070011',NULL,4,'2021-07-13','2021','07','In_Adjustment',5.0,0.0,0.0,0.0,5.0,937.50,'1','2021-08-05 09:09:47'),
(121,50,'IST2021070011',NULL,4,'2021-07-13','2021','07','In_Adjustment',8.0,0.0,0.0,0.0,8.0,13200.00,'1','2021-08-05 09:09:47'),
(122,188,'IST2021070011',NULL,4,'2021-07-13','2021','07','In_Adjustment',3.0,0.0,0.0,15.0,18.0,550000.00,'1','2021-08-05 09:09:47'),
(123,1136,'IST2021070011',NULL,4,'2021-07-13','2021','07','In_Adjustment',1.0,0.0,0.0,0.0,1.0,325000.00,'1','2021-08-05 09:09:47'),
(124,1,'DO2021070005',NULL,4,'2021-07-13','2021','07','DO_Trans',0.0,2.0,0.0,2.0,0.0,200000.00,'1','2021-08-05 09:10:05'),
(125,7,'DO2021070005',NULL,4,'2021-07-13','2021','07','DO_Trans',0.0,2.0,0.0,3.0,1.0,23000.00,'1','2021-08-05 09:10:05'),
(126,9,'DO2021070005',NULL,4,'2021-07-13','2021','07','DO_Trans',0.0,12.0,0.0,12.0,0.0,15000.00,'1','2021-08-05 09:10:05'),
(127,22,'DO2021070005',NULL,4,'2021-07-13','2021','07','DO_Trans',0.0,1.0,0.0,1.0,0.0,65000.00,'1','2021-08-05 09:10:05'),
(128,23,'DO2021070005',NULL,4,'2021-07-13','2021','07','DO_Trans',0.0,6.0,0.0,42.0,36.0,183000.00,'1','2021-08-05 09:10:05'),
(129,25,'DO2021070005',NULL,4,'2021-07-13','2021','07','DO_Trans',0.0,2.0,0.0,2.0,0.0,51667.00,'1','2021-08-05 09:10:05'),
(130,31,'DO2021070005',NULL,4,'2021-07-13','2021','07','DO_Trans',0.0,1.0,0.0,1.0,0.0,8000.00,'1','2021-08-05 09:10:05'),
(131,33,'DO2021070005',NULL,4,'2021-07-13','2021','07','DO_Trans',0.0,1.0,0.0,9.0,8.0,15000.00,'1','2021-08-05 09:10:05'),
(132,34,'DO2021070005',NULL,4,'2021-07-13','2021','07','DO_Trans',0.0,3.0,0.0,3.0,0.0,33000.00,'1','2021-08-05 09:10:05'),
(133,36,'DO2021070005',NULL,4,'2021-07-13','2021','07','DO_Trans',0.0,10.0,0.0,10.0,0.0,3000.00,'1','2021-08-05 09:10:05'),
(134,37,'DO2021070005',NULL,4,'2021-07-13','2021','07','DO_Trans',0.0,10.0,0.0,10.0,0.0,2000.00,'1','2021-08-05 09:10:05'),
(135,39,'DO2021070005',NULL,4,'2021-07-13','2021','07','DO_Trans',0.0,150.0,0.0,1150.0,1000.0,1300.00,'1','2021-08-05 09:10:05'),
(136,40,'DO2021070005',NULL,4,'2021-07-13','2021','07','DO_Trans',0.0,100.0,0.0,100.0,0.0,10700.00,'1','2021-08-05 09:10:05'),
(137,41,'DO2021070005',NULL,4,'2021-07-13','2021','07','DO_Trans',0.0,200.0,0.0,200.0,0.0,2600.00,'1','2021-08-05 09:10:05'),
(138,42,'DO2021070005',NULL,4,'2021-07-13','2021','07','DO_Trans',0.0,400.0,0.0,400.0,0.0,3600.00,'1','2021-08-05 09:10:05'),
(139,43,'DO2021070005',NULL,4,'2021-07-13','2021','07','DO_Trans',0.0,10.0,0.0,10.0,0.0,8000.00,'1','2021-08-05 09:10:05'),
(140,47,'DO2021070005',NULL,4,'2021-07-13','2021','07','DO_Trans',0.0,12.0,0.0,12.0,0.0,2375.00,'1','2021-08-05 09:10:05'),
(141,48,'DO2021070005',NULL,4,'2021-07-13','2021','07','DO_Trans',0.0,5.0,0.0,5.0,0.0,937.50,'1','2021-08-05 09:10:05'),
(142,49,'DO2021070005',NULL,4,'2021-07-13','2021','07','DO_Trans',0.0,2.0,0.0,2.0,0.0,32000.00,'1','2021-08-05 09:10:05'),
(143,50,'DO2021070005',NULL,4,'2021-07-13','2021','07','DO_Trans',0.0,8.0,0.0,8.0,0.0,13200.00,'1','2021-08-05 09:10:05'),
(144,51,'DO2021070005',NULL,4,'2021-07-13','2021','07','DO_Trans',0.0,2.0,0.0,2.0,0.0,73000.00,'1','2021-08-05 09:10:05'),
(145,56,'DO2021070005',NULL,4,'2021-07-13','2021','07','DO_Trans',0.0,20.0,0.0,20.0,0.0,5000.00,'1','2021-08-05 09:10:05'),
(146,59,'DO2021070005',NULL,4,'2021-07-13','2021','07','DO_Trans',0.0,1.0,0.0,1.0,0.0,25000.00,'1','2021-08-05 09:10:05'),
(147,67,'DO2021070005',NULL,4,'2021-07-13','2021','07','DO_Trans',0.0,3.0,0.0,3.0,0.0,4615.00,'1','2021-08-05 09:10:05'),
(148,68,'DO2021070005',NULL,4,'2021-07-13','2021','07','DO_Trans',0.0,3.0,0.0,3.0,0.0,5000.00,'1','2021-08-05 09:10:05'),
(149,74,'DO2021070005',NULL,4,'2021-07-13','2021','07','DO_Trans',0.0,30.0,0.0,680.0,650.0,4000.00,'1','2021-08-05 09:10:05'),
(150,77,'DO2021070005',NULL,4,'2021-07-13','2021','07','DO_Trans',0.0,10.0,0.0,10.0,0.0,8000.00,'1','2021-08-05 09:10:05'),
(151,79,'DO2021070005',NULL,4,'2021-07-13','2021','07','DO_Trans',0.0,10.0,0.0,10.0,0.0,15000.00,'1','2021-08-05 09:10:05'),
(152,80,'DO2021070005',NULL,4,'2021-07-13','2021','07','DO_Trans',0.0,10.0,0.0,10.0,0.0,14858.00,'1','2021-08-05 09:10:05'),
(153,83,'DO2021070005',NULL,4,'2021-07-13','2021','07','DO_Trans',0.0,3.0,0.0,3.0,0.0,12000.00,'1','2021-08-05 09:10:05'),
(154,84,'DO2021070005',NULL,4,'2021-07-13','2021','07','DO_Trans',0.0,10.0,0.0,10.0,0.0,3800.00,'1','2021-08-05 09:10:05'),
(155,89,'DO2021070005',NULL,4,'2021-07-13','2021','07','DO_Trans',0.0,5.0,0.0,5.0,0.0,7083.33,'1','2021-08-05 09:10:05'),
(156,92,'DO2021070005',NULL,4,'2021-07-13','2021','07','DO_Trans',0.0,5.0,0.0,5.0,0.0,4833.34,'1','2021-08-05 09:10:05'),
(157,93,'DO2021070005',NULL,4,'2021-07-13','2021','07','DO_Trans',0.0,5.0,0.0,5.0,0.0,2250.00,'1','2021-08-05 09:10:05'),
(158,94,'DO2021070005',NULL,4,'2021-07-13','2021','07','DO_Trans',0.0,2.0,0.0,20.0,18.0,4800.00,'1','2021-08-05 09:10:05'),
(159,95,'DO2021070005',NULL,4,'2021-07-13','2021','07','DO_Trans',0.0,2.0,0.0,2.0,0.0,11833.00,'1','2021-08-05 09:10:05'),
(160,97,'DO2021070005',NULL,4,'2021-07-13','2021','07','DO_Trans',0.0,2.0,0.0,2.0,0.0,12500.00,'1','2021-08-05 09:10:05'),
(161,101,'DO2021070005',NULL,4,'2021-07-13','2021','07','DO_Trans',0.0,2.0,0.0,2.0,0.0,5500.00,'1','2021-08-05 09:10:05'),
(162,105,'DO2021070005',NULL,4,'2021-07-13','2021','07','DO_Trans',0.0,1.0,0.0,1.0,0.0,30000.00,'1','2021-08-05 09:10:05'),
(163,106,'DO2021070005',NULL,4,'2021-07-13','2021','07','DO_Trans',0.0,1.0,0.0,1.0,0.0,30000.00,'1','2021-08-05 09:10:05'),
(164,110,'DO2021070005',NULL,4,'2021-07-13','2021','07','DO_Trans',0.0,1.0,0.0,1.0,0.0,22450.00,'1','2021-08-05 09:10:05'),
(165,125,'DO2021070005',NULL,4,'2021-07-13','2021','07','DO_Trans',0.0,1.0,0.0,1.0,0.0,140000.00,'1','2021-08-05 09:10:05'),
(166,135,'DO2021070005',NULL,4,'2021-07-13','2021','07','DO_Trans',0.0,12.0,0.0,12.0,0.0,4166.00,'1','2021-08-05 09:10:05'),
(167,187,'DO2021070005',NULL,4,'2021-07-13','2021','07','DO_Trans',0.0,3.0,0.0,3.0,0.0,25000.00,'1','2021-08-05 09:10:05'),
(168,188,'DO2021070005',NULL,4,'2021-07-13','2021','07','DO_Trans',0.0,3.0,0.0,18.0,15.0,550000.00,'1','2021-08-05 09:10:05'),
(169,222,'DO2021070005',NULL,4,'2021-07-13','2021','07','DO_Trans',0.0,5.0,0.0,7.0,2.0,7000.00,'1','2021-08-05 09:10:05'),
(170,390,'DO2021070005',NULL,4,'2021-07-13','2021','07','DO_Trans',0.0,1.0,0.0,1.0,0.0,35000.00,'1','2021-08-05 09:10:05'),
(171,566,'DO2021070005',NULL,4,'2021-07-13','2021','07','DO_Trans',0.0,15.0,0.0,15.0,0.0,4300.00,'1','2021-08-05 09:10:05'),
(172,570,'DO2021070005',NULL,4,'2021-07-13','2021','07','DO_Trans',0.0,1.0,0.0,1.0,0.0,165000.00,'1','2021-08-05 09:10:05'),
(173,576,'DO2021070005',NULL,4,'2021-07-13','2021','07','DO_Trans',0.0,2.0,0.0,2.0,0.0,20000.00,'1','2021-08-05 09:10:05'),
(174,1136,'DO2021070005',NULL,4,'2021-07-13','2021','07','DO_Trans',0.0,1.0,0.0,1.0,0.0,325000.00,'1','2021-08-05 09:10:05'),
(175,1137,'DO2021070005',NULL,4,'2021-07-13','2021','07','DO_Trans',0.0,12.0,0.0,12.0,0.0,5833.00,'1','2021-08-05 09:10:05'),
(176,1221,'DO2021070005',NULL,4,'2021-07-13','2021','07','DO_Trans',0.0,1.0,0.0,1.0,0.0,8000.00,'1','2021-08-05 09:10:05'),
(177,1227,'DO2021070005',NULL,4,'2021-07-13','2021','07','DO_Trans',0.0,2.0,0.0,2.0,0.0,110000.00,'1','2021-08-05 09:10:05'),
(178,94,'DO2021070006',NULL,4,'2021-07-13','2021','07','DO_Trans',0.0,18.0,0.0,18.0,0.0,4800.00,'1','2021-08-05 09:14:48'),
(179,22,'IST2021070012',NULL,4,'2021-07-31','2021','07','In_Adjustment',1.0,0.0,0.0,0.0,1.0,65000.00,'1','2021-08-05 09:37:42'),
(180,37,'IST2021070012',NULL,4,'2021-07-31','2021','07','In_Adjustment',8.0,0.0,0.0,0.0,8.0,2000.00,'1','2021-08-05 09:37:42'),
(181,23,'IST2021070012',NULL,4,'2021-07-31','2021','07','In_Adjustment',2.0,0.0,0.0,36.0,38.0,183000.00,'1','2021-08-05 09:37:42'),
(182,97,'IST2021070012',NULL,4,'2021-07-31','2021','07','In_Adjustment',2.0,0.0,0.0,0.0,2.0,12500.00,'1','2021-08-05 09:37:42'),
(183,7,'IST2021070012',NULL,4,'2021-07-31','2021','07','In_Adjustment',1.0,0.0,0.0,1.0,2.0,23000.00,'1','2021-08-05 09:37:42'),
(184,75,'IST2021070012',NULL,4,'2021-07-31','2021','07','In_Adjustment',30.0,0.0,30.0,880.0,910.0,4728.00,'1','2021-08-05 09:37:42'),
(185,73,'IST2021070012',NULL,4,'2021-07-31','2021','07','In_Adjustment',12.0,0.0,0.0,0.0,12.0,5197.50,'1','2021-08-05 09:37:42'),
(186,7,'DO2021070007',NULL,4,'2021-07-31','2021','07','DO_Trans',0.0,1.0,0.0,2.0,1.0,23000.00,'1','2021-08-05 09:38:18'),
(187,22,'DO2021070007',NULL,4,'2021-07-31','2021','07','DO_Trans',0.0,1.0,0.0,1.0,0.0,65000.00,'1','2021-08-05 09:38:18'),
(188,23,'DO2021070007',NULL,4,'2021-07-31','2021','07','DO_Trans',0.0,2.0,0.0,38.0,36.0,183000.00,'1','2021-08-05 09:38:18'),
(189,37,'DO2021070007',NULL,4,'2021-07-31','2021','07','DO_Trans',0.0,8.0,0.0,8.0,0.0,2000.00,'1','2021-08-05 09:38:18'),
(190,73,'DO2021070007',NULL,4,'2021-07-31','2021','07','DO_Trans',0.0,12.0,0.0,12.0,0.0,5197.50,'1','2021-08-05 09:38:18'),
(191,75,'DO2021070007',NULL,4,'2021-07-31','2021','07','DO_Trans',0.0,30.0,0.0,910.0,880.0,4728.00,'1','2021-08-05 09:38:18'),
(192,97,'DO2021070007',NULL,4,'2021-07-31','2021','07','DO_Trans',0.0,2.0,0.0,2.0,0.0,12500.00,'1','2021-08-05 09:38:18'),
(193,1,'ISS2021080002',NULL,4,'2021-08-04','2021','08','In_Po',8.0,0.0,1.0,0.0,8.0,235000.00,'1','2021-08-10 06:43:51'),
(194,42,'ISS2021080003',NULL,4,'2021-08-09','2021','08','In_Po',2500.0,0.0,0.0,0.0,2500.0,3600.00,'1','2021-08-10 06:45:51'),
(195,179,'DO2021080001',NULL,4,'2021-08-07','2021','08','DO_Trans',0.0,20.0,0.0,300.0,280.0,21818.00,'1','2021-08-10 06:59:52'),
(196,179,'DO2021080002',NULL,4,'2021-08-07','2021','08','DO_Trans',0.0,80.0,0.0,280.0,200.0,21818.00,'1','2021-08-10 07:00:24'),
(197,214,'IST2021080004',NULL,4,'2021-08-03','2021','08','In_Adjustment',2.0,0.0,0.0,0.0,2.0,10212.00,'1','2021-08-10 07:13:48'),
(198,289,'IST2021080004',NULL,4,'2021-08-03','2021','08','In_Adjustment',14.0,0.0,0.0,0.0,14.0,1000.00,'1','2021-08-10 07:13:48'),
(199,205,'IST2021080004',NULL,4,'2021-08-03','2021','08','In_Adjustment',14.0,0.0,0.0,0.0,14.0,284.00,'1','2021-08-10 07:13:48'),
(200,190,'IST2021080004',NULL,4,'2021-08-03','2021','08','In_Adjustment',3.0,0.0,0.0,0.0,3.0,2500.00,'1','2021-08-10 07:13:49'),
(201,1181,'IST2021080004',NULL,4,'2021-08-03','2021','08','In_Adjustment',1.0,0.0,0.0,0.0,1.0,27500.00,'1','2021-08-10 07:13:49'),
(202,194,'IST2021080004',NULL,4,'2021-08-03','2021','08','In_Adjustment',5.0,0.0,0.0,0.0,5.0,3500.00,'1','2021-08-10 07:13:49'),
(203,706,'IST2021080004',NULL,4,'2021-08-03','2021','08','In_Adjustment',1.0,0.0,0.0,0.0,1.0,31000.00,'1','2021-08-10 07:13:49'),
(204,382,'IST2021080004',NULL,4,'2021-08-03','2021','08','In_Adjustment',12.0,0.0,0.0,0.0,12.0,500.00,'1','2021-08-10 07:13:49'),
(205,220,'IST2021080004',NULL,4,'2021-08-03','2021','08','In_Adjustment',5.0,0.0,0.0,0.0,5.0,30600.00,'1','2021-08-10 07:13:49'),
(206,190,'DO2021080003',NULL,4,'2021-08-03','2021','08','DO_Trans',0.0,3.0,0.0,3.0,0.0,2500.00,'1','2021-08-10 07:14:08'),
(207,194,'DO2021080003',NULL,4,'2021-08-03','2021','08','DO_Trans',0.0,5.0,0.0,5.0,0.0,3500.00,'1','2021-08-10 07:14:08'),
(208,205,'DO2021080003',NULL,4,'2021-08-03','2021','08','DO_Trans',0.0,14.0,0.0,14.0,0.0,284.00,'1','2021-08-10 07:14:08'),
(209,214,'DO2021080003',NULL,4,'2021-08-03','2021','08','DO_Trans',0.0,2.0,0.0,2.0,0.0,10212.00,'1','2021-08-10 07:14:08'),
(210,220,'DO2021080003',NULL,4,'2021-08-03','2021','08','DO_Trans',0.0,5.0,0.0,5.0,0.0,30600.00,'1','2021-08-10 07:14:08'),
(211,289,'DO2021080003',NULL,4,'2021-08-03','2021','08','DO_Trans',0.0,14.0,0.0,14.0,0.0,1000.00,'1','2021-08-10 07:14:08'),
(212,382,'DO2021080003',NULL,4,'2021-08-03','2021','08','DO_Trans',0.0,12.0,0.0,12.0,0.0,500.00,'1','2021-08-10 07:14:08'),
(213,706,'DO2021080003',NULL,4,'2021-08-03','2021','08','DO_Trans',0.0,1.0,0.0,1.0,0.0,31000.00,'1','2021-08-10 07:14:08'),
(214,1181,'DO2021080003',NULL,4,'2021-08-03','2021','08','DO_Trans',0.0,1.0,0.0,1.0,0.0,27500.00,'1','2021-08-10 07:14:08'),
(215,1,'DOR2021070005',NULL,4,'2021-07-13','2021','07','Rj_do',2.0,0.0,2.0,8.0,10.0,235000.00,'1','2021-08-10 16:30:24'),
(216,7,'DOR2021070005',NULL,4,'2021-07-13','2021','07','Rj_do',2.0,0.0,0.0,1.0,3.0,23000.00,'1','2021-08-10 16:30:24'),
(217,9,'DOR2021070005',NULL,4,'2021-07-13','2021','07','Rj_do',12.0,0.0,0.0,0.0,12.0,15000.00,'1','2021-08-10 16:30:24'),
(218,22,'DOR2021070005',NULL,4,'2021-07-13','2021','07','Rj_do',1.0,0.0,0.0,0.0,1.0,65000.00,'1','2021-08-10 16:30:24'),
(219,23,'DOR2021070005',NULL,4,'2021-07-13','2021','07','Rj_do',6.0,0.0,0.0,36.0,42.0,183000.00,'1','2021-08-10 16:30:24'),
(220,25,'DOR2021070005',NULL,4,'2021-07-13','2021','07','Rj_do',2.0,0.0,0.0,0.0,2.0,51667.00,'1','2021-08-10 16:30:24'),
(221,31,'DOR2021070005',NULL,4,'2021-07-13','2021','07','Rj_do',1.0,0.0,0.0,0.0,1.0,8000.00,'1','2021-08-10 16:30:24'),
(222,33,'DOR2021070005',NULL,4,'2021-07-13','2021','07','Rj_do',1.0,0.0,1.0,8.0,9.0,15000.00,'1','2021-08-10 16:30:24'),
(223,34,'DOR2021070005',NULL,4,'2021-07-13','2021','07','Rj_do',3.0,0.0,0.0,0.0,3.0,33000.00,'1','2021-08-10 16:30:24'),
(224,36,'DOR2021070005',NULL,4,'2021-07-13','2021','07','Rj_do',10.0,0.0,0.0,0.0,10.0,3000.00,'1','2021-08-10 16:30:24'),
(225,37,'DOR2021070005',NULL,4,'2021-07-13','2021','07','Rj_do',10.0,0.0,0.0,0.0,10.0,2000.00,'1','2021-08-10 16:30:24'),
(226,39,'DOR2021070005',NULL,4,'2021-07-13','2021','07','Rj_do',150.0,0.0,0.0,1000.0,1150.0,1300.00,'1','2021-08-10 16:30:24'),
(227,40,'DOR2021070005',NULL,4,'2021-07-13','2021','07','Rj_do',100.0,0.0,0.0,0.0,100.0,10700.00,'1','2021-08-10 16:30:24'),
(228,41,'DOR2021070005',NULL,4,'2021-07-13','2021','07','Rj_do',200.0,0.0,0.0,0.0,200.0,2600.00,'1','2021-08-10 16:30:24'),
(229,42,'DOR2021070005',NULL,4,'2021-07-13','2021','07','Rj_do',400.0,0.0,300.0,2500.0,2900.0,3600.00,'1','2021-08-10 16:30:24'),
(230,43,'DOR2021070005',NULL,4,'2021-07-13','2021','07','Rj_do',10.0,0.0,0.0,0.0,10.0,8000.00,'1','2021-08-10 16:30:24'),
(231,47,'DOR2021070005',NULL,4,'2021-07-13','2021','07','Rj_do',12.0,0.0,0.0,0.0,12.0,2375.00,'1','2021-08-10 16:30:24'),
(232,48,'DOR2021070005',NULL,4,'2021-07-13','2021','07','Rj_do',5.0,0.0,0.0,0.0,5.0,937.50,'1','2021-08-10 16:30:24'),
(233,49,'DOR2021070005',NULL,4,'2021-07-13','2021','07','Rj_do',2.0,0.0,0.0,0.0,2.0,32000.00,'1','2021-08-10 16:30:24'),
(234,50,'DOR2021070005',NULL,4,'2021-07-13','2021','07','Rj_do',8.0,0.0,0.0,0.0,8.0,13200.00,'1','2021-08-10 16:30:24'),
(235,51,'DOR2021070005',NULL,4,'2021-07-13','2021','07','Rj_do',2.0,0.0,0.0,0.0,2.0,73000.00,'1','2021-08-10 16:30:24'),
(236,56,'DOR2021070005',NULL,4,'2021-07-13','2021','07','Rj_do',20.0,0.0,0.0,0.0,20.0,5000.00,'1','2021-08-10 16:30:24'),
(237,59,'DOR2021070005',NULL,4,'2021-07-13','2021','07','Rj_do',1.0,0.0,0.0,0.0,1.0,25000.00,'1','2021-08-10 16:30:24'),
(238,67,'DOR2021070005',NULL,4,'2021-07-13','2021','07','Rj_do',3.0,0.0,0.0,0.0,3.0,4615.00,'1','2021-08-10 16:30:24'),
(239,68,'DOR2021070005',NULL,4,'2021-07-13','2021','07','Rj_do',3.0,0.0,0.0,0.0,3.0,5000.00,'1','2021-08-10 16:30:24'),
(240,74,'DOR2021070005',NULL,4,'2021-07-13','2021','07','Rj_do',30.0,0.0,30.0,650.0,680.0,4000.00,'1','2021-08-10 16:30:24'),
(241,77,'DOR2021070005',NULL,4,'2021-07-13','2021','07','Rj_do',10.0,0.0,0.0,0.0,10.0,8000.00,'1','2021-08-10 16:30:24'),
(242,79,'DOR2021070005',NULL,4,'2021-07-13','2021','07','Rj_do',10.0,0.0,0.0,0.0,10.0,15000.00,'1','2021-08-10 16:30:24'),
(243,80,'DOR2021070005',NULL,4,'2021-07-13','2021','07','Rj_do',10.0,0.0,0.0,0.0,10.0,14858.00,'1','2021-08-10 16:30:24'),
(244,83,'DOR2021070005',NULL,4,'2021-07-13','2021','07','Rj_do',3.0,0.0,0.0,0.0,3.0,12000.00,'1','2021-08-10 16:30:24'),
(245,84,'DOR2021070005',NULL,4,'2021-07-13','2021','07','Rj_do',10.0,0.0,0.0,0.0,10.0,3800.00,'1','2021-08-10 16:30:24'),
(246,89,'DOR2021070005',NULL,4,'2021-07-13','2021','07','Rj_do',5.0,0.0,0.0,0.0,5.0,7083.33,'1','2021-08-10 16:30:24'),
(247,92,'DOR2021070005',NULL,4,'2021-07-13','2021','07','Rj_do',5.0,0.0,0.0,0.0,5.0,4833.34,'1','2021-08-10 16:30:24'),
(248,93,'DOR2021070005',NULL,4,'2021-07-13','2021','07','Rj_do',5.0,0.0,0.0,0.0,5.0,2250.00,'1','2021-08-10 16:30:24'),
(249,94,'DOR2021070005',NULL,4,'2021-07-13','2021','07','Rj_do',2.0,0.0,0.0,0.0,2.0,4800.00,'1','2021-08-10 16:30:24'),
(250,95,'DOR2021070005',NULL,4,'2021-07-13','2021','07','Rj_do',2.0,0.0,0.0,0.0,2.0,11833.00,'1','2021-08-10 16:30:24'),
(251,97,'DOR2021070005',NULL,4,'2021-07-13','2021','07','Rj_do',2.0,0.0,0.0,0.0,2.0,12500.00,'1','2021-08-10 16:30:24'),
(252,101,'DOR2021070005',NULL,4,'2021-07-13','2021','07','Rj_do',2.0,0.0,0.0,0.0,2.0,5500.00,'1','2021-08-10 16:30:24'),
(253,105,'DOR2021070005',NULL,4,'2021-07-13','2021','07','Rj_do',1.0,0.0,0.0,0.0,1.0,30000.00,'1','2021-08-10 16:30:24'),
(254,106,'DOR2021070005',NULL,4,'2021-07-13','2021','07','Rj_do',1.0,0.0,0.0,0.0,1.0,30000.00,'1','2021-08-10 16:30:24'),
(255,110,'DOR2021070005',NULL,4,'2021-07-13','2021','07','Rj_do',1.0,0.0,0.0,0.0,1.0,22450.00,'1','2021-08-10 16:30:24'),
(256,125,'DOR2021070005',NULL,4,'2021-07-13','2021','07','Rj_do',1.0,0.0,0.0,0.0,1.0,140000.00,'1','2021-08-10 16:30:24'),
(257,135,'DOR2021070005',NULL,4,'2021-07-13','2021','07','Rj_do',12.0,0.0,0.0,0.0,12.0,4166.00,'1','2021-08-10 16:30:24'),
(258,187,'DOR2021070005',NULL,4,'2021-07-13','2021','07','Rj_do',3.0,0.0,0.0,0.0,3.0,25000.00,'1','2021-08-10 16:30:24'),
(259,188,'DOR2021070005',NULL,4,'2021-07-13','2021','07','Rj_do',3.0,0.0,2.0,15.0,18.0,550000.00,'1','2021-08-10 16:30:24'),
(260,222,'DOR2021070005',NULL,4,'2021-07-13','2021','07','Rj_do',5.0,0.0,0.0,2.0,7.0,7000.00,'1','2021-08-10 16:30:24'),
(261,390,'DOR2021070005',NULL,4,'2021-07-13','2021','07','Rj_do',1.0,0.0,0.0,0.0,1.0,35000.00,'1','2021-08-10 16:30:24'),
(262,566,'DOR2021070005',NULL,4,'2021-07-13','2021','07','Rj_do',15.0,0.0,0.0,0.0,15.0,4300.00,'1','2021-08-10 16:30:24'),
(263,570,'DOR2021070005',NULL,4,'2021-07-13','2021','07','Rj_do',1.0,0.0,0.0,0.0,1.0,165000.00,'1','2021-08-10 16:30:24'),
(264,576,'DOR2021070005',NULL,4,'2021-07-13','2021','07','Rj_do',2.0,0.0,0.0,0.0,2.0,20000.00,'1','2021-08-10 16:30:24'),
(265,1136,'DOR2021070005',NULL,4,'2021-07-13','2021','07','Rj_do',1.0,0.0,0.0,0.0,1.0,325000.00,'1','2021-08-10 16:30:25'),
(266,1137,'DOR2021070005',NULL,4,'2021-07-13','2021','07','Rj_do',12.0,0.0,0.0,0.0,12.0,5833.00,'1','2021-08-10 16:30:25'),
(267,1221,'DOR2021070005',NULL,4,'2021-07-13','2021','07','Rj_do',1.0,0.0,0.0,0.0,1.0,8000.00,'1','2021-08-10 16:30:25'),
(268,1227,'DOR2021070005',NULL,4,'2021-07-13','2021','07','Rj_do',2.0,0.0,0.0,0.0,2.0,110000.00,'1','2021-08-10 16:30:25'),
(269,7,'DOR2021070007',NULL,4,'2021-07-31','2021','07','Rj_do',1.0,0.0,0.0,3.0,4.0,23000.00,'1','2021-08-10 16:35:36'),
(270,22,'DOR2021070007',NULL,4,'2021-07-31','2021','07','Rj_do',1.0,0.0,0.0,1.0,2.0,65000.00,'1','2021-08-10 16:35:36'),
(271,23,'DOR2021070007',NULL,4,'2021-07-31','2021','07','Rj_do',2.0,0.0,2.0,42.0,44.0,183000.00,'1','2021-08-10 16:35:36'),
(272,37,'DOR2021070007',NULL,4,'2021-07-31','2021','07','Rj_do',8.0,0.0,0.0,10.0,18.0,2000.00,'1','2021-08-10 16:35:36'),
(273,73,'DOR2021070007',NULL,4,'2021-07-31','2021','07','Rj_do',12.0,0.0,0.0,0.0,12.0,5197.50,'1','2021-08-10 16:35:36'),
(274,75,'DOR2021070007',NULL,4,'2021-07-31','2021','07','Rj_do',30.0,0.0,30.0,880.0,910.0,4728.00,'1','2021-08-10 16:35:36'),
(275,97,'DOR2021070007',NULL,4,'2021-07-31','2021','07','Rj_do',2.0,0.0,0.0,2.0,4.0,12500.00,'1','2021-08-10 16:35:36'),
(276,1240,'IST2021080005',NULL,4,'2021-08-05','2021','08','In_Others',1.0,0.0,1.0,0.0,1.0,23307000.00,'1','2021-08-24 06:24:46'),
(277,1,'DO2021070008',NULL,4,'2021-07-13','2021','07','DO_Trans',0.0,2.0,0.0,10.0,8.0,235000.00,'1','2021-08-26 06:28:33'),
(278,7,'DO2021070008',NULL,4,'2021-07-13','2021','07','DO_Trans',0.0,2.0,0.0,4.0,2.0,23000.00,'1','2021-08-26 06:28:33'),
(279,9,'DO2021070008',NULL,4,'2021-07-13','2021','07','DO_Trans',0.0,12.0,0.0,12.0,0.0,15000.00,'1','2021-08-26 06:28:33'),
(280,22,'DO2021070008',NULL,4,'2021-07-13','2021','07','DO_Trans',0.0,1.0,0.0,2.0,1.0,65000.00,'1','2021-08-26 06:28:33'),
(281,23,'DO2021070008',NULL,4,'2021-07-13','2021','07','DO_Trans',0.0,6.0,0.0,44.0,38.0,183000.00,'1','2021-08-26 06:28:33'),
(282,25,'DO2021070008',NULL,4,'2021-07-13','2021','07','DO_Trans',0.0,2.0,0.0,2.0,0.0,51667.00,'1','2021-08-26 06:28:33'),
(283,31,'DO2021070008',NULL,4,'2021-07-13','2021','07','DO_Trans',0.0,1.0,0.0,1.0,0.0,8000.00,'1','2021-08-26 06:28:33'),
(284,33,'DO2021070008',NULL,4,'2021-07-13','2021','07','DO_Trans',0.0,1.0,0.0,9.0,8.0,15000.00,'1','2021-08-26 06:28:33'),
(285,34,'DO2021070008',NULL,4,'2021-07-13','2021','07','DO_Trans',0.0,3.0,0.0,3.0,0.0,33000.00,'1','2021-08-26 06:28:33'),
(286,36,'DO2021070008',NULL,4,'2021-07-13','2021','07','DO_Trans',0.0,10.0,0.0,10.0,0.0,3000.00,'1','2021-08-26 06:28:33'),
(287,37,'DO2021070008',NULL,4,'2021-07-13','2021','07','DO_Trans',0.0,10.0,0.0,18.0,8.0,2000.00,'1','2021-08-26 06:28:33'),
(288,39,'DO2021070008',NULL,4,'2021-07-13','2021','07','DO_Trans',0.0,150.0,0.0,1150.0,1000.0,1300.00,'1','2021-08-26 06:28:33'),
(289,40,'DO2021070008',NULL,4,'2021-07-13','2021','07','DO_Trans',0.0,100.0,0.0,100.0,0.0,10700.00,'1','2021-08-26 06:28:33'),
(290,41,'DO2021070008',NULL,4,'2021-07-13','2021','07','DO_Trans',0.0,200.0,0.0,200.0,0.0,2600.00,'1','2021-08-26 06:28:33'),
(291,42,'DO2021070008',NULL,4,'2021-07-13','2021','07','DO_Trans',0.0,400.0,0.0,2900.0,2500.0,3600.00,'1','2021-08-26 06:28:33'),
(292,43,'DO2021070008',NULL,4,'2021-07-13','2021','07','DO_Trans',0.0,10.0,0.0,10.0,0.0,8000.00,'1','2021-08-26 06:28:33'),
(293,47,'DO2021070008',NULL,4,'2021-07-13','2021','07','DO_Trans',0.0,12.0,0.0,12.0,0.0,2375.00,'1','2021-08-26 06:28:33'),
(294,48,'DO2021070008',NULL,4,'2021-07-13','2021','07','DO_Trans',0.0,5.0,0.0,5.0,0.0,937.50,'1','2021-08-26 06:28:33'),
(295,49,'DO2021070008',NULL,4,'2021-07-13','2021','07','DO_Trans',0.0,2.0,0.0,2.0,0.0,32000.00,'1','2021-08-26 06:28:33'),
(296,50,'DO2021070008',NULL,4,'2021-07-13','2021','07','DO_Trans',0.0,8.0,0.0,8.0,0.0,13200.00,'1','2021-08-26 06:28:33'),
(297,51,'DO2021070008',NULL,4,'2021-07-13','2021','07','DO_Trans',0.0,2.0,0.0,2.0,0.0,73000.00,'1','2021-08-26 06:28:33'),
(298,56,'DO2021070008',NULL,4,'2021-07-13','2021','07','DO_Trans',0.0,20.0,0.0,20.0,0.0,5000.00,'1','2021-08-26 06:28:33'),
(299,59,'DO2021070008',NULL,4,'2021-07-13','2021','07','DO_Trans',0.0,1.0,0.0,1.0,0.0,25000.00,'1','2021-08-26 06:28:34'),
(300,67,'DO2021070008',NULL,4,'2021-07-13','2021','07','DO_Trans',0.0,3.0,0.0,3.0,0.0,4615.00,'1','2021-08-26 06:28:34'),
(301,68,'DO2021070008',NULL,4,'2021-07-13','2021','07','DO_Trans',0.0,3.0,0.0,3.0,0.0,5000.00,'1','2021-08-26 06:28:34'),
(302,74,'DO2021070008',NULL,4,'2021-07-13','2021','07','DO_Trans',0.0,30.0,0.0,680.0,650.0,4000.00,'1','2021-08-26 06:28:34'),
(303,77,'DO2021070008',NULL,4,'2021-07-13','2021','07','DO_Trans',0.0,10.0,0.0,10.0,0.0,8000.00,'1','2021-08-26 06:28:34'),
(304,79,'DO2021070008',NULL,4,'2021-07-13','2021','07','DO_Trans',0.0,10.0,0.0,10.0,0.0,15000.00,'1','2021-08-26 06:28:34'),
(305,80,'DO2021070008',NULL,4,'2021-07-13','2021','07','DO_Trans',0.0,10.0,0.0,10.0,0.0,14858.00,'1','2021-08-26 06:28:34'),
(306,83,'DO2021070008',NULL,4,'2021-07-13','2021','07','DO_Trans',0.0,3.0,0.0,3.0,0.0,12000.00,'1','2021-08-26 06:28:34'),
(307,84,'DO2021070008',NULL,4,'2021-07-13','2021','07','DO_Trans',0.0,10.0,0.0,10.0,0.0,3800.00,'1','2021-08-26 06:28:34'),
(308,89,'DO2021070008',NULL,4,'2021-07-13','2021','07','DO_Trans',0.0,5.0,0.0,5.0,0.0,7083.33,'1','2021-08-26 06:28:34'),
(309,92,'DO2021070008',NULL,4,'2021-07-13','2021','07','DO_Trans',0.0,5.0,0.0,5.0,0.0,4833.34,'1','2021-08-26 06:28:34'),
(310,93,'DO2021070008',NULL,4,'2021-07-13','2021','07','DO_Trans',0.0,5.0,0.0,5.0,0.0,2250.00,'1','2021-08-26 06:28:34'),
(311,94,'DO2021070008',NULL,4,'2021-07-13','2021','07','DO_Trans',0.0,2.0,0.0,2.0,0.0,4800.00,'1','2021-08-26 06:28:34'),
(312,95,'DO2021070008',NULL,4,'2021-07-13','2021','07','DO_Trans',0.0,2.0,0.0,2.0,0.0,11833.00,'1','2021-08-26 06:28:34'),
(313,97,'DO2021070008',NULL,4,'2021-07-13','2021','07','DO_Trans',0.0,2.0,0.0,4.0,2.0,12500.00,'1','2021-08-26 06:28:34'),
(314,101,'DO2021070008',NULL,4,'2021-07-13','2021','07','DO_Trans',0.0,2.0,0.0,2.0,0.0,5500.00,'1','2021-08-26 06:28:34'),
(315,105,'DO2021070008',NULL,4,'2021-07-13','2021','07','DO_Trans',0.0,1.0,0.0,1.0,0.0,30000.00,'1','2021-08-26 06:28:34'),
(316,106,'DO2021070008',NULL,4,'2021-07-13','2021','07','DO_Trans',0.0,1.0,0.0,1.0,0.0,30000.00,'1','2021-08-26 06:28:34'),
(317,110,'DO2021070008',NULL,4,'2021-07-13','2021','07','DO_Trans',0.0,1.0,0.0,1.0,0.0,22450.00,'1','2021-08-26 06:28:34'),
(318,125,'DO2021070008',NULL,4,'2021-07-13','2021','07','DO_Trans',0.0,1.0,0.0,1.0,0.0,140000.00,'1','2021-08-26 06:28:34'),
(319,135,'DO2021070008',NULL,4,'2021-07-13','2021','07','DO_Trans',0.0,12.0,0.0,12.0,0.0,4166.00,'1','2021-08-26 06:28:34'),
(320,187,'DO2021070008',NULL,4,'2021-07-13','2021','07','DO_Trans',0.0,3.0,0.0,3.0,0.0,25000.00,'1','2021-08-26 06:28:34'),
(321,188,'DO2021070008',NULL,4,'2021-07-13','2021','07','DO_Trans',0.0,3.0,0.0,18.0,15.0,550000.00,'1','2021-08-26 06:28:34'),
(322,222,'DO2021070008',NULL,4,'2021-07-13','2021','07','DO_Trans',0.0,5.0,0.0,7.0,2.0,7000.00,'1','2021-08-26 06:28:34'),
(323,390,'DO2021070008',NULL,4,'2021-07-13','2021','07','DO_Trans',0.0,1.0,0.0,1.0,0.0,35000.00,'1','2021-08-26 06:28:34'),
(324,566,'DO2021070008',NULL,4,'2021-07-13','2021','07','DO_Trans',0.0,15.0,0.0,15.0,0.0,4300.00,'1','2021-08-26 06:28:34'),
(325,570,'DO2021070008',NULL,4,'2021-07-13','2021','07','DO_Trans',0.0,1.0,0.0,1.0,0.0,165000.00,'1','2021-08-26 06:28:34'),
(326,576,'DO2021070008',NULL,4,'2021-07-13','2021','07','DO_Trans',0.0,2.0,0.0,2.0,0.0,20000.00,'1','2021-08-26 06:28:34'),
(327,1136,'DO2021070008',NULL,4,'2021-07-13','2021','07','DO_Trans',0.0,1.0,0.0,1.0,0.0,325000.00,'1','2021-08-26 06:28:34'),
(328,1137,'DO2021070008',NULL,4,'2021-07-13','2021','07','DO_Trans',0.0,12.0,0.0,12.0,0.0,5833.00,'1','2021-08-26 06:28:34'),
(329,1221,'DO2021070008',NULL,4,'2021-07-13','2021','07','DO_Trans',0.0,1.0,0.0,1.0,0.0,8000.00,'1','2021-08-26 06:28:34'),
(330,1227,'DO2021070008',NULL,4,'2021-07-13','2021','07','DO_Trans',0.0,2.0,0.0,2.0,0.0,110000.00,'1','2021-08-26 06:28:34'),
(331,7,'IST2021070013',NULL,4,'2021-07-13','2021','07','In_Adjustment',2.0,0.0,0.0,2.0,4.0,23000.00,'1','2021-08-26 06:48:16'),
(332,9,'IST2021070013',NULL,4,'2021-07-13','2021','07','In_Adjustment',12.0,0.0,0.0,0.0,12.0,15000.00,'1','2021-08-26 06:48:16'),
(333,222,'IST2021070013',NULL,4,'2021-07-13','2021','07','In_Adjustment',3.0,0.0,0.0,2.0,5.0,7000.00,'1','2021-08-26 06:48:16'),
(334,101,'IST2021070013',NULL,4,'2021-07-13','2021','07','In_Adjustment',2.0,0.0,0.0,0.0,2.0,5500.00,'1','2021-08-26 06:48:16'),
(335,95,'IST2021070013',NULL,4,'2021-07-13','2021','07','In_Adjustment',2.0,0.0,0.0,0.0,2.0,11833.00,'1','2021-08-26 06:48:16'),
(336,97,'IST2021070013',NULL,4,'2021-07-13','2021','07','In_Adjustment',2.0,0.0,0.0,2.0,4.0,12500.00,'1','2021-08-26 06:48:16'),
(337,106,'IST2021070013',NULL,4,'2021-07-13','2021','07','In_Adjustment',1.0,0.0,0.0,0.0,1.0,30000.00,'1','2021-08-26 06:48:16'),
(338,125,'IST2021070013',NULL,4,'2021-07-13','2021','07','In_Adjustment',1.0,0.0,0.0,0.0,1.0,140000.00,'1','2021-08-26 06:48:16'),
(339,190,'IST2021070013',NULL,4,'2021-07-13','2021','07','In_Adjustment',2.0,0.0,0.0,0.0,2.0,2500.00,'1','2021-08-26 06:48:16'),
(340,83,'IST2021070013',NULL,4,'2021-07-13','2021','07','In_Adjustment',4.0,0.0,0.0,0.0,4.0,12000.00,'1','2021-08-26 06:48:16'),
(341,105,'IST2021070013',NULL,4,'2021-07-13','2021','07','In_Adjustment',1.0,0.0,0.0,0.0,1.0,30000.00,'1','2021-08-26 06:48:16'),
(342,576,'IST2021070013',NULL,4,'2021-07-13','2021','07','In_Adjustment',3.0,0.0,0.0,0.0,3.0,20000.00,'1','2021-08-26 06:48:16'),
(343,1224,'IST2021070013',NULL,4,'2021-07-13','2021','07','In_Adjustment',1.0,0.0,0.0,0.0,1.0,49000.00,'1','2021-08-26 06:48:16'),
(344,1136,'IST2021070013',NULL,4,'2021-07-13','2021','07','In_Adjustment',1.0,0.0,0.0,0.0,1.0,325000.00,'1','2021-08-26 06:48:16'),
(345,51,'IST2021070013',NULL,4,'2021-07-13','2021','07','In_Adjustment',1.0,0.0,0.0,0.0,1.0,73000.00,'1','2021-08-26 06:48:16'),
(346,412,'IST2021070013',NULL,4,'2021-07-13','2021','07','In_Adjustment',2.0,0.0,0.0,0.0,2.0,95000.00,'1','2021-08-26 06:48:16'),
(347,31,'IST2021070013',NULL,4,'2021-07-13','2021','07','In_Adjustment',1.0,0.0,0.0,0.0,1.0,8000.00,'1','2021-08-26 06:48:16'),
(348,1137,'IST2021070013',NULL,4,'2021-07-13','2021','07','In_Adjustment',12.0,0.0,0.0,0.0,12.0,5833.00,'1','2021-08-26 06:48:16'),
(349,16,'IST2021070013',NULL,4,'2021-07-13','2021','07','In_Adjustment',6.0,0.0,0.0,0.0,6.0,0.00,'1','2021-08-26 06:48:16'),
(350,135,'IST2021070013',NULL,4,'2021-07-13','2021','07','In_Adjustment',6.0,0.0,0.0,0.0,6.0,4166.00,'1','2021-08-26 06:48:16'),
(351,23,'IST2021070013',NULL,4,'2021-07-13','2021','07','In_Adjustment',6.0,0.0,6.0,38.0,44.0,183000.00,'1','2021-08-26 06:48:16'),
(352,22,'IST2021070013',NULL,4,'2021-07-13','2021','07','In_Adjustment',1.0,0.0,0.0,1.0,2.0,65000.00,'1','2021-08-26 06:48:16'),
(353,25,'IST2021070013',NULL,4,'2021-07-13','2021','07','In_Adjustment',1.0,0.0,0.0,0.0,1.0,51667.00,'1','2021-08-26 06:48:16'),
(354,36,'IST2021070013',NULL,4,'2021-07-13','2021','07','In_Adjustment',6.0,0.0,0.0,0.0,6.0,3000.00,'1','2021-08-26 06:48:16'),
(355,37,'IST2021070013',NULL,4,'2021-07-13','2021','07','In_Adjustment',10.0,0.0,0.0,8.0,18.0,2000.00,'1','2021-08-26 06:48:16'),
(356,34,'IST2021070013',NULL,4,'2021-07-13','2021','07','In_Adjustment',4.0,0.0,0.0,0.0,4.0,33000.00,'1','2021-08-26 06:48:16'),
(357,11,'IST2021070013',NULL,4,'2021-07-13','2021','07','In_Adjustment',1.0,0.0,0.0,0.0,1.0,10000.00,'1','2021-08-26 06:48:16'),
(358,33,'IST2021070013',NULL,4,'2021-07-13','2021','07','In_Adjustment',1.0,0.0,1.0,8.0,9.0,15000.00,'1','2021-08-26 06:48:16'),
(359,42,'IST2021070013',NULL,4,'2021-07-13','2021','07','In_Adjustment',400.0,0.0,400.0,2500.0,2900.0,3600.00,'1','2021-08-26 06:48:16'),
(360,41,'IST2021070013',NULL,4,'2021-07-13','2021','07','In_Adjustment',50.0,0.0,0.0,0.0,50.0,2600.00,'1','2021-08-26 06:48:16'),
(361,58,'IST2021070013',NULL,4,'2021-07-13','2021','07','In_Adjustment',2.0,0.0,0.0,0.0,2.0,85000.00,'1','2021-08-26 06:48:16'),
(362,62,'IST2021070013',NULL,4,'2021-07-13','2021','07','In_Adjustment',6.0,0.0,0.0,0.0,6.0,10000.00,'1','2021-08-26 06:48:16'),
(363,66,'IST2021070013',NULL,4,'2021-07-13','2021','07','In_Adjustment',12.0,0.0,0.0,0.0,12.0,10816.67,'1','2021-08-26 06:48:16'),
(364,94,'IST2021070013',NULL,4,'2021-07-13','2021','07','In_Adjustment',20.0,0.0,0.0,0.0,20.0,4800.00,'1','2021-08-26 06:48:16'),
(365,89,'IST2021070013',NULL,4,'2021-07-13','2021','07','In_Adjustment',2.0,0.0,0.0,0.0,2.0,7083.33,'1','2021-08-26 06:48:16'),
(366,39,'IST2021070013',NULL,4,'2021-07-13','2021','07','In_Adjustment',100.0,0.0,0.0,1000.0,1100.0,1300.00,'1','2021-08-26 06:48:16'),
(367,390,'IST2021070013',NULL,4,'2021-07-13','2021','07','In_Adjustment',2.0,0.0,0.0,0.0,2.0,35000.00,'1','2021-08-26 06:48:16'),
(368,566,'IST2021070013',NULL,4,'2021-07-13','2021','07','In_Adjustment',10.0,0.0,0.0,0.0,10.0,4300.00,'1','2021-08-26 06:48:16'),
(369,47,'IST2021070013',NULL,4,'2021-07-13','2021','07','In_Adjustment',12.0,0.0,0.0,0.0,12.0,2375.00,'1','2021-08-26 06:48:16'),
(370,187,'IST2021070013',NULL,4,'2021-07-13','2021','07','In_Adjustment',4.0,0.0,0.0,0.0,4.0,25000.00,'1','2021-08-26 06:48:16'),
(371,188,'IST2021070013',NULL,4,'2021-07-13','2021','07','In_Adjustment',3.0,0.0,3.0,15.0,18.0,550000.00,'1','2021-08-26 06:48:16'),
(372,441,'IST2021070013',NULL,4,'2021-07-13','2021','07','In_Adjustment',0.5,0.0,0.0,0.0,0.5,18750.00,'1','2021-08-26 06:48:16'),
(373,7,'DO2021070009',NULL,4,'2021-07-13','2021','07','DO_Trans',0.0,2.0,0.0,4.0,2.0,23000.00,'1','2021-08-26 06:49:17'),
(374,9,'DO2021070009',NULL,4,'2021-07-13','2021','07','DO_Trans',0.0,12.0,0.0,12.0,0.0,15000.00,'1','2021-08-26 06:49:17'),
(375,11,'DO2021070009',NULL,4,'2021-07-13','2021','07','DO_Trans',0.0,1.0,0.0,1.0,0.0,10000.00,'1','2021-08-26 06:49:17'),
(376,16,'DO2021070009',NULL,4,'2021-07-13','2021','07','DO_Trans',0.0,6.0,0.0,6.0,0.0,0.00,'1','2021-08-26 06:49:17'),
(377,22,'DO2021070009',NULL,4,'2021-07-13','2021','07','DO_Trans',0.0,1.0,0.0,2.0,1.0,65000.00,'1','2021-08-26 06:49:17'),
(378,23,'DO2021070009',NULL,4,'2021-07-13','2021','07','DO_Trans',0.0,6.0,0.0,44.0,38.0,183000.00,'1','2021-08-26 06:49:17'),
(379,25,'DO2021070009',NULL,4,'2021-07-13','2021','07','DO_Trans',0.0,1.0,0.0,1.0,0.0,51667.00,'1','2021-08-26 06:49:17'),
(380,31,'DO2021070009',NULL,4,'2021-07-13','2021','07','DO_Trans',0.0,1.0,0.0,1.0,0.0,8000.00,'1','2021-08-26 06:49:17'),
(381,33,'DO2021070009',NULL,4,'2021-07-13','2021','07','DO_Trans',0.0,1.0,0.0,9.0,8.0,15000.00,'1','2021-08-26 06:49:17'),
(382,34,'DO2021070009',NULL,4,'2021-07-13','2021','07','DO_Trans',0.0,4.0,0.0,4.0,0.0,33000.00,'1','2021-08-26 06:49:17'),
(383,36,'DO2021070009',NULL,4,'2021-07-13','2021','07','DO_Trans',0.0,6.0,0.0,6.0,0.0,3000.00,'1','2021-08-26 06:49:17'),
(384,37,'DO2021070009',NULL,4,'2021-07-13','2021','07','DO_Trans',0.0,10.0,0.0,18.0,8.0,2000.00,'1','2021-08-26 06:49:17'),
(385,39,'DO2021070009',NULL,4,'2021-07-13','2021','07','DO_Trans',0.0,100.0,0.0,1100.0,1000.0,1300.00,'1','2021-08-26 06:49:17'),
(386,41,'DO2021070009',NULL,4,'2021-07-13','2021','07','DO_Trans',0.0,50.0,0.0,50.0,0.0,2600.00,'1','2021-08-26 06:49:17'),
(387,42,'DO2021070009',NULL,4,'2021-07-13','2021','07','DO_Trans',0.0,400.0,0.0,2900.0,2500.0,3600.00,'1','2021-08-26 06:49:17'),
(388,47,'DO2021070009',NULL,4,'2021-07-13','2021','07','DO_Trans',0.0,12.0,0.0,12.0,0.0,2375.00,'1','2021-08-26 06:49:17'),
(389,51,'DO2021070009',NULL,4,'2021-07-13','2021','07','DO_Trans',0.0,1.0,0.0,1.0,0.0,73000.00,'1','2021-08-26 06:49:17'),
(390,58,'DO2021070009',NULL,4,'2021-07-13','2021','07','DO_Trans',0.0,2.0,0.0,2.0,0.0,85000.00,'1','2021-08-26 06:49:17'),
(391,62,'DO2021070009',NULL,4,'2021-07-13','2021','07','DO_Trans',0.0,6.0,0.0,6.0,0.0,10000.00,'1','2021-08-26 06:49:17'),
(392,66,'DO2021070009',NULL,4,'2021-07-13','2021','07','DO_Trans',0.0,12.0,0.0,12.0,0.0,10816.67,'1','2021-08-26 06:49:17'),
(393,83,'DO2021070009',NULL,4,'2021-07-13','2021','07','DO_Trans',0.0,4.0,0.0,4.0,0.0,12000.00,'1','2021-08-26 06:49:17'),
(394,89,'DO2021070009',NULL,4,'2021-07-13','2021','07','DO_Trans',0.0,2.0,0.0,2.0,0.0,7083.33,'1','2021-08-26 06:49:17'),
(395,94,'DO2021070009',NULL,4,'2021-07-13','2021','07','DO_Trans',0.0,20.0,0.0,20.0,0.0,4800.00,'1','2021-08-26 06:49:17'),
(396,95,'DO2021070009',NULL,4,'2021-07-13','2021','07','DO_Trans',0.0,2.0,0.0,2.0,0.0,11833.00,'1','2021-08-26 06:49:17'),
(397,97,'DO2021070009',NULL,4,'2021-07-13','2021','07','DO_Trans',0.0,2.0,0.0,4.0,2.0,12500.00,'1','2021-08-26 06:49:17'),
(398,101,'DO2021070009',NULL,4,'2021-07-13','2021','07','DO_Trans',0.0,2.0,0.0,2.0,0.0,5500.00,'1','2021-08-26 06:49:17'),
(399,105,'DO2021070009',NULL,4,'2021-07-13','2021','07','DO_Trans',0.0,1.0,0.0,1.0,0.0,30000.00,'1','2021-08-26 06:49:17'),
(400,106,'DO2021070009',NULL,4,'2021-07-13','2021','07','DO_Trans',0.0,1.0,0.0,1.0,0.0,30000.00,'1','2021-08-26 06:49:17'),
(401,125,'DO2021070009',NULL,4,'2021-07-13','2021','07','DO_Trans',0.0,1.0,0.0,1.0,0.0,140000.00,'1','2021-08-26 06:49:17'),
(402,135,'DO2021070009',NULL,4,'2021-07-13','2021','07','DO_Trans',0.0,6.0,0.0,6.0,0.0,4166.00,'1','2021-08-26 06:49:17'),
(403,187,'DO2021070009',NULL,4,'2021-07-13','2021','07','DO_Trans',0.0,4.0,0.0,4.0,0.0,25000.00,'1','2021-08-26 06:49:17'),
(404,188,'DO2021070009',NULL,4,'2021-07-13','2021','07','DO_Trans',0.0,3.0,0.0,18.0,15.0,550000.00,'1','2021-08-26 06:49:17'),
(405,190,'DO2021070009',NULL,4,'2021-07-13','2021','07','DO_Trans',0.0,2.0,0.0,2.0,0.0,2500.00,'1','2021-08-26 06:49:17'),
(406,222,'DO2021070009',NULL,4,'2021-07-13','2021','07','DO_Trans',0.0,3.0,0.0,5.0,2.0,7000.00,'1','2021-08-26 06:49:17'),
(407,390,'DO2021070009',NULL,4,'2021-07-13','2021','07','DO_Trans',0.0,2.0,0.0,2.0,0.0,35000.00,'1','2021-08-26 06:49:17'),
(408,412,'DO2021070009',NULL,4,'2021-07-13','2021','07','DO_Trans',0.0,2.0,0.0,2.0,0.0,95000.00,'1','2021-08-26 06:49:17'),
(409,441,'DO2021070009',NULL,4,'2021-07-13','2021','07','DO_Trans',0.0,0.5,0.0,0.5,0.0,18750.00,'1','2021-08-26 06:49:17'),
(410,566,'DO2021070009',NULL,4,'2021-07-13','2021','07','DO_Trans',0.0,10.0,0.0,10.0,0.0,4300.00,'1','2021-08-26 06:49:17'),
(411,576,'DO2021070009',NULL,4,'2021-07-13','2021','07','DO_Trans',0.0,3.0,0.0,3.0,0.0,20000.00,'1','2021-08-26 06:49:17'),
(412,1136,'DO2021070009',NULL,4,'2021-07-13','2021','07','DO_Trans',0.0,1.0,0.0,1.0,0.0,325000.00,'1','2021-08-26 06:49:17'),
(413,1137,'DO2021070009',NULL,4,'2021-07-13','2021','07','DO_Trans',0.0,12.0,0.0,12.0,0.0,5833.00,'1','2021-08-26 06:49:17'),
(414,1224,'DO2021070009',NULL,4,'2021-07-13','2021','07','DO_Trans',0.0,1.0,0.0,1.0,0.0,49000.00,'1','2021-08-26 06:49:17'),
(415,704,'IST2021070014',NULL,4,'2021-07-31','2021','07','In_Adjustment',1.0,0.0,0.0,0.0,1.0,62500.00,'1','2021-08-26 07:45:36'),
(416,1181,'IST2021070014',NULL,4,'2021-07-31','2021','07','In_Adjustment',1.0,0.0,0.0,0.0,1.0,27500.00,'1','2021-08-26 07:45:36'),
(417,717,'IST2021070014',NULL,4,'2021-07-31','2021','07','In_Adjustment',2.0,0.0,0.0,0.0,2.0,67858.00,'1','2021-08-26 07:45:36'),
(418,705,'IST2021070014',NULL,4,'2021-07-31','2021','07','In_Adjustment',1.0,0.0,0.0,0.0,1.0,80000.00,'1','2021-08-26 07:45:36'),
(419,84,'IST2021070014',NULL,4,'2021-07-31','2021','07','In_Adjustment',3.0,0.0,0.0,0.0,3.0,3800.00,'1','2021-08-26 07:45:36'),
(420,1235,'IST2021070014',NULL,4,'2021-07-31','2021','07','In_Adjustment',1.0,0.0,0.0,0.0,1.0,62500.00,'1','2021-08-26 07:45:36'),
(421,1236,'IST2021070014',NULL,4,'2021-07-31','2021','07','In_Adjustment',1.0,0.0,0.0,0.0,1.0,42500.00,'1','2021-08-26 07:45:36'),
(422,1238,'IST2021070014',NULL,4,'2021-07-31','2021','07','In_Adjustment',1.0,0.0,0.0,0.0,1.0,250000.00,'1','2021-08-26 07:45:36'),
(423,774,'IST2021070014',NULL,4,'2021-07-31','2021','07','In_Adjustment',2.0,0.0,0.0,0.0,2.0,2040.00,'1','2021-08-26 07:45:36'),
(424,205,'IST2021070014',NULL,4,'2021-07-31','2021','07','In_Adjustment',2.0,0.0,0.0,0.0,2.0,284.00,'1','2021-08-26 07:45:36'),
(425,84,'DO2021070010',NULL,4,'2021-07-31','2021','07','DO_Trans',0.0,3.0,0.0,3.0,0.0,3800.00,'1','2021-08-26 07:46:24'),
(426,205,'DO2021070010',NULL,4,'2021-07-31','2021','07','DO_Trans',0.0,2.0,0.0,2.0,0.0,284.00,'1','2021-08-26 07:46:24'),
(427,704,'DO2021070010',NULL,4,'2021-07-31','2021','07','DO_Trans',0.0,1.0,0.0,1.0,0.0,62500.00,'1','2021-08-26 07:46:24'),
(428,705,'DO2021070010',NULL,4,'2021-07-31','2021','07','DO_Trans',0.0,1.0,0.0,1.0,0.0,80000.00,'1','2021-08-26 07:46:24'),
(429,717,'DO2021070010',NULL,4,'2021-07-31','2021','07','DO_Trans',0.0,2.0,0.0,2.0,0.0,67858.00,'1','2021-08-26 07:46:24'),
(430,774,'DO2021070010',NULL,4,'2021-07-31','2021','07','DO_Trans',0.0,2.0,0.0,2.0,0.0,2040.00,'1','2021-08-26 07:46:24'),
(431,1181,'DO2021070010',NULL,4,'2021-07-31','2021','07','DO_Trans',0.0,1.0,0.0,1.0,0.0,27500.00,'1','2021-08-26 07:46:24'),
(432,1235,'DO2021070010',NULL,4,'2021-07-31','2021','07','DO_Trans',0.0,1.0,0.0,1.0,0.0,62500.00,'1','2021-08-26 07:46:24'),
(433,1236,'DO2021070010',NULL,4,'2021-07-31','2021','07','DO_Trans',0.0,1.0,0.0,1.0,0.0,42500.00,'1','2021-08-26 07:46:24'),
(434,1238,'DO2021070010',NULL,4,'2021-07-31','2021','07','DO_Trans',0.0,1.0,0.0,1.0,0.0,250000.00,'1','2021-08-26 07:46:24'),
(435,1,'IST2021070015',NULL,4,'2021-07-31','2021','07','In_Adjustment',1.0,0.0,1.0,8.0,9.0,235000.00,'1','2021-08-26 07:50:55'),
(436,62,'IST2021070015',NULL,4,'2021-07-31','2021','07','In_Adjustment',12.0,0.0,0.0,0.0,12.0,10000.00,'1','2021-08-26 07:50:55'),
(437,42,'IST2021070015',NULL,4,'2021-07-31','2021','07','In_Adjustment',100.0,0.0,100.0,2500.0,2600.0,3600.00,'1','2021-08-26 07:50:55'),
(438,78,'IST2021070015',NULL,4,'2021-07-31','2021','07','In_Adjustment',5.0,0.0,0.0,0.0,5.0,10400.00,'1','2021-08-26 07:50:55'),
(439,51,'IST2021070015',NULL,4,'2021-07-31','2021','07','In_Adjustment',1.0,0.0,0.0,0.0,1.0,73000.00,'1','2021-08-26 07:50:55'),
(440,94,'IST2021070015',NULL,4,'2021-07-31','2021','07','In_Adjustment',15.0,0.0,0.0,0.0,15.0,4800.00,'1','2021-08-26 07:50:55'),
(441,1,'DO2021070011',NULL,4,'2021-07-31','2021','07','DO_Trans',0.0,1.0,0.0,9.0,8.0,235000.00,'1','2021-08-26 07:51:24'),
(442,42,'DO2021070011',NULL,4,'2021-07-31','2021','07','DO_Trans',0.0,100.0,0.0,2600.0,2500.0,3600.00,'1','2021-08-26 07:51:24'),
(443,51,'DO2021070011',NULL,4,'2021-07-31','2021','07','DO_Trans',0.0,1.0,0.0,1.0,0.0,73000.00,'1','2021-08-26 07:51:24'),
(444,62,'DO2021070011',NULL,4,'2021-07-31','2021','07','DO_Trans',0.0,12.0,0.0,12.0,0.0,10000.00,'1','2021-08-26 07:51:24'),
(445,78,'DO2021070011',NULL,4,'2021-07-31','2021','07','DO_Trans',0.0,5.0,0.0,5.0,0.0,10400.00,'1','2021-08-26 07:51:24'),
(446,94,'DO2021070011',NULL,4,'2021-07-31','2021','07','DO_Trans',0.0,15.0,0.0,15.0,0.0,4800.00,'1','2021-08-26 07:51:24'),
(447,39,'IST2021080006',NULL,4,'2021-08-09','2021','08','In_Adjustment',200.0,0.0,0.0,1000.0,1200.0,1300.00,'1','2021-08-26 07:59:13'),
(448,39,'DO2021080004',NULL,4,'2021-08-09','2021','08','DO_Trans',0.0,200.0,0.0,1200.0,1000.0,1300.00,'1','2021-08-26 08:00:08'),
(449,42,'IST2021060014',NULL,4,'2021-06-17','2021','06','In_Adjustment',200.0,0.0,200.0,2500.0,2700.0,3600.00,'1','2021-08-26 08:03:15'),
(450,39,'IST2021060014',NULL,4,'2021-06-17','2021','06','In_Adjustment',100.0,0.0,0.0,1000.0,1100.0,1300.00,'1','2021-08-26 08:03:15'),
(451,39,'DO2021060008',NULL,4,'2021-06-17','2021','06','DO_Trans',0.0,100.0,0.0,1100.0,1000.0,1300.00,'1','2021-08-26 08:04:21'),
(452,42,'DO2021060008',NULL,4,'2021-06-17','2021','06','DO_Trans',0.0,200.0,0.0,2700.0,2500.0,3600.00,'1','2021-08-26 08:04:21'),
(453,100,'IST2021070016',NULL,4,'2021-07-15','2021','07','In_Adjustment',1.0,0.0,0.0,0.0,1.0,45000.00,'1','2021-08-26 08:06:09'),
(454,100,'DO2021070012',NULL,4,'2021-07-15','2021','07','DO_Trans',0.0,1.0,0.0,1.0,0.0,45000.00,'1','2021-08-26 08:07:29'),
(455,7,'DO2021070013',NULL,4,'2021-07-31','2021','07','DO_Trans',0.0,1.0,0.0,2.0,1.0,23000.00,'1','2021-08-27 03:42:49'),
(456,22,'DO2021070013',NULL,4,'2021-07-31','2021','07','DO_Trans',0.0,1.0,0.0,1.0,0.0,65000.00,'1','2021-08-27 03:42:49'),
(457,23,'DO2021070013',NULL,4,'2021-07-31','2021','07','DO_Trans',0.0,2.0,0.0,38.0,36.0,183000.00,'1','2021-08-27 03:42:49'),
(458,37,'DO2021070013',NULL,4,'2021-07-31','2021','07','DO_Trans',0.0,8.0,0.0,8.0,0.0,2000.00,'1','2021-08-27 03:42:49'),
(459,73,'DO2021070013',NULL,4,'2021-07-31','2021','07','DO_Trans',0.0,12.0,0.0,12.0,0.0,5197.50,'1','2021-08-27 03:42:49'),
(460,75,'DO2021070013',NULL,4,'2021-07-31','2021','07','DO_Trans',0.0,30.0,0.0,910.0,880.0,4728.00,'1','2021-08-27 03:42:49'),
(461,97,'DO2021070013',NULL,4,'2021-07-31','2021','07','DO_Trans',0.0,2.0,0.0,2.0,0.0,12500.00,'1','2021-08-27 03:42:49'),
(462,188,'OSJ2021080001',NULL,4,'2021-08-18','2021','08','Out_Adj',0.0,1.0,0.0,15.0,14.0,550000.00,'1','2021-09-01 06:37:04'),
(463,179,'OSJ2021080001',NULL,4,'2021-08-18','2021','08','Out_Adj',0.0,120.0,0.0,200.0,80.0,21818.00,'1','2021-09-01 06:37:04'),
(464,75,'OSJ2021080001',NULL,4,'2021-08-18','2021','08','Out_Adj',0.0,60.0,0.0,880.0,820.0,4728.00,'1','2021-09-01 06:37:04'),
(465,39,'OSJ2021080001',NULL,4,'2021-08-18','2021','08','Out_Adj',0.0,453.0,0.0,1000.0,547.0,1300.00,'1','2021-09-01 06:37:04'),
(466,23,'OSJ2021080001',NULL,4,'2021-08-18','2021','08','Out_Adj',0.0,10.0,0.0,36.0,26.0,183000.00,'1','2021-09-01 06:37:04'),
(467,21,'OSJ2021080001',NULL,4,'2021-08-18','2021','08','Out_Adj',0.0,1.0,0.0,12.0,11.0,29167.00,'1','2021-09-01 06:37:04'),
(468,20,'OSJ2021080001',NULL,4,'2021-08-18','2021','08','Out_Adj',0.0,5.0,0.0,96.0,91.0,3333.00,'1','2021-09-01 06:37:04'),
(469,750,'IST2021080007',NULL,4,'2021-08-18','2021','08','In_Adjustment',8.0,0.0,8.0,16.0,24.0,138500.00,'1','2021-09-01 06:46:29'),
(470,222,'IST2021080007',NULL,4,'2021-08-18','2021','08','In_Adjustment',50.0,0.0,27.0,2.0,52.0,7000.00,'1','2021-09-01 06:46:29'),
(471,74,'IST2021080007',NULL,4,'2021-08-18','2021','08','In_Adjustment',13.0,0.0,13.0,650.0,663.0,4000.00,'1','2021-09-01 06:46:29'),
(472,42,'IST2021080007',NULL,4,'2021-08-18','2021','08','In_Adjustment',250.0,0.0,250.0,2500.0,2750.0,3600.00,'1','2021-09-01 06:46:29'),
(473,28,'IST2021080007',NULL,4,'2021-08-18','2021','08','In_Adjustment',6.0,0.0,6.0,12.0,18.0,3333.00,'1','2021-09-01 06:46:29'),
(474,18,'IST2021080007',NULL,4,'2021-08-18','2021','08','In_Adjustment',3.0,0.0,3.0,5.0,8.0,50000.00,'1','2021-09-01 06:46:29'),
(475,14,'IST2021080007',NULL,4,'2021-08-18','2021','08','In_Adjustment',1.0,0.0,1.0,5.0,6.0,165000.00,'1','2021-09-01 06:46:29'),
(476,7,'IST2021080007',NULL,4,'2021-08-18','2021','08','In_Adjustment',33.0,0.0,26.0,1.0,34.0,23000.00,'1','2021-09-01 06:46:29'),
(477,5,'IST2021080008',NULL,4,'2021-08-18','2021','08','In_Adjustment',5.0,0.0,3.0,0.0,5.0,40450.00,'1','2021-09-01 07:51:54'),
(478,8,'IST2021080008',NULL,4,'2021-08-18','2021','08','In_Adjustment',9.0,0.0,6.0,0.0,9.0,15000.00,'1','2021-09-01 07:51:54'),
(479,9,'IST2021080008',NULL,4,'2021-08-18','2021','08','In_Adjustment',62.0,0.0,62.0,0.0,62.0,15000.00,'1','2021-09-01 07:51:54'),
(480,10,'IST2021080008',NULL,4,'2021-08-18','2021','08','In_Adjustment',1.0,0.0,1.0,0.0,1.0,1300000.00,'1','2021-09-01 07:51:54'),
(481,11,'IST2021080008',NULL,4,'2021-08-18','2021','08','In_Adjustment',16.0,0.0,14.0,0.0,16.0,10000.00,'1','2021-09-01 07:51:54'),
(482,12,'IST2021080008',NULL,4,'2021-08-18','2021','08','In_Adjustment',2.0,0.0,1.0,0.0,2.0,63000.00,'1','2021-09-01 07:51:54'),
(483,13,'IST2021080008',NULL,4,'2021-08-18','2021','08','In_Adjustment',3.0,0.0,0.0,0.0,3.0,110000.00,'1','2021-09-01 07:51:54'),
(484,15,'IST2021080008',NULL,4,'2021-08-18','2021','08','In_Adjustment',6.0,0.0,6.0,0.0,6.0,38000.00,'1','2021-09-01 07:51:54'),
(485,16,'IST2021080008',NULL,4,'2021-08-18','2021','08','In_Adjustment',6.0,0.0,6.0,0.0,6.0,0.00,'1','2021-09-01 07:51:54'),
(486,19,'IST2021080008',NULL,4,'2021-08-18','2021','08','In_Adjustment',1.0,0.0,0.0,0.0,1.0,38300.00,'1','2021-09-01 07:51:54'),
(487,22,'IST2021080008',NULL,4,'2021-08-18','2021','08','In_Adjustment',3.0,0.0,0.0,0.0,3.0,65000.00,'1','2021-09-01 07:51:54'),
(488,24,'IST2021080008',NULL,4,'2021-08-18','2021','08','In_Adjustment',2.0,0.0,2.0,0.0,2.0,105000.00,'1','2021-09-01 07:51:54'),
(489,25,'IST2021080008',NULL,4,'2021-08-18','2021','08','In_Adjustment',8.0,0.0,5.0,0.0,8.0,51667.00,'1','2021-09-01 07:51:54'),
(490,27,'IST2021080008',NULL,4,'2021-08-18','2021','08','In_Adjustment',5.0,0.0,4.0,0.0,5.0,20000.00,'1','2021-09-01 07:51:54'),
(491,29,'IST2021080008',NULL,4,'2021-08-18','2021','08','In_Adjustment',10.0,0.0,9.0,0.0,10.0,33000.00,'1','2021-09-01 07:51:54'),
(492,30,'IST2021080008',NULL,4,'2021-08-18','2021','08','In_Adjustment',15.0,0.0,15.0,0.0,15.0,8400.00,'1','2021-09-01 07:51:54'),
(493,31,'IST2021080008',NULL,4,'2021-08-18','2021','08','In_Adjustment',12.0,0.0,7.0,0.0,12.0,8000.00,'1','2021-09-01 07:51:54'),
(494,32,'IST2021080008',NULL,4,'2021-08-18','2021','08','In_Adjustment',11.0,0.0,11.0,0.0,11.0,3750.00,'1','2021-09-01 07:51:54'),
(495,34,'IST2021080008',NULL,4,'2021-08-18','2021','08','In_Adjustment',14.0,0.0,0.0,0.0,14.0,33000.00,'1','2021-09-01 07:51:54'),
(496,35,'IST2021080008',NULL,4,'2021-08-18','2021','08','In_Adjustment',23.0,0.0,22.0,0.0,23.0,23000.00,'1','2021-09-01 07:51:54'),
(497,36,'IST2021080008',NULL,4,'2021-08-18','2021','08','In_Adjustment',55.0,0.0,5.0,0.0,55.0,3000.00,'1','2021-09-01 07:51:54'),
(498,37,'IST2021080008',NULL,4,'2021-08-18','2021','08','In_Adjustment',124.0,0.0,71.0,0.0,124.0,2000.00,'1','2021-09-01 07:51:54'),
(499,41,'IST2021080008',NULL,4,'2021-08-18','2021','08','In_Adjustment',1450.0,0.0,1050.0,0.0,1450.0,2600.00,'1','2021-09-01 07:51:54'),
(500,43,'IST2021080008',NULL,4,'2021-08-18','2021','08','In_Adjustment',96.0,0.0,66.0,0.0,96.0,8000.00,'1','2021-09-01 07:51:54'),
(501,47,'IST2021080008',NULL,4,'2021-08-18','2021','08','In_Adjustment',56.0,0.0,9.0,0.0,56.0,2375.00,'1','2021-09-01 07:51:54'),
(502,48,'IST2021080008',NULL,4,'2021-08-18','2021','08','In_Adjustment',29.0,0.0,20.0,0.0,29.0,937.50,'1','2021-09-01 07:51:54'),
(503,49,'IST2021080008',NULL,4,'2021-08-18','2021','08','In_Adjustment',7.0,0.0,0.0,0.0,7.0,32000.00,'1','2021-09-01 07:51:54'),
(504,50,'IST2021080008',NULL,4,'2021-08-18','2021','08','In_Adjustment',102.0,0.0,84.0,0.0,102.0,13200.00,'1','2021-09-01 07:51:54'),
(505,51,'IST2021080008',NULL,4,'2021-08-18','2021','08','In_Adjustment',4.0,0.0,1.0,0.0,4.0,73000.00,'1','2021-09-01 07:51:54'),
(506,52,'IST2021080008',NULL,4,'2021-08-18','2021','08','In_Adjustment',6.0,0.0,4.0,0.0,6.0,73000.00,'1','2021-09-01 07:51:54'),
(507,56,'IST2021080008',NULL,4,'2021-08-18','2021','08','In_Adjustment',88.0,0.0,33.0,0.0,88.0,5000.00,'1','2021-09-01 07:51:54'),
(508,57,'IST2021080008',NULL,4,'2021-08-18','2021','08','In_Adjustment',76.0,0.0,76.0,0.0,76.0,9000.00,'1','2021-09-01 07:51:54'),
(509,58,'IST2021080008',NULL,4,'2021-08-18','2021','08','In_Adjustment',3.0,0.0,0.0,0.0,3.0,85000.00,'1','2021-09-01 07:51:54'),
(510,59,'IST2021080008',NULL,4,'2021-08-18','2021','08','In_Adjustment',26.0,0.0,24.0,0.0,26.0,25000.00,'1','2021-09-01 07:51:54'),
(511,60,'IST2021080008',NULL,4,'2021-08-18','2021','08','In_Adjustment',63.0,0.0,63.0,0.0,63.0,342000.00,'1','2021-09-01 07:51:54'),
(512,64,'IST2021080008',NULL,4,'2021-08-18','2021','08','In_Adjustment',30.0,0.0,18.0,0.0,30.0,0.00,'1','2021-09-01 07:51:54'),
(513,65,'IST2021080008',NULL,4,'2021-08-18','2021','08','In_Adjustment',60.0,0.0,60.0,0.0,60.0,0.00,'1','2021-09-01 07:51:54'),
(514,67,'IST2021080008',NULL,4,'2021-08-18','2021','08','In_Adjustment',27.0,0.0,27.0,0.0,27.0,4615.00,'1','2021-09-01 07:51:54'),
(515,68,'IST2021080008',NULL,4,'2021-08-18','2021','08','In_Adjustment',12.0,0.0,12.0,0.0,12.0,5000.00,'1','2021-09-01 07:51:54'),
(516,72,'IST2021080008',NULL,4,'2021-08-18','2021','08','In_Adjustment',24.0,0.0,24.0,0.0,24.0,6833.00,'1','2021-09-01 07:51:54'),
(517,73,'IST2021080008',NULL,4,'2021-08-18','2021','08','In_Adjustment',12.0,0.0,0.0,0.0,12.0,5197.50,'1','2021-09-01 07:51:54'),
(518,76,'IST2021080008',NULL,4,'2021-08-18','2021','08','In_Adjustment',64.0,0.0,47.0,0.0,64.0,6933.00,'1','2021-09-01 07:51:54'),
(519,77,'IST2021080008',NULL,4,'2021-08-18','2021','08','In_Adjustment',70.0,0.0,63.0,0.0,70.0,8000.00,'1','2021-09-01 07:51:54'),
(520,78,'IST2021080008',NULL,4,'2021-08-18','2021','08','In_Adjustment',82.0,0.0,52.0,0.0,82.0,10400.00,'1','2021-09-01 07:51:54'),
(521,79,'IST2021080008',NULL,4,'2021-08-18','2021','08','In_Adjustment',10.0,0.0,0.0,0.0,10.0,15000.00,'1','2021-09-01 07:51:54'),
(522,80,'IST2021080008',NULL,4,'2021-08-18','2021','08','In_Adjustment',56.0,0.0,26.0,0.0,56.0,14858.00,'1','2021-09-01 07:51:54'),
(523,81,'IST2021080008',NULL,4,'2021-08-18','2021','08','In_Adjustment',20.0,0.0,20.0,0.0,20.0,17333.34,'1','2021-09-01 07:51:54'),
(524,82,'IST2021080008',NULL,4,'2021-08-18','2021','08','In_Adjustment',2.0,0.0,0.0,0.0,2.0,18500.00,'1','2021-09-01 07:51:54'),
(525,83,'IST2021080008',NULL,4,'2021-08-18','2021','08','In_Adjustment',3.0,0.0,0.0,0.0,3.0,12000.00,'1','2021-09-01 07:51:54'),
(526,84,'IST2021080008',NULL,4,'2021-08-18','2021','08','In_Adjustment',40.0,0.0,20.0,0.0,40.0,3800.00,'1','2021-09-01 07:51:54'),
(527,85,'IST2021080008',NULL,4,'2021-08-18','2021','08','In_Adjustment',2.0,0.0,2.0,0.0,2.0,250000.00,'1','2021-09-01 07:51:54'),
(528,86,'IST2021080008',NULL,4,'2021-08-18','2021','08','In_Adjustment',2.0,0.0,2.0,0.0,2.0,29000.00,'1','2021-09-01 07:51:54'),
(529,87,'IST2021080008',NULL,4,'2021-08-18','2021','08','In_Adjustment',6.0,0.0,6.0,0.0,6.0,0.00,'1','2021-09-01 07:51:54'),
(530,88,'IST2021080008',NULL,4,'2021-08-18','2021','08','In_Adjustment',5.0,0.0,5.0,0.0,5.0,18700.00,'1','2021-09-01 07:51:54'),
(531,89,'IST2021080008',NULL,4,'2021-08-18','2021','08','In_Adjustment',23.0,0.0,6.0,0.0,23.0,7083.33,'1','2021-09-01 07:51:54'),
(532,90,'IST2021080008',NULL,4,'2021-08-18','2021','08','In_Adjustment',2.0,0.0,2.0,0.0,2.0,175000.00,'1','2021-09-01 07:51:54'),
(533,91,'IST2021080008',NULL,4,'2021-08-18','2021','08','In_Adjustment',14.0,0.0,14.0,0.0,14.0,2000.00,'1','2021-09-01 07:51:54'),
(534,92,'IST2021080008',NULL,4,'2021-08-18','2021','08','In_Adjustment',7.0,0.0,0.0,0.0,7.0,4833.34,'1','2021-09-01 07:51:54'),
(535,93,'IST2021080008',NULL,4,'2021-08-18','2021','08','In_Adjustment',2.0,0.0,0.0,0.0,2.0,2250.00,'1','2021-09-01 07:51:54'),
(536,94,'IST2021080008',NULL,4,'2021-08-18','2021','08','In_Adjustment',5.0,0.0,0.0,0.0,5.0,4800.00,'1','2021-09-01 07:51:54'),
(537,95,'IST2021080008',NULL,4,'2021-08-18','2021','08','In_Adjustment',5.0,0.0,1.0,0.0,5.0,11833.00,'1','2021-09-01 07:51:54'),
(538,96,'IST2021080008',NULL,4,'2021-08-18','2021','08','In_Adjustment',5.0,0.0,5.0,0.0,5.0,16666.67,'1','2021-09-01 07:51:54'),
(539,97,'IST2021080008',NULL,4,'2021-08-18','2021','08','In_Adjustment',2.0,0.0,0.0,0.0,2.0,12500.00,'1','2021-09-01 07:51:54'),
(540,98,'IST2021080008',NULL,4,'2021-08-18','2021','08','In_Adjustment',12.0,0.0,12.0,0.0,12.0,35000.00,'1','2021-09-01 07:51:54'),
(541,99,'IST2021080008',NULL,4,'2021-08-18','2021','08','In_Adjustment',84.0,0.0,84.0,0.0,84.0,4416.00,'1','2021-09-01 07:51:54'),
(542,101,'IST2021080008',NULL,4,'2021-08-18','2021','08','In_Adjustment',5.0,0.0,0.0,0.0,5.0,5500.00,'1','2021-09-01 07:51:54'),
(543,105,'IST2021080008',NULL,4,'2021-08-18','2021','08','In_Adjustment',20.0,0.0,18.0,0.0,20.0,30000.00,'1','2021-09-01 07:51:54'),
(544,106,'IST2021080008',NULL,4,'2021-08-18','2021','08','In_Adjustment',1.0,0.0,0.0,0.0,1.0,30000.00,'1','2021-09-01 07:51:54'),
(545,108,'IST2021080008',NULL,4,'2021-08-18','2021','08','In_Adjustment',1.0,0.0,1.0,0.0,1.0,15000.00,'1','2021-09-01 07:51:54'),
(546,110,'IST2021080008',NULL,4,'2021-08-18','2021','08','In_Adjustment',5.0,0.0,5.0,0.0,5.0,22450.00,'1','2021-09-01 07:51:54'),
(547,116,'IST2021080008',NULL,4,'2021-08-18','2021','08','In_Adjustment',1.0,0.0,1.0,0.0,1.0,450000.00,'1','2021-09-01 07:51:54'),
(548,124,'IST2021080008',NULL,4,'2021-08-18','2021','08','In_Adjustment',1.0,0.0,1.0,0.0,1.0,2450000.00,'1','2021-09-01 07:51:54'),
(549,126,'IST2021080008',NULL,4,'2021-08-18','2021','08','In_Adjustment',7.0,0.0,2.0,0.0,7.0,27000.00,'1','2021-09-01 07:51:54'),
(550,127,'IST2021080008',NULL,4,'2021-08-18','2021','08','In_Adjustment',7.0,0.0,6.0,0.0,7.0,26000.00,'1','2021-09-01 07:51:54'),
(551,130,'IST2021080008',NULL,4,'2021-08-18','2021','08','In_Adjustment',1.0,0.0,1.0,0.0,1.0,1700000.00,'1','2021-09-01 07:51:54'),
(552,132,'IST2021080008',NULL,4,'2021-08-18','2021','08','In_Adjustment',1.0,0.0,1.0,0.0,1.0,11500.00,'1','2021-09-01 07:51:54'),
(553,135,'IST2021080008',NULL,4,'2021-08-18','2021','08','In_Adjustment',58.0,0.0,10.0,0.0,58.0,4166.00,'1','2021-09-01 07:51:54'),
(554,144,'IST2021080008',NULL,4,'2021-08-18','2021','08','In_Adjustment',1.0,0.0,1.0,0.0,1.0,830000.00,'1','2021-09-01 07:51:54'),
(555,147,'IST2021080008',NULL,4,'2021-08-18','2021','08','In_Adjustment',1.0,0.0,1.0,0.0,1.0,340000.00,'1','2021-09-01 07:51:54'),
(556,183,'IST2021080008',NULL,4,'2021-08-18','2021','08','In_Adjustment',4.0,0.0,4.0,0.0,4.0,0.00,'1','2021-09-01 07:51:54'),
(557,185,'IST2021080008',NULL,4,'2021-08-18','2021','08','In_Adjustment',18.0,0.0,17.0,0.0,18.0,25000.00,'1','2021-09-01 07:51:54'),
(558,190,'IST2021080008',NULL,4,'2021-08-18','2021','08','In_Adjustment',113.0,0.0,72.0,0.0,113.0,2500.00,'1','2021-09-01 07:51:54'),
(559,192,'IST2021080008',NULL,4,'2021-08-18','2021','08','In_Adjustment',8.0,0.0,4.0,0.0,8.0,7590.00,'1','2021-09-01 07:51:54'),
(560,194,'IST2021080008',NULL,4,'2021-08-18','2021','08','In_Adjustment',64.0,0.0,51.0,0.0,64.0,3500.00,'1','2021-09-01 07:51:54'),
(561,202,'IST2021080008',NULL,4,'2021-08-18','2021','08','In_Adjustment',23.0,0.0,23.0,0.0,23.0,5950.00,'1','2021-09-01 07:51:54'),
(562,207,'IST2021080008',NULL,4,'2021-08-18','2021','08','In_Adjustment',61.0,0.0,51.0,0.0,61.0,760.00,'1','2021-09-01 07:51:54'),
(563,210,'IST2021080008',NULL,4,'2021-08-18','2021','08','In_Adjustment',117.0,0.0,117.0,0.0,117.0,1325.00,'1','2021-09-01 07:51:54'),
(564,213,'IST2021080008',NULL,4,'2021-08-18','2021','08','In_Adjustment',25.0,0.0,25.0,0.0,25.0,6000.00,'1','2021-09-01 07:51:54'),
(565,214,'IST2021080008',NULL,4,'2021-08-18','2021','08','In_Adjustment',2.0,0.0,2.0,0.0,2.0,10212.00,'1','2021-09-01 07:51:54'),
(566,215,'IST2021080008',NULL,4,'2021-08-18','2021','08','In_Adjustment',1.0,0.0,0.0,0.0,1.0,17402.00,'1','2021-09-01 07:51:54'),
(567,216,'IST2021080008',NULL,4,'2021-08-18','2021','08','In_Adjustment',21.0,0.0,21.0,0.0,21.0,26149.00,'1','2021-09-01 07:51:54'),
(568,224,'IST2021080008',NULL,4,'2021-08-18','2021','08','In_Adjustment',2.0,0.0,2.0,0.0,2.0,250000.00,'1','2021-09-01 07:51:54'),
(569,225,'IST2021080008',NULL,4,'2021-08-18','2021','08','In_Adjustment',1.0,0.0,1.0,0.0,1.0,0.00,'1','2021-09-01 07:51:54'),
(570,226,'IST2021080008',NULL,4,'2021-08-18','2021','08','In_Adjustment',6.0,0.0,6.0,0.0,6.0,0.00,'1','2021-09-01 07:51:54'),
(571,181,'IST2021080008',NULL,4,'2021-08-18','2021','08','In_Adjustment',37.0,0.0,37.0,0.0,37.0,29500.00,'1','2021-09-01 07:51:54'),
(572,235,'IST2021080008',NULL,4,'2021-08-18','2021','08','In_Adjustment',1.0,0.0,1.0,0.0,1.0,95000.00,'1','2021-09-01 07:51:54'),
(573,244,'IST2021080008',NULL,4,'2021-08-18','2021','08','In_Adjustment',20.0,0.0,5.0,0.0,20.0,38000.00,'1','2021-09-01 07:51:54'),
(574,258,'IST2021080008',NULL,4,'2021-08-18','2021','08','In_Adjustment',18.0,0.0,18.0,0.0,18.0,37600.00,'1','2021-09-01 07:51:54'),
(575,283,'IST2021080008',NULL,4,'2021-08-18','2021','08','In_Adjustment',50.0,0.0,0.0,0.0,50.0,12400.00,'1','2021-09-01 07:51:54'),
(576,285,'IST2021080008',NULL,4,'2021-08-18','2021','08','In_Adjustment',13.0,0.0,0.0,0.0,13.0,6080.00,'1','2021-09-01 07:51:54'),
(577,343,'IST2021080008',NULL,4,'2021-08-18','2021','08','In_Adjustment',3.0,0.0,3.0,0.0,3.0,45000.00,'1','2021-09-01 07:51:54'),
(578,386,'IST2021080008',NULL,4,'2021-08-18','2021','08','In_Adjustment',20.0,0.0,10.0,0.0,20.0,38000.00,'1','2021-09-01 07:51:54'),
(579,412,'IST2021080008',NULL,4,'2021-08-18','2021','08','In_Adjustment',2.0,0.0,0.0,0.0,2.0,95000.00,'1','2021-09-01 07:51:54'),
(580,416,'IST2021080008',NULL,4,'2021-08-18','2021','08','In_Adjustment',5.0,0.0,3.0,0.0,5.0,177000.00,'1','2021-09-01 07:51:54'),
(581,466,'IST2021080008',NULL,4,'2021-08-18','2021','08','In_Adjustment',2.0,0.0,2.0,0.0,2.0,85000.00,'1','2021-09-01 07:51:54'),
(582,534,'IST2021080008',NULL,4,'2021-08-18','2021','08','In_Adjustment',1.0,0.0,0.0,0.0,1.0,75000.00,'1','2021-09-01 07:51:54'),
(583,539,'IST2021080008',NULL,4,'2021-08-18','2021','08','In_Adjustment',2.0,0.0,2.0,0.0,2.0,5000000.00,'1','2021-09-01 07:51:54'),
(584,566,'IST2021080008',NULL,4,'2021-08-18','2021','08','In_Adjustment',76.0,0.0,46.0,0.0,76.0,4300.00,'1','2021-09-01 07:51:54'),
(585,576,'IST2021080008',NULL,4,'2021-08-18','2021','08','In_Adjustment',13.0,0.0,8.0,0.0,13.0,20000.00,'1','2021-09-01 07:51:54'),
(586,585,'IST2021080008',NULL,4,'2021-08-18','2021','08','In_Adjustment',20.0,0.0,20.0,0.0,20.0,685.00,'1','2021-09-01 07:51:54'),
(587,586,'IST2021080008',NULL,4,'2021-08-18','2021','08','In_Adjustment',22.0,0.0,22.0,0.0,22.0,3300.00,'1','2021-09-01 07:51:54'),
(588,593,'IST2021080008',NULL,4,'2021-08-18','2021','08','In_Adjustment',19.0,0.0,19.0,0.0,19.0,1800.00,'1','2021-09-01 07:51:54'),
(589,615,'IST2021080008',NULL,4,'2021-08-18','2021','08','In_Adjustment',1.0,0.0,1.0,0.0,1.0,22500000.00,'1','2021-09-01 07:51:54'),
(590,635,'IST2021080008',NULL,4,'2021-08-18','2021','08','In_Adjustment',36.0,0.0,36.0,0.0,36.0,352.00,'1','2021-09-01 07:51:54'),
(591,648,'IST2021080008',NULL,4,'2021-08-18','2021','08','In_Adjustment',1.0,0.0,1.0,0.0,1.0,27500.00,'1','2021-09-01 07:51:54'),
(592,650,'IST2021080008',NULL,4,'2021-08-18','2021','08','In_Adjustment',57.0,0.0,47.0,0.0,57.0,464.00,'1','2021-09-01 07:51:54'),
(593,651,'IST2021080008',NULL,4,'2021-08-18','2021','08','In_Adjustment',9.0,0.0,9.0,0.0,9.0,4114.00,'1','2021-09-01 07:51:54'),
(594,702,'IST2021080008',NULL,4,'2021-08-18','2021','08','In_Adjustment',5.0,0.0,4.0,0.0,5.0,30000.00,'1','2021-09-01 07:51:54'),
(595,703,'IST2021080008',NULL,4,'2021-08-18','2021','08','In_Adjustment',9.0,0.0,9.0,0.0,9.0,40000.00,'1','2021-09-01 07:51:54'),
(596,704,'IST2021080008',NULL,4,'2021-08-18','2021','08','In_Adjustment',1.0,0.0,1.0,0.0,1.0,62500.00,'1','2021-09-01 07:51:54'),
(597,705,'IST2021080008',NULL,4,'2021-08-18','2021','08','In_Adjustment',2.0,0.0,2.0,0.0,2.0,80000.00,'1','2021-09-01 07:51:54'),
(598,706,'IST2021080008',NULL,4,'2021-08-18','2021','08','In_Adjustment',4.0,0.0,4.0,0.0,4.0,31000.00,'1','2021-09-01 07:51:54'),
(599,707,'IST2021080008',NULL,4,'2021-08-18','2021','08','In_Adjustment',19.0,0.0,19.0,0.0,19.0,2100.00,'1','2021-09-01 07:51:54'),
(600,719,'IST2021080008',NULL,4,'2021-08-18','2021','08','In_Adjustment',5.0,0.0,5.0,0.0,5.0,45858.00,'1','2021-09-01 07:51:54'),
(601,720,'IST2021080008',NULL,4,'2021-08-18','2021','08','In_Adjustment',6.0,0.0,6.0,0.0,6.0,35858.00,'1','2021-09-01 07:51:54'),
(602,722,'IST2021080008',NULL,4,'2021-08-18','2021','08','In_Adjustment',18.0,0.0,18.0,0.0,18.0,23000.00,'1','2021-09-01 07:51:54'),
(603,730,'IST2021080008',NULL,4,'2021-08-18','2021','08','In_Adjustment',1.0,0.0,1.0,0.0,1.0,35000.00,'1','2021-09-01 07:51:54'),
(604,752,'IST2021080008',NULL,4,'2021-08-18','2021','08','In_Adjustment',8.0,0.0,8.0,0.0,8.0,4900.00,'1','2021-09-01 07:51:54'),
(605,756,'IST2021080008',NULL,4,'2021-08-18','2021','08','In_Adjustment',9.0,0.0,6.0,0.0,9.0,12000.00,'1','2021-09-01 07:51:54'),
(606,773,'IST2021080008',NULL,4,'2021-08-18','2021','08','In_Adjustment',18.0,0.0,18.0,0.0,18.0,5494.00,'1','2021-09-01 07:51:54'),
(607,775,'IST2021080008',NULL,4,'2021-08-18','2021','08','In_Adjustment',88.0,0.0,88.0,0.0,88.0,336.00,'1','2021-09-01 07:51:54'),
(608,791,'IST2021080008',NULL,4,'2021-08-18','2021','08','In_Adjustment',12.0,0.0,12.0,0.0,12.0,3850.00,'1','2021-09-01 07:51:54'),
(609,813,'IST2021080008',NULL,4,'2021-08-18','2021','08','In_Adjustment',1.0,0.0,1.0,0.0,1.0,13500000.00,'1','2021-09-01 07:51:54'),
(610,829,'IST2021080008',NULL,4,'2021-08-18','2021','08','In_Adjustment',1.0,0.0,1.0,0.0,1.0,2750000.00,'1','2021-09-01 07:51:54'),
(611,832,'IST2021080008',NULL,4,'2021-08-18','2021','08','In_Adjustment',1.0,0.0,1.0,0.0,1.0,22000.00,'1','2021-09-01 07:51:54'),
(612,848,'IST2021080008',NULL,4,'2021-08-18','2021','08','In_Adjustment',30.0,0.0,30.0,0.0,30.0,880.00,'1','2021-09-01 07:51:54'),
(613,859,'IST2021080008',NULL,4,'2021-08-18','2021','08','In_Adjustment',4.0,0.0,4.0,0.0,4.0,5000.00,'1','2021-09-01 07:51:54'),
(614,917,'IST2021080008',NULL,4,'2021-08-18','2021','08','In_Adjustment',12.0,0.0,12.0,0.0,12.0,500.00,'1','2021-09-01 07:51:54'),
(615,940,'IST2021080008',NULL,4,'2021-08-18','2021','08','In_Adjustment',1.0,0.0,0.0,0.0,1.0,8500.00,'1','2021-09-01 07:51:54'),
(616,949,'IST2021080008',NULL,4,'2021-08-18','2021','08','In_Adjustment',3.0,0.0,3.0,0.0,3.0,194180.00,'1','2021-09-01 07:51:54'),
(617,985,'IST2021080008',NULL,4,'2021-08-18','2021','08','In_Adjustment',80.0,0.0,80.0,0.0,80.0,17400.00,'1','2021-09-01 07:51:54'),
(618,986,'IST2021080008',NULL,4,'2021-08-18','2021','08','In_Adjustment',2.0,0.0,2.0,0.0,2.0,5500.00,'1','2021-09-01 07:51:54'),
(619,997,'IST2021080008',NULL,4,'2021-08-18','2021','08','In_Adjustment',6.0,0.0,6.0,0.0,6.0,7000.00,'1','2021-09-01 07:51:54'),
(620,1057,'IST2021080008',NULL,4,'2021-08-18','2021','08','In_Adjustment',30.0,0.0,30.0,0.0,30.0,2860.00,'1','2021-09-01 07:51:54'),
(621,1135,'IST2021080008',NULL,4,'2021-08-18','2021','08','In_Adjustment',13.0,0.0,13.0,0.0,13.0,37500.00,'1','2021-09-01 07:51:54'),
(622,1137,'IST2021080008',NULL,4,'2021-08-18','2021','08','In_Adjustment',104.0,0.0,56.0,0.0,104.0,5833.00,'1','2021-09-01 07:51:54'),
(623,1138,'IST2021080008',NULL,4,'2021-08-18','2021','08','In_Adjustment',1450.0,0.0,1450.0,0.0,1450.0,1000.00,'1','2021-09-01 07:51:54'),
(624,1139,'IST2021080008',NULL,4,'2021-08-18','2021','08','In_Adjustment',1.0,0.0,1.0,0.0,1.0,975000.00,'1','2021-09-01 07:51:54'),
(625,1141,'IST2021080008',NULL,4,'2021-08-18','2021','08','In_Adjustment',1.0,0.0,1.0,0.0,1.0,682000.00,'1','2021-09-01 07:51:54'),
(626,1142,'IST2021080008',NULL,4,'2021-08-18','2021','08','In_Adjustment',1.0,0.0,1.0,0.0,1.0,1200000.00,'1','2021-09-01 07:51:54'),
(627,1143,'IST2021080008',NULL,4,'2021-08-18','2021','08','In_Adjustment',3.0,0.0,3.0,0.0,3.0,10500.00,'1','2021-09-01 07:51:54'),
(628,1145,'IST2021080008',NULL,4,'2021-08-18','2021','08','In_Adjustment',100.0,0.0,100.0,0.0,100.0,120.00,'1','2021-09-01 07:51:54'),
(629,1146,'IST2021080008',NULL,4,'2021-08-18','2021','08','In_Adjustment',28.0,0.0,28.0,0.0,28.0,560.00,'1','2021-09-01 07:51:54'),
(630,1147,'IST2021080008',NULL,4,'2021-08-18','2021','08','In_Adjustment',1.0,0.0,1.0,0.0,1.0,467000.00,'1','2021-09-01 07:51:55'),
(631,1150,'IST2021080008',NULL,4,'2021-08-18','2021','08','In_Adjustment',1.0,0.0,1.0,0.0,1.0,13500000.00,'1','2021-09-01 07:51:55'),
(632,1181,'IST2021080008',NULL,4,'2021-08-18','2021','08','In_Adjustment',2.0,0.0,2.0,0.0,2.0,27500.00,'1','2021-09-01 07:51:55'),
(633,1221,'IST2021080008',NULL,4,'2021-08-18','2021','08','In_Adjustment',4.0,0.0,4.0,0.0,4.0,8000.00,'1','2021-09-01 07:51:55'),
(634,1222,'IST2021080008',NULL,4,'2021-08-18','2021','08','In_Adjustment',15.0,0.0,9.0,0.0,15.0,2500.00,'1','2021-09-01 07:51:55'),
(635,1223,'IST2021080008',NULL,4,'2021-08-18','2021','08','In_Adjustment',45.0,0.0,44.0,0.0,45.0,16666.67,'1','2021-09-01 07:51:55'),
(636,1227,'IST2021080008',NULL,4,'2021-08-18','2021','08','In_Adjustment',6.0,0.0,6.0,0.0,6.0,110000.00,'1','2021-09-01 07:51:55'),
(637,1236,'IST2021080008',NULL,4,'2021-08-18','2021','08','In_Adjustment',13.0,0.0,13.0,0.0,13.0,42500.00,'1','2021-09-01 07:51:55'),
(638,1241,'IST2021080008',NULL,4,'2021-08-18','2021','08','In_Adjustment',1.0,0.0,1.0,0.0,1.0,72000.00,'1','2021-09-01 07:51:55'),
(639,1242,'IST2021080008',NULL,4,'2021-08-18','2021','08','In_Adjustment',1.0,0.0,1.0,0.0,1.0,34000.00,'1','2021-09-01 07:51:55'),
(640,1243,'IST2021080008',NULL,4,'2021-08-18','2021','08','In_Adjustment',1.0,0.0,1.0,0.0,1.0,10000.00,'1','2021-09-01 07:51:55'),
(641,1244,'IST2021080008',NULL,4,'2021-08-18','2021','08','In_Adjustment',1.0,0.0,1.0,0.0,1.0,30000.00,'1','2021-09-01 07:51:55'),
(642,1246,'IST2021080008',NULL,4,'2021-08-18','2021','08','In_Adjustment',5.0,0.0,5.0,0.0,5.0,5000.00,'1','2021-09-01 07:51:55'),
(643,1247,'IST2021080008',NULL,4,'2021-08-18','2021','08','In_Adjustment',1.0,0.0,1.0,0.0,1.0,68000.00,'1','2021-09-01 07:51:55'),
(644,1248,'IST2021080008',NULL,4,'2021-08-18','2021','08','In_Adjustment',1.0,0.0,1.0,0.0,1.0,22000.00,'1','2021-09-01 07:51:55'),
(645,1249,'IST2021080008',NULL,4,'2021-08-18','2021','08','In_Adjustment',40.0,0.0,40.0,0.0,40.0,9000.00,'1','2021-09-01 07:51:55'),
(646,1250,'IST2021080008',NULL,4,'2021-08-18','2021','08','In_Adjustment',11.0,0.0,11.0,0.0,11.0,2600.00,'1','2021-09-01 07:51:55'),
(647,1252,'IST2021080008',NULL,4,'2021-08-18','2021','08','In_Adjustment',1.0,0.0,1.0,0.0,1.0,4150000.00,'1','2021-09-01 07:51:55'),
(648,1253,'IST2021080008',NULL,4,'2021-08-18','2021','08','In_Adjustment',1.0,0.0,1.0,0.0,1.0,3500000.00,'1','2021-09-01 07:51:55'),
(649,1254,'IST2021080008',NULL,4,'2021-08-18','2021','08','In_Adjustment',3.0,0.0,3.0,0.0,3.0,4500000.00,'1','2021-09-01 07:51:55'),
(650,1255,'IST2021080009',NULL,4,'2021-08-19','2021','08','In_Adjustment',20.0,0.0,20.0,0.0,20.0,20000.00,'1','2021-09-02 06:44:37'),
(651,283,'DO2021080005',NULL,4,'2021-08-23','2021','08','DO_Trans',0.0,10.0,0.0,50.0,40.0,12400.00,'1','2021-09-02 06:50:12'),
(652,48,'ISS2021080010',NULL,4,'2021-08-24','2021','08','In_Po',24.0,0.0,24.0,29.0,53.0,937.50,'1','2021-09-02 06:57:50'),
(653,94,'ISS2021080010',NULL,4,'2021-08-24','2021','08','In_Po',50.0,0.0,0.0,5.0,55.0,5200.00,'1','2021-09-02 06:57:50'),
(654,179,'ISS2021080011',NULL,4,'2021-08-24','2021','08','In_Po',220.0,0.0,0.0,80.0,300.0,21818.00,'1','2021-09-02 07:00:55'),
(655,97,'ISS2021080012',NULL,4,'2021-08-25','2021','08','In_Po',12.0,0.0,8.0,2.0,14.0,15416.00,'1','2021-09-02 07:06:49'),
(656,100,'IST2021080013',NULL,4,'2021-08-25','2021','08','In_Adjustment',100.0,0.0,0.0,0.0,100.0,45000.00,'1','2021-09-02 07:16:07'),
(657,7,'DO2021080006',NULL,4,'2021-08-25','2021','08','DO_Trans',0.0,1.0,0.0,34.0,33.0,23000.00,'1','2021-09-02 07:16:34'),
(658,100,'DO2021080006',NULL,4,'2021-08-25','2021','08','DO_Trans',0.0,1.0,0.0,100.0,99.0,45000.00,'1','2021-09-02 07:16:34'),
(659,179,'DO2021080006',NULL,4,'2021-08-25','2021','08','DO_Trans',0.0,79.0,0.0,300.0,221.0,21818.00,'1','2021-09-02 07:16:34'),
(660,222,'DO2021080006',NULL,4,'2021-08-25','2021','08','DO_Trans',0.0,3.0,0.0,52.0,49.0,7000.00,'1','2021-09-02 07:16:34'),
(661,100,'ISR2021080013',NULL,4,'2021-08-25','2021','08','Rj_InTrans',0.0,100.0,0.0,99.0,-1.0,45000.00,'1','2021-09-02 07:38:32'),
(662,100,'ISS2021080014',NULL,4,'2021-08-25','2021','08','In_Po',1.0,0.0,0.0,-1.0,0.0,45000.00,'1','2021-09-02 07:40:12'),
(663,187,'ISS2021080015',NULL,4,'2021-08-26','2021','08','In_Po',5.0,0.0,0.0,0.0,5.0,25000.00,'1','2021-09-02 07:48:49'),
(664,106,'DO2021080007',NULL,4,'2021-08-26','2021','08','DO_Trans',0.0,1.0,0.0,1.0,0.0,30000.00,'1','2021-09-02 07:49:09'),
(665,187,'DO2021080007',NULL,4,'2021-08-26','2021','08','DO_Trans',0.0,5.0,0.0,5.0,0.0,25000.00,'1','2021-09-02 07:49:09'),
(666,190,'DO2021080007',NULL,4,'2021-08-26','2021','08','DO_Trans',0.0,1.0,0.0,113.0,112.0,2500.00,'1','2021-09-02 07:49:09'),
(667,192,'DO2021080007',NULL,4,'2021-08-26','2021','08','DO_Trans',0.0,1.0,0.0,8.0,7.0,7590.00,'1','2021-09-02 07:49:09'),
(668,207,'DO2021080007',NULL,4,'2021-08-26','2021','08','DO_Trans',0.0,10.0,0.0,61.0,51.0,760.00,'1','2021-09-02 07:49:09'),
(669,215,'DO2021080007',NULL,4,'2021-08-26','2021','08','DO_Trans',0.0,1.0,0.0,1.0,0.0,17402.00,'1','2021-09-02 07:49:09'),
(670,534,'DO2021080007',NULL,4,'2021-08-26','2021','08','DO_Trans',0.0,0.5,0.0,1.0,0.5,75000.00,'1','2021-09-02 07:49:09'),
(671,650,'DO2021080007',NULL,4,'2021-08-26','2021','08','DO_Trans',0.0,10.0,0.0,57.0,47.0,464.00,'1','2021-09-02 07:49:09'),
(672,1256,'ISS2021080016',NULL,4,'2021-08-26','2021','08','In_Po',6.0,0.0,0.0,0.0,6.0,6777.00,'1','2021-09-02 08:26:30'),
(673,84,'DO2021080008',NULL,4,'2021-08-26','2021','08','DO_Trans',0.0,5.0,0.0,40.0,35.0,3800.00,'1','2021-09-02 08:27:12'),
(674,534,'DO2021080008',NULL,4,'2021-08-26','2021','08','DO_Trans',0.0,0.5,0.0,0.5,0.0,75000.00,'1','2021-09-02 08:27:12'),
(675,756,'DO2021080008',NULL,4,'2021-08-26','2021','08','DO_Trans',0.0,3.0,0.0,9.0,6.0,12000.00,'1','2021-09-02 08:27:12'),
(676,1256,'DO2021080008',NULL,4,'2021-08-26','2021','08','DO_Trans',0.0,6.0,0.0,6.0,0.0,6777.00,'1','2021-09-02 08:27:12'),
(677,283,'ISS2021080017',NULL,4,'2021-08-27','2021','08','In_Po',50.0,0.0,0.0,40.0,90.0,12200.00,'1','2021-09-02 08:33:52'),
(678,92,'ISS2021080018',NULL,4,'2021-08-27','2021','08','In_Po',36.0,0.0,34.0,7.0,43.0,4833.00,'1','2021-09-02 08:52:19'),
(679,93,'ISS2021080018',NULL,4,'2021-08-27','2021','08','In_Po',36.0,0.0,29.0,2.0,38.0,2583.00,'1','2021-09-02 08:52:19'),
(680,58,'ISS2021080019',NULL,4,'2021-08-27','2021','08','In_Po',11.0,0.0,10.0,3.0,14.0,77272.73,'1','2021-09-02 09:07:01'),
(681,61,'ISS2021080019',NULL,4,'2021-08-27','2021','08','In_Po',60.0,0.0,36.0,0.0,60.0,28737.50,'1','2021-09-02 09:07:01'),
(682,69,'ISS2021080019',NULL,4,'2021-08-27','2021','08','In_Po',60.0,0.0,48.0,0.0,60.0,10521.25,'1','2021-09-02 09:07:01'),
(683,70,'ISS2021080019',NULL,4,'2021-08-27','2021','08','In_Po',60.0,0.0,48.0,0.0,60.0,10054.17,'1','2021-09-02 09:07:01'),
(684,72,'ISS2021080019',NULL,4,'2021-08-27','2021','08','In_Po',120.0,0.0,120.0,24.0,144.0,7132.92,'1','2021-09-02 09:07:01'),
(685,73,'ISS2021080019',NULL,4,'2021-08-27','2021','08','In_Po',120.0,0.0,96.0,12.0,132.0,5486.25,'1','2021-09-02 09:07:01'),
(686,187,'ISS2021080020',NULL,4,'2021-08-27','2021','08','In_Po',5.0,0.0,0.0,0.0,5.0,25000.00,'1','2021-09-02 09:14:35'),
(687,187,'DO2021080009',NULL,4,'2021-08-27','2021','08','DO_Trans',0.0,5.0,0.0,5.0,0.0,25000.00,'1','2021-09-02 09:15:01'),
(688,702,'DO2021080009',NULL,4,'2021-08-27','2021','08','DO_Trans',0.0,1.0,0.0,5.0,4.0,30000.00,'1','2021-09-02 09:15:01'),
(689,126,'DO2021080010',NULL,4,'2021-08-30','2021','08','DO_Trans',0.0,3.0,0.0,7.0,4.0,27000.00,'1','2021-09-02 09:20:06'),
(690,127,'DO2021080010',NULL,4,'2021-08-30','2021','08','DO_Trans',0.0,1.0,0.0,7.0,6.0,26000.00,'1','2021-09-02 09:20:06'),
(691,107,'ISS2021080021',NULL,4,'2021-08-31','2021','08','In_Po',12.0,0.0,10.0,0.0,12.0,80000.00,'1','2021-09-02 09:29:47'),
(692,117,'ISS2021090001',NULL,4,'2021-09-01','2021','09','In_Po',2.0,0.0,1.0,0.0,2.0,340000.00,'1','2021-09-02 09:37:33'),
(693,737,'ISS2021090001',NULL,4,'2021-09-01','2021','09','In_Po',2.0,0.0,1.0,0.0,2.0,30000.00,'1','2021-09-02 09:37:33'),
(694,740,'ISS2021090001',NULL,4,'2021-09-01','2021','09','In_Po',2.0,0.0,1.0,0.0,2.0,25000.00,'1','2021-09-02 09:37:33'),
(695,117,'DO2021090001',NULL,4,'2021-09-01','2021','09','DO_Trans',0.0,1.0,0.0,2.0,1.0,340000.00,'1','2021-09-02 09:48:13'),
(696,737,'DO2021090001',NULL,4,'2021-09-01','2021','09','DO_Trans',0.0,1.0,0.0,2.0,1.0,30000.00,'1','2021-09-02 09:48:13'),
(697,740,'DO2021090001',NULL,4,'2021-09-01','2021','09','DO_Trans',0.0,1.0,0.0,2.0,1.0,25000.00,'1','2021-09-02 09:48:13'),
(698,13,'ISS2021090002',NULL,4,'2021-09-02','2021','09','In_Po',12.0,0.0,10.0,3.0,15.0,100000.00,'1','2021-09-03 05:54:42'),
(699,179,'DO2021080011',NULL,4,'2021-08-30','2021','08','DO_Trans',0.0,18.0,0.0,221.0,203.0,21818.00,'1','2021-09-03 06:23:29'),
(700,95,'ISS2021070017',NULL,4,'2021-07-31','2021','07','In_Po',1.0,0.0,1.0,5.0,6.0,11833.00,'1','2021-09-03 06:35:44'),
(701,179,'ISS2021080022',NULL,4,'2021-08-16','2021','08','In_Po',1.0,0.0,0.0,203.0,204.0,21818.00,'1','2021-09-03 06:38:07'),
(702,179,'DO2021080012',NULL,4,'2021-08-16','2021','08','DO_Trans',0.0,1.0,0.0,204.0,203.0,21818.00,'1','2021-09-03 06:39:14'),
(703,95,'DO2021070014',NULL,4,'2021-07-31','2021','07','DO_Trans',0.0,1.0,0.0,6.0,5.0,11833.00,'1','2021-09-03 06:39:59'),
(704,1,'DO2021090002',NULL,4,'2021-09-04','2021','09','DO_Trans',0.0,1.0,0.0,8.0,7.0,235000.00,'1','2021-09-06 05:39:29'),
(705,7,'DO2021090002',NULL,4,'2021-09-04','2021','09','DO_Trans',0.0,1.0,0.0,33.0,32.0,23000.00,'1','2021-09-06 05:39:29'),
(706,8,'DO2021090002',NULL,4,'2021-09-04','2021','09','DO_Trans',0.0,1.0,0.0,9.0,8.0,15000.00,'1','2021-09-06 05:39:29'),
(707,13,'DO2021090002',NULL,4,'2021-09-04','2021','09','DO_Trans',0.0,3.0,0.0,15.0,12.0,110000.00,'1','2021-09-06 05:39:29'),
(708,14,'DO2021090002',NULL,4,'2021-09-04','2021','09','DO_Trans',0.0,1.0,0.0,6.0,5.0,165000.00,'1','2021-09-06 05:39:29'),
(709,19,'DO2021090002',NULL,4,'2021-09-04','2021','09','DO_Trans',0.0,1.0,0.0,1.0,0.0,38300.00,'1','2021-09-06 05:39:29'),
(710,21,'DO2021090002',NULL,4,'2021-09-04','2021','09','DO_Trans',0.0,1.0,0.0,11.0,10.0,29167.00,'1','2021-09-06 05:39:29'),
(711,22,'DO2021090002',NULL,4,'2021-09-04','2021','09','DO_Trans',0.0,1.0,0.0,3.0,2.0,65000.00,'1','2021-09-06 05:39:29'),
(712,23,'DO2021090002',NULL,4,'2021-09-04','2021','09','DO_Trans',0.0,3.0,0.0,26.0,23.0,183000.00,'1','2021-09-06 05:39:29'),
(713,27,'DO2021090002',NULL,4,'2021-09-04','2021','09','DO_Trans',0.0,1.0,0.0,5.0,4.0,20000.00,'1','2021-09-06 05:39:29'),
(714,28,'DO2021090002',NULL,4,'2021-09-04','2021','09','DO_Trans',0.0,1.0,0.0,18.0,17.0,3333.00,'1','2021-09-06 05:39:29'),
(715,31,'DO2021090002',NULL,4,'2021-09-04','2021','09','DO_Trans',0.0,1.0,0.0,12.0,11.0,8000.00,'1','2021-09-06 05:39:29'),
(716,34,'DO2021090002',NULL,4,'2021-09-04','2021','09','DO_Trans',0.0,5.0,0.0,14.0,9.0,33000.00,'1','2021-09-06 05:39:29'),
(717,35,'DO2021090002',NULL,4,'2021-09-04','2021','09','DO_Trans',0.0,1.0,0.0,23.0,22.0,23000.00,'1','2021-09-06 05:39:29'),
(718,36,'DO2021090002',NULL,4,'2021-09-04','2021','09','DO_Trans',0.0,10.0,0.0,55.0,45.0,3000.00,'1','2021-09-06 05:39:29'),
(719,37,'DO2021090002',NULL,4,'2021-09-04','2021','09','DO_Trans',0.0,20.0,0.0,124.0,104.0,2000.00,'1','2021-09-06 05:39:29'),
(720,41,'DO2021090002',NULL,4,'2021-09-04','2021','09','DO_Trans',0.0,200.0,0.0,1450.0,1250.0,2600.00,'1','2021-09-06 05:39:29'),
(721,42,'DO2021090002',NULL,4,'2021-09-04','2021','09','DO_Trans',0.0,400.0,0.0,2750.0,2350.0,3600.00,'1','2021-09-06 05:39:29'),
(722,43,'DO2021090002',NULL,4,'2021-09-04','2021','09','DO_Trans',0.0,10.0,0.0,96.0,86.0,8000.00,'1','2021-09-06 05:39:29'),
(723,47,'DO2021090002',NULL,4,'2021-09-04','2021','09','DO_Trans',0.0,12.0,0.0,56.0,44.0,2375.00,'1','2021-09-06 05:39:29'),
(724,51,'DO2021090002',NULL,4,'2021-09-04','2021','09','DO_Trans',0.0,1.0,0.0,4.0,3.0,73000.00,'1','2021-09-06 05:39:29'),
(725,56,'DO2021090002',NULL,4,'2021-09-04','2021','09','DO_Trans',0.0,15.0,0.0,88.0,73.0,5000.00,'1','2021-09-06 05:39:29'),
(726,58,'DO2021090002',NULL,4,'2021-09-04','2021','09','DO_Trans',0.0,2.0,0.0,14.0,12.0,85000.00,'1','2021-09-06 05:39:29'),
(727,59,'DO2021090002',NULL,4,'2021-09-04','2021','09','DO_Trans',0.0,2.0,0.0,26.0,24.0,25000.00,'1','2021-09-06 05:39:29'),
(728,61,'DO2021090002',NULL,4,'2021-09-04','2021','09','DO_Trans',0.0,12.0,0.0,60.0,48.0,28737.50,'1','2021-09-06 05:39:29'),
(729,73,'DO2021090002',NULL,4,'2021-09-04','2021','09','DO_Trans',0.0,12.0,0.0,132.0,120.0,5197.50,'1','2021-09-06 05:39:29'),
(730,83,'DO2021090002',NULL,4,'2021-09-04','2021','09','DO_Trans',0.0,3.0,0.0,3.0,0.0,12000.00,'1','2021-09-06 05:39:29'),
(731,89,'DO2021090002',NULL,4,'2021-09-04','2021','09','DO_Trans',0.0,5.0,0.0,23.0,18.0,7083.33,'1','2021-09-06 05:39:29'),
(732,92,'DO2021090002',NULL,4,'2021-09-04','2021','09','DO_Trans',0.0,3.0,0.0,43.0,40.0,4833.34,'1','2021-09-06 05:39:29'),
(733,93,'DO2021090002',NULL,4,'2021-09-04','2021','09','DO_Trans',0.0,3.0,0.0,38.0,35.0,2361.00,'1','2021-09-06 05:39:29'),
(734,94,'DO2021090002',NULL,4,'2021-09-04','2021','09','DO_Trans',0.0,15.0,0.0,55.0,40.0,5066.67,'1','2021-09-06 05:39:29'),
(735,95,'DO2021090002',NULL,4,'2021-09-04','2021','09','DO_Trans',0.0,1.0,0.0,5.0,4.0,11833.00,'1','2021-09-06 05:39:29'),
(736,105,'DO2021090002',NULL,4,'2021-09-04','2021','09','DO_Trans',0.0,1.0,0.0,20.0,19.0,30000.00,'1','2021-09-06 05:39:29'),
(737,107,'DO2021090002',NULL,4,'2021-09-04','2021','09','DO_Trans',0.0,1.0,0.0,12.0,11.0,80000.00,'1','2021-09-06 05:39:29'),
(738,135,'DO2021090002',NULL,4,'2021-09-04','2021','09','DO_Trans',0.0,12.0,0.0,58.0,46.0,4166.00,'1','2021-09-06 05:39:29'),
(739,179,'DO2021090002',NULL,4,'2021-09-04','2021','09','DO_Trans',0.0,60.0,0.0,203.0,143.0,21818.00,'1','2021-09-06 05:39:29'),
(740,185,'DO2021090002',NULL,4,'2021-09-04','2021','09','DO_Trans',0.0,1.0,0.0,18.0,17.0,25000.00,'1','2021-09-06 05:39:29'),
(741,188,'DO2021090002',NULL,4,'2021-09-04','2021','09','DO_Trans',0.0,2.0,0.0,14.0,12.0,550000.00,'1','2021-09-06 05:39:29'),
(742,222,'DO2021090002',NULL,4,'2021-09-04','2021','09','DO_Trans',0.0,2.0,0.0,49.0,47.0,7000.00,'1','2021-09-06 05:39:29'),
(743,1137,'DO2021090002',NULL,4,'2021-09-04','2021','09','DO_Trans',0.0,12.0,0.0,104.0,92.0,5833.00,'1','2021-09-06 05:39:29'),
(744,1222,'DO2021090002',NULL,4,'2021-09-04','2021','09','DO_Trans',0.0,2.0,0.0,15.0,13.0,2500.00,'1','2021-09-06 05:39:29'),
(745,83,'ISS2021090003',NULL,4,'2021-09-03','2021','09','In_Po',100.0,0.0,93.0,0.0,100.0,10945.00,'1','2021-09-06 06:37:55'),
(746,100,'ISS2021090004',NULL,4,'2021-09-03','2021','09','In_Po',5.0,0.0,5.0,0.0,5.0,45000.00,'1','2021-09-06 06:39:12'),
(747,1257,'ISS2021090004',NULL,4,'2021-09-03','2021','09','In_Po',3.0,0.0,2.0,0.0,3.0,5000.00,'1','2021-09-06 06:39:12'),
(748,1257,'DO2021090003',NULL,4,'2021-09-03','2021','09','DO_Trans',0.0,1.0,0.0,3.0,2.0,5000.00,'1','2021-09-06 06:41:05'),
(749,7,'DOR2021070013',NULL,4,'2021-07-31','2021','07','Rj_do',1.0,0.0,1.0,32.0,33.0,23000.00,'1','2021-09-09 05:39:02'),
(750,22,'DOR2021070013',NULL,4,'2021-07-31','2021','07','Rj_do',1.0,0.0,0.0,2.0,3.0,65000.00,'1','2021-09-09 05:39:02'),
(751,23,'DOR2021070013',NULL,4,'2021-07-31','2021','07','Rj_do',2.0,0.0,2.0,23.0,25.0,183000.00,'1','2021-09-09 05:39:02'),
(752,37,'DOR2021070013',NULL,4,'2021-07-31','2021','07','Rj_do',8.0,0.0,8.0,104.0,112.0,2000.00,'1','2021-09-09 05:39:02'),
(753,73,'DOR2021070013',NULL,4,'2021-07-31','2021','07','Rj_do',12.0,0.0,12.0,120.0,132.0,5197.50,'1','2021-09-09 05:39:02'),
(754,75,'DOR2021070013',NULL,4,'2021-07-31','2021','07','Rj_do',30.0,0.0,30.0,820.0,850.0,4728.00,'1','2021-09-09 05:39:02'),
(755,97,'DOR2021070013',NULL,4,'2021-07-31','2021','07','Rj_do',2.0,0.0,2.0,14.0,16.0,15416.00,'1','2021-09-09 05:39:02'),
(756,283,'DO2021090004',NULL,4,'2021-09-04','2021','09','DO_Trans',0.0,40.0,0.0,90.0,50.0,12400.00,'1','2021-09-14 05:06:26'),
(757,283,'DO2021090005',NULL,4,'2021-09-10','2021','09','DO_Trans',0.0,50.0,0.0,50.0,0.0,12200.00,'1','2021-09-14 05:09:23'),
(758,39,'ISS2021090005',NULL,4,'2021-09-10','2021','09','In_Po',2000.0,0.0,1846.0,547.0,2547.0,1300.00,'1','2021-09-14 05:12:50'),
(759,7,'DO2021070015',NULL,4,'2021-07-31','2021','07','DO_Trans',0.0,1.0,0.0,33.0,32.0,23000.00,'1','2021-09-21 06:55:49'),
(760,22,'DO2021070015',NULL,4,'2021-07-31','2021','07','DO_Trans',0.0,1.0,0.0,3.0,2.0,65000.00,'1','2021-09-21 06:55:49'),
(761,23,'DO2021070015',NULL,4,'2021-07-31','2021','07','DO_Trans',0.0,2.0,0.0,25.0,23.0,183000.00,'1','2021-09-21 06:55:49'),
(762,37,'DO2021070015',NULL,4,'2021-07-31','2021','07','DO_Trans',0.0,8.0,0.0,112.0,104.0,2000.00,'1','2021-09-21 06:55:49'),
(763,73,'DO2021070015',NULL,4,'2021-07-31','2021','07','DO_Trans',0.0,12.0,0.0,132.0,120.0,5486.25,'1','2021-09-21 06:55:49'),
(764,75,'DO2021070015',NULL,4,'2021-07-31','2021','07','DO_Trans',0.0,30.0,0.0,850.0,820.0,4728.00,'1','2021-09-21 06:55:49'),
(765,97,'DO2021070015',NULL,4,'2021-07-31','2021','07','DO_Trans',0.0,2.0,0.0,16.0,14.0,12500.00,'1','2021-09-21 06:55:49'),
(766,187,'ISS2021090006',NULL,4,'2021-09-10','2021','09','In_Po',9999.0,0.0,9990.0,0.0,9999.0,25000.00,'1','2021-09-21 07:10:41'),
(767,1,'DO2021090006',NULL,4,'2021-09-10','2021','09','DO_Trans',0.0,2.0,0.0,7.0,5.0,235000.00,'1','2021-09-21 07:14:16'),
(768,5,'DO2021090006',NULL,4,'2021-09-10','2021','09','DO_Trans',0.0,2.0,0.0,5.0,3.0,40450.00,'1','2021-09-21 07:14:16'),
(769,7,'DO2021090006',NULL,4,'2021-09-10','2021','09','DO_Trans',0.0,2.0,0.0,32.0,30.0,23000.00,'1','2021-09-21 07:14:16'),
(770,12,'DO2021090006',NULL,4,'2021-09-10','2021','09','DO_Trans',0.0,1.0,0.0,2.0,1.0,63000.00,'1','2021-09-21 07:14:16'),
(771,13,'DO2021090006',NULL,4,'2021-09-10','2021','09','DO_Trans',0.0,2.0,0.0,12.0,10.0,100000.00,'1','2021-09-21 07:14:16'),
(772,20,'DO2021090006',NULL,4,'2021-09-10','2021','09','DO_Trans',0.0,12.0,0.0,91.0,79.0,3333.00,'1','2021-09-21 07:14:16'),
(773,21,'DO2021090006',NULL,4,'2021-09-10','2021','09','DO_Trans',0.0,1.0,0.0,10.0,9.0,29167.00,'1','2021-09-21 07:14:16'),
(774,22,'DO2021090006',NULL,4,'2021-09-10','2021','09','DO_Trans',0.0,1.0,0.0,2.0,1.0,65000.00,'1','2021-09-21 07:14:16'),
(775,23,'DO2021090006',NULL,4,'2021-09-10','2021','09','DO_Trans',0.0,6.0,0.0,23.0,17.0,183000.00,'1','2021-09-21 07:14:16'),
(776,25,'DO2021090006',NULL,4,'2021-09-10','2021','09','DO_Trans',0.0,1.0,0.0,8.0,7.0,51667.00,'1','2021-09-21 07:14:16'),
(777,31,'DO2021090006',NULL,4,'2021-09-10','2021','09','DO_Trans',0.0,2.0,0.0,11.0,9.0,8000.00,'1','2021-09-21 07:14:16'),
(778,33,'DO2021090006',NULL,4,'2021-09-10','2021','09','DO_Trans',0.0,1.0,0.0,8.0,7.0,15000.00,'1','2021-09-21 07:14:16'),
(779,34,'DO2021090006',NULL,4,'2021-09-10','2021','09','DO_Trans',0.0,3.0,0.0,9.0,6.0,33000.00,'1','2021-09-21 07:14:16'),
(780,36,'DO2021090006',NULL,4,'2021-09-10','2021','09','DO_Trans',0.0,20.0,0.0,45.0,25.0,3000.00,'1','2021-09-21 07:14:16'),
(781,37,'DO2021090006',NULL,4,'2021-09-10','2021','09','DO_Trans',0.0,10.0,0.0,104.0,94.0,2000.00,'1','2021-09-21 07:14:16'),
(782,39,'DO2021090006',NULL,4,'2021-09-10','2021','09','DO_Trans',0.0,400.0,0.0,2547.0,2147.0,1300.00,'1','2021-09-21 07:14:17'),
(783,42,'DO2021090006',NULL,4,'2021-09-10','2021','09','DO_Trans',0.0,400.0,0.0,2350.0,1950.0,3600.00,'1','2021-09-21 07:14:17'),
(784,43,'DO2021090006',NULL,4,'2021-09-10','2021','09','DO_Trans',0.0,10.0,0.0,86.0,76.0,8000.00,'1','2021-09-21 07:14:17'),
(785,47,'DO2021090006',NULL,4,'2021-09-10','2021','09','DO_Trans',0.0,15.0,0.0,44.0,29.0,2375.00,'1','2021-09-21 07:14:17'),
(786,48,'DO2021090006',NULL,4,'2021-09-10','2021','09','DO_Trans',0.0,5.0,0.0,53.0,48.0,937.50,'1','2021-09-21 07:14:17'),
(787,49,'DO2021090006',NULL,4,'2021-09-10','2021','09','DO_Trans',0.0,5.0,0.0,7.0,2.0,32000.00,'1','2021-09-21 07:14:17'),
(788,50,'DO2021090006',NULL,4,'2021-09-10','2021','09','DO_Trans',0.0,8.0,0.0,102.0,94.0,13200.00,'1','2021-09-21 07:14:17'),
(789,51,'DO2021090006',NULL,4,'2021-09-10','2021','09','DO_Trans',0.0,1.0,0.0,3.0,2.0,73000.00,'1','2021-09-21 07:14:17'),
(790,52,'DO2021090006',NULL,4,'2021-09-10','2021','09','DO_Trans',0.0,1.0,0.0,6.0,5.0,73000.00,'1','2021-09-21 07:14:17'),
(791,56,'DO2021090006',NULL,4,'2021-09-10','2021','09','DO_Trans',0.0,20.0,0.0,73.0,53.0,5000.00,'1','2021-09-21 07:14:17'),
(792,58,'DO2021090006',NULL,4,'2021-09-10','2021','09','DO_Trans',0.0,2.0,0.0,12.0,10.0,81136.37,'1','2021-09-21 07:14:17'),
(793,61,'DO2021090006',NULL,4,'2021-09-10','2021','09','DO_Trans',0.0,12.0,0.0,48.0,36.0,28737.50,'1','2021-09-21 07:14:17'),
(794,64,'DO2021090006',NULL,4,'2021-09-10','2021','09','DO_Trans',0.0,12.0,0.0,30.0,18.0,0.00,'1','2021-09-21 07:14:17'),
(795,69,'DO2021090006',NULL,4,'2021-09-10','2021','09','DO_Trans',0.0,12.0,0.0,60.0,48.0,10521.25,'1','2021-09-21 07:14:17'),
(796,75,'DO2021090006',NULL,4,'2021-09-10','2021','09','DO_Trans',0.0,40.0,0.0,820.0,780.0,4728.00,'1','2021-09-21 07:14:17'),
(797,76,'DO2021090006',NULL,4,'2021-09-10','2021','09','DO_Trans',0.0,10.0,0.0,64.0,54.0,6933.00,'1','2021-09-21 07:14:17'),
(798,78,'DO2021090006',NULL,4,'2021-09-10','2021','09','DO_Trans',0.0,20.0,0.0,82.0,62.0,10400.00,'1','2021-09-21 07:14:17'),
(799,79,'DO2021090006',NULL,4,'2021-09-10','2021','09','DO_Trans',0.0,10.0,0.0,10.0,0.0,15000.00,'1','2021-09-21 07:14:17'),
(800,80,'DO2021090006',NULL,4,'2021-09-10','2021','09','DO_Trans',0.0,20.0,0.0,56.0,36.0,14858.00,'1','2021-09-21 07:14:17'),
(801,82,'DO2021090006',NULL,4,'2021-09-10','2021','09','DO_Trans',0.0,2.0,0.0,2.0,0.0,18500.00,'1','2021-09-21 07:14:17'),
(802,83,'DO2021090006',NULL,4,'2021-09-10','2021','09','DO_Trans',0.0,4.0,0.0,100.0,96.0,10945.00,'1','2021-09-21 07:14:17'),
(803,89,'DO2021090006',NULL,4,'2021-09-10','2021','09','DO_Trans',0.0,3.0,0.0,18.0,15.0,7083.33,'1','2021-09-21 07:14:17'),
(804,92,'DO2021090006',NULL,4,'2021-09-10','2021','09','DO_Trans',0.0,2.0,0.0,40.0,38.0,4833.34,'1','2021-09-21 07:14:17'),
(805,94,'DO2021090006',NULL,4,'2021-09-10','2021','09','DO_Trans',0.0,20.0,0.0,40.0,20.0,5200.00,'1','2021-09-21 07:14:17'),
(806,101,'DO2021090006',NULL,4,'2021-09-10','2021','09','DO_Trans',0.0,2.0,0.0,5.0,3.0,5500.00,'1','2021-09-21 07:14:17'),
(807,107,'DO2021090006',NULL,4,'2021-09-10','2021','09','DO_Trans',0.0,1.0,0.0,11.0,10.0,80000.00,'1','2021-09-21 07:14:17'),
(808,135,'DO2021090006',NULL,4,'2021-09-10','2021','09','DO_Trans',0.0,12.0,0.0,46.0,34.0,4166.00,'1','2021-09-21 07:14:17'),
(809,187,'DO2021090006',NULL,4,'2021-09-10','2021','09','DO_Trans',0.0,3.0,0.0,9999.0,9996.0,25000.00,'1','2021-09-21 07:14:17'),
(810,188,'DO2021090006',NULL,4,'2021-09-10','2021','09','DO_Trans',0.0,3.0,0.0,12.0,9.0,550000.00,'1','2021-09-21 07:14:17'),
(811,190,'DO2021090006',NULL,4,'2021-09-10','2021','09','DO_Trans',0.0,10.0,0.0,112.0,102.0,2500.00,'1','2021-09-21 07:14:17'),
(812,222,'DO2021090006',NULL,4,'2021-09-10','2021','09','DO_Trans',0.0,3.0,0.0,47.0,44.0,7000.00,'1','2021-09-21 07:14:17'),
(813,412,'DO2021090006',NULL,4,'2021-09-10','2021','09','DO_Trans',0.0,2.0,0.0,2.0,0.0,95000.00,'1','2021-09-21 07:14:17'),
(814,566,'DO2021090006',NULL,4,'2021-09-10','2021','09','DO_Trans',0.0,20.0,0.0,76.0,56.0,4300.00,'1','2021-09-21 07:14:17'),
(815,576,'DO2021090006',NULL,4,'2021-09-10','2021','09','DO_Trans',0.0,3.0,0.0,13.0,10.0,20000.00,'1','2021-09-21 07:14:17'),
(816,1137,'DO2021090006',NULL,4,'2021-09-10','2021','09','DO_Trans',0.0,24.0,0.0,92.0,68.0,5833.00,'1','2021-09-21 07:14:17'),
(817,1222,'DO2021090006',NULL,4,'2021-09-10','2021','09','DO_Trans',0.0,2.0,0.0,13.0,11.0,2500.00,'1','2021-09-21 07:14:17'),
(818,416,'DO2021090007',NULL,4,'2021-09-10','2021','09','DO_Trans',0.0,2.0,0.0,5.0,3.0,177000.00,'1','2021-09-21 07:59:47'),
(819,514,'ISS2021090007',NULL,4,'2021-09-14','2021','09','In_Po',80.0,0.0,60.0,0.0,80.0,82500.00,'1','2021-09-21 08:16:03'),
(820,283,'ISS2021090008',NULL,4,'2021-09-21','2021','09','In_Po',50.0,0.0,0.0,0.0,50.0,12200.00,'1','2021-09-21 08:19:00'),
(821,7,'DO2021090008',NULL,4,'2021-09-15','2021','09','DO_Trans',0.0,1.0,0.0,30.0,29.0,23000.00,'1','2021-09-21 08:22:16'),
(822,100,'DO2021090008',NULL,4,'2021-09-15','2021','09','DO_Trans',0.0,1.0,0.0,5.0,4.0,45000.00,'1','2021-09-21 08:22:16'),
(823,179,'DO2021090008',NULL,4,'2021-09-15','2021','09','DO_Trans',0.0,17.0,0.0,143.0,126.0,21818.00,'1','2021-09-21 08:22:16'),
(824,190,'DO2021090008',NULL,4,'2021-09-15','2021','09','DO_Trans',0.0,1.0,0.0,102.0,101.0,2500.00,'1','2021-09-21 08:22:16'),
(825,192,'DO2021090008',NULL,4,'2021-09-15','2021','09','DO_Trans',0.0,1.0,0.0,7.0,6.0,7590.00,'1','2021-09-21 08:22:16'),
(826,222,'DO2021090008',NULL,4,'2021-09-15','2021','09','DO_Trans',0.0,2.0,0.0,44.0,42.0,7000.00,'1','2021-09-21 08:22:16'),
(827,22,'ISS2021090009',NULL,4,'2021-09-21','2021','09','In_Po',15.0,0.0,14.0,1.0,16.0,52500.00,'1','2021-09-22 08:14:11'),
(828,1258,'ISS2021090010',NULL,4,'2021-09-22','2021','09','In_Po',10.0,0.0,10.0,0.0,10.0,65000.00,'1','2021-09-22 08:17:36'),
(829,23,'DO2021060009',NULL,4,'2021-06-23','2021','06','DO_Trans',0.0,2.0,0.0,17.0,15.0,183000.00,'1','2021-10-06 06:37:32'),
(830,36,'DO2021060009',NULL,4,'2021-06-23','2021','06','DO_Trans',0.0,10.0,0.0,25.0,15.0,3000.00,'1','2021-10-06 06:37:32'),
(831,41,'DO2021060009',NULL,4,'2021-06-23','2021','06','DO_Trans',0.0,100.0,0.0,1250.0,1150.0,2600.00,'1','2021-10-06 06:37:32'),
(832,42,'DO2021060009',NULL,4,'2021-06-23','2021','06','DO_Trans',0.0,200.0,0.0,1950.0,1750.0,3600.00,'1','2021-10-06 06:37:32'),
(833,89,'DO2021060009',NULL,4,'2021-06-23','2021','06','DO_Trans',0.0,3.0,0.0,15.0,12.0,7083.33,'1','2021-10-06 06:37:32'),
(834,135,'DO2021060009',NULL,4,'2021-06-23','2021','06','DO_Trans',0.0,12.0,0.0,34.0,22.0,4166.00,'1','2021-10-06 06:37:32'),
(835,135,'IST2021100001',NULL,4,'2021-10-06','2021','10','In_Others',12.0,0.0,12.0,22.0,34.0,4166.00,'1','2021-10-06 06:41:10'),
(836,36,'IST2021100001',NULL,4,'2021-10-06','2021','10','In_Others',10.0,0.0,10.0,15.0,25.0,3000.00,'1','2021-10-06 06:41:10'),
(837,23,'IST2021100001',NULL,4,'2021-10-06','2021','10','In_Others',2.0,0.0,2.0,15.0,17.0,183000.00,'1','2021-10-06 06:41:10'),
(838,89,'IST2021100001',NULL,4,'2021-10-06','2021','10','In_Others',3.0,0.0,3.0,12.0,15.0,7083.33,'1','2021-10-06 06:41:10'),
(839,41,'IST2021100001',NULL,4,'2021-10-06','2021','10','In_Others',100.0,0.0,100.0,1150.0,1250.0,2600.00,'1','2021-10-06 06:41:10'),
(840,42,'IST2021100001',NULL,4,'2021-10-06','2021','10','In_Others',200.0,0.0,200.0,1750.0,1950.0,3600.00,'1','2021-10-06 06:41:10'),
(841,112,'IST2021100002',NULL,4,'2021-10-03','2021','10','In_Others',1.0,0.0,0.0,0.0,1.0,3500.00,'1','2021-10-06 08:33:20'),
(842,111,'IST2021100002',NULL,4,'2021-10-03','2021','10','In_Others',1.0,0.0,0.0,0.0,1.0,10000.00,'1','2021-10-06 08:33:20'),
(843,111,'DO2021100001',NULL,4,'2021-10-03','2021','10','DO_Trans',0.0,1.0,0.0,1.0,0.0,10000.00,'1','2021-10-06 08:36:08'),
(844,112,'DO2021100001',NULL,4,'2021-10-03','2021','10','DO_Trans',0.0,1.0,0.0,1.0,0.0,3500.00,'1','2021-10-06 08:36:08'),
(845,179,'DO2021100002',NULL,4,'2021-10-04','2021','10','DO_Trans',0.0,60.0,0.0,126.0,66.0,21818.00,'1','2021-10-06 08:38:27'),
(846,222,'DO2021100002',NULL,4,'2021-10-04','2021','10','DO_Trans',0.0,2.5,0.0,42.0,39.5,7000.00,'1','2021-10-06 08:38:27'),
(847,179,'ISS2021100003',NULL,4,'2021-10-04','2021','10','In_Po',220.0,0.0,86.0,66.0,286.0,21818.00,'1','2021-10-06 08:50:24'),
(848,82,'ISS2021100004',NULL,4,'2021-10-05','2021','10','In_Po',8.0,0.0,5.0,0.0,8.0,20000.00,'1','2021-10-06 08:50:39'),
(849,47,'ISS2021100005',NULL,4,'2021-10-05','2021','10','In_Po',96.0,0.0,96.0,29.0,125.0,2375.00,'1','2021-10-06 08:50:55'),
(850,49,'ISS2021100005',NULL,4,'2021-10-05','2021','10','In_Po',9.0,0.0,9.0,2.0,11.0,32000.00,'1','2021-10-06 08:50:55'),
(851,94,'ISS2021100005',NULL,4,'2021-10-05','2021','10','In_Po',100.0,0.0,90.0,20.0,120.0,5200.00,'1','2021-10-06 08:50:55'),
(852,1259,'ISS2021100006',NULL,4,'2021-10-08','2021','10','In_Po',2.0,0.0,1.0,0.0,2.0,50600.00,'1','2021-10-09 07:47:52'),
(853,125,'ISS2021100007',NULL,4,'2021-10-08','2021','10','In_Po',5.0,0.0,4.0,0.0,5.0,175000.00,'1','2021-10-09 07:48:02'),
(854,89,'DO2021100003',NULL,4,'2021-10-08','2021','10','DO_Trans',0.0,1.0,0.0,15.0,14.0,7083.33,'1','2021-10-09 07:49:05'),
(855,97,'DO2021100003',NULL,4,'2021-10-08','2021','10','DO_Trans',0.0,2.0,0.0,14.0,12.0,15416.00,'1','2021-10-09 07:49:05'),
(856,125,'DO2021100003',NULL,4,'2021-10-08','2021','10','DO_Trans',0.0,1.0,0.0,5.0,4.0,175000.00,'1','2021-10-09 07:49:05'),
(857,187,'DO2021100003',NULL,4,'2021-10-08','2021','10','DO_Trans',0.0,4.0,0.0,9996.0,9992.0,25000.00,'1','2021-10-09 07:49:05'),
(858,190,'DO2021100003',NULL,4,'2021-10-08','2021','10','DO_Trans',0.0,3.0,0.0,101.0,98.0,2500.00,'1','2021-10-09 07:49:05'),
(859,283,'ISS2021090011',NULL,4,'2021-09-21','2021','09','In_Po',50.0,0.0,0.0,50.0,100.0,12200.00,'1','2021-10-14 08:02:23'),
(860,283,'ISS2021100008',NULL,4,'2021-10-05','2021','10','In_Po',50.0,0.0,50.0,100.0,150.0,12200.00,'1','2021-10-14 08:03:03'),
(861,285,'ISS2021100008',NULL,4,'2021-10-05','2021','10','In_Po',25.0,0.0,13.0,13.0,38.0,6800.00,'1','2021-10-14 08:03:03'),
(862,286,'ISS2021100009',NULL,4,'2021-10-08','2021','10','In_Po',9.0,0.0,0.0,0.0,9.0,475000.00,'1','2021-10-14 08:03:20'),
(863,302,'ISS2021100009',NULL,4,'2021-10-08','2021','10','In_Po',4.0,0.0,0.0,0.0,4.0,277000.00,'1','2021-10-14 08:03:20'),
(864,286,'ISR2021100009',NULL,4,'2021-10-08','2021','10','Rj_InTrans',0.0,9.0,0.0,9.0,0.0,475000.00,'1','2021-10-14 08:03:34'),
(865,302,'ISR2021100009',NULL,4,'2021-10-08','2021','10','Rj_InTrans',0.0,4.0,0.0,4.0,0.0,277000.00,'1','2021-10-14 08:03:34'),
(866,286,'ISS2021100010',NULL,4,'2021-10-08','2021','10','In_Po',9.0,0.0,0.0,0.0,9.0,475000.00,'1','2021-10-14 08:04:06'),
(867,302,'ISS2021100010',NULL,4,'2021-10-08','2021','10','In_Po',4.0,0.0,0.0,0.0,4.0,277000.00,'1','2021-10-14 08:04:06'),
(868,283,'DO2021100004',NULL,4,'2021-10-07','2021','10','DO_Trans',0.0,50.0,0.0,150.0,100.0,12200.00,'1','2021-10-15 05:54:09'),
(869,285,'DO2021100004',NULL,4,'2021-10-07','2021','10','DO_Trans',0.0,12.5,0.0,38.0,25.5,6080.00,'1','2021-10-15 05:54:09'),
(870,190,'DO2021100005',NULL,4,'2021-10-09','2021','10','DO_Trans',0.0,1.0,0.0,98.0,97.0,2500.00,'1','2021-10-15 06:10:32'),
(871,192,'DO2021100005',NULL,4,'2021-10-09','2021','10','DO_Trans',0.0,1.0,0.0,6.0,5.0,7590.00,'1','2021-10-15 06:10:32'),
(872,222,'DO2021100005',NULL,4,'2021-10-09','2021','10','DO_Trans',0.0,2.5,0.0,39.5,37.0,7000.00,'1','2021-10-15 06:10:32'),
(873,101,'ISS2021100011',NULL,4,'2021-10-13','2021','10','In_Po',25.0,0.0,25.0,3.0,28.0,5500.00,'1','2021-10-15 06:51:07'),
(874,106,'ISS2021100011',NULL,4,'2021-10-13','2021','10','In_Po',12.0,0.0,12.0,0.0,12.0,28000.00,'1','2021-10-15 06:51:07'),
(875,659,'ISS2021100011',NULL,4,'2021-10-13','2021','10','In_Po',12.0,0.0,12.0,0.0,12.0,8500.00,'1','2021-10-15 06:51:07'),
(876,34,'ISS2021100012',NULL,4,'2021-10-13','2021','10','In_Po',25.0,0.0,25.0,6.0,31.0,38000.00,'1','2021-10-15 06:52:42'),
(877,36,'ISS2021100012',NULL,4,'2021-10-13','2021','10','In_Po',100.0,0.0,100.0,25.0,125.0,3000.00,'1','2021-10-15 06:52:42'),
(878,37,'ISS2021100012',NULL,4,'2021-10-13','2021','10','In_Po',96.0,0.0,96.0,94.0,190.0,1042.00,'1','2021-10-15 06:52:42'),
(879,42,'ISS2021100013',NULL,4,'2021-10-14','2021','10','In_Po',2500.0,0.0,2500.0,1950.0,4450.0,3600.00,'1','2021-10-15 06:53:15'),
(880,1,'DO2021100006',NULL,4,'2021-10-09','2021','10','DO_Trans',0.0,1.0,0.0,5.0,4.0,235000.00,'1','2021-10-15 07:24:32'),
(881,7,'DO2021100006',NULL,4,'2021-10-09','2021','10','DO_Trans',0.0,2.0,0.0,29.0,27.0,23000.00,'1','2021-10-15 07:24:32'),
(882,8,'DO2021100006',NULL,4,'2021-10-09','2021','10','DO_Trans',0.0,2.0,0.0,8.0,6.0,15000.00,'1','2021-10-15 07:24:32'),
(883,11,'DO2021100006',NULL,4,'2021-10-09','2021','10','DO_Trans',0.0,2.0,0.0,16.0,14.0,10000.00,'1','2021-10-15 07:24:32'),
(884,20,'DO2021100006',NULL,4,'2021-10-09','2021','10','DO_Trans',0.0,12.0,0.0,79.0,67.0,3333.00,'1','2021-10-15 07:24:32'),
(885,21,'DO2021100006',NULL,4,'2021-10-09','2021','10','DO_Trans',0.0,1.0,0.0,9.0,8.0,29167.00,'1','2021-10-15 07:24:32'),
(886,22,'DO2021100006',NULL,4,'2021-10-09','2021','10','DO_Trans',0.0,2.0,0.0,16.0,14.0,58750.00,'1','2021-10-15 07:24:32'),
(887,23,'DO2021100006',NULL,4,'2021-10-09','2021','10','DO_Trans',0.0,5.0,0.0,17.0,12.0,183000.00,'1','2021-10-15 07:24:32'),
(888,25,'DO2021100006',NULL,4,'2021-10-09','2021','10','DO_Trans',0.0,2.0,0.0,7.0,5.0,51667.00,'1','2021-10-15 07:24:32'),
(889,29,'DO2021100006',NULL,4,'2021-10-09','2021','10','DO_Trans',0.0,1.0,0.0,10.0,9.0,33000.00,'1','2021-10-15 07:24:32'),
(890,31,'DO2021100006',NULL,4,'2021-10-09','2021','10','DO_Trans',0.0,2.0,0.0,9.0,7.0,8000.00,'1','2021-10-15 07:24:32'),
(891,34,'DO2021100006',NULL,4,'2021-10-09','2021','10','DO_Trans',0.0,6.0,0.0,31.0,25.0,33000.00,'1','2021-10-15 07:24:32'),
(892,36,'DO2021100006',NULL,4,'2021-10-09','2021','10','DO_Trans',0.0,10.0,0.0,125.0,115.0,3000.00,'1','2021-10-15 07:24:32'),
(893,37,'DO2021100006',NULL,4,'2021-10-09','2021','10','DO_Trans',0.0,15.0,0.0,190.0,175.0,2000.00,'1','2021-10-15 07:24:32'),
(894,39,'DO2021100006',NULL,4,'2021-10-09','2021','10','DO_Trans',0.0,300.0,0.0,2147.0,1847.0,1300.00,'1','2021-10-15 07:24:32'),
(895,41,'DO2021100006',NULL,4,'2021-10-09','2021','10','DO_Trans',0.0,100.0,0.0,1250.0,1150.0,2600.00,'1','2021-10-15 07:24:32'),
(896,42,'DO2021100006',NULL,4,'2021-10-09','2021','10','DO_Trans',0.0,500.0,0.0,4450.0,3950.0,3600.00,'1','2021-10-15 07:24:32'),
(897,43,'DO2021100006',NULL,4,'2021-10-09','2021','10','DO_Trans',0.0,10.0,0.0,76.0,66.0,8000.00,'1','2021-10-15 07:24:32'),
(898,47,'DO2021100006',NULL,4,'2021-10-09','2021','10','DO_Trans',0.0,20.0,0.0,125.0,105.0,2375.00,'1','2021-10-15 07:24:32'),
(899,48,'DO2021100006',NULL,4,'2021-10-09','2021','10','DO_Trans',0.0,4.0,0.0,48.0,44.0,937.50,'1','2021-10-15 07:24:32'),
(900,49,'DO2021100006',NULL,4,'2021-10-09','2021','10','DO_Trans',0.0,2.0,0.0,11.0,9.0,32000.00,'1','2021-10-15 07:24:32'),
(901,50,'DO2021100006',NULL,4,'2021-10-09','2021','10','DO_Trans',0.0,10.0,0.0,94.0,84.0,13200.00,'1','2021-10-15 07:24:32'),
(902,51,'DO2021100006',NULL,4,'2021-10-09','2021','10','DO_Trans',0.0,1.0,0.0,2.0,1.0,73000.00,'1','2021-10-15 07:24:32'),
(903,52,'DO2021100006',NULL,4,'2021-10-09','2021','10','DO_Trans',0.0,1.0,0.0,5.0,4.0,73000.00,'1','2021-10-15 07:24:32'),
(904,56,'DO2021100006',NULL,4,'2021-10-09','2021','10','DO_Trans',0.0,20.0,0.0,53.0,33.0,5000.00,'1','2021-10-15 07:24:32'),
(905,70,'DO2021100006',NULL,4,'2021-10-09','2021','10','DO_Trans',0.0,12.0,0.0,60.0,48.0,10054.17,'1','2021-10-15 07:24:32'),
(906,73,'DO2021100006',NULL,4,'2021-10-09','2021','10','DO_Trans',0.0,12.0,0.0,120.0,108.0,5486.25,'1','2021-10-15 07:24:32'),
(907,74,'DO2021100006',NULL,4,'2021-10-09','2021','10','DO_Trans',0.0,30.0,0.0,663.0,633.0,4000.00,'1','2021-10-15 07:24:32'),
(908,75,'DO2021100006',NULL,4,'2021-10-09','2021','10','DO_Trans',0.0,40.0,0.0,780.0,740.0,4728.00,'1','2021-10-15 07:24:32'),
(909,76,'DO2021100006',NULL,4,'2021-10-09','2021','10','DO_Trans',0.0,7.0,0.0,54.0,47.0,6933.00,'1','2021-10-15 07:24:32'),
(910,77,'DO2021100006',NULL,4,'2021-10-09','2021','10','DO_Trans',0.0,7.0,0.0,70.0,63.0,8000.00,'1','2021-10-15 07:24:32'),
(911,78,'DO2021100006',NULL,4,'2021-10-09','2021','10','DO_Trans',0.0,10.0,0.0,62.0,52.0,10400.00,'1','2021-10-15 07:24:32'),
(912,80,'DO2021100006',NULL,4,'2021-10-09','2021','10','DO_Trans',0.0,10.0,0.0,36.0,26.0,14858.00,'1','2021-10-15 07:24:32'),
(913,82,'DO2021100006',NULL,4,'2021-10-09','2021','10','DO_Trans',0.0,3.0,0.0,8.0,5.0,20000.00,'1','2021-10-15 07:24:32'),
(914,83,'DO2021100006',NULL,4,'2021-10-09','2021','10','DO_Trans',0.0,3.0,0.0,96.0,93.0,10945.00,'1','2021-10-15 07:24:32'),
(915,89,'DO2021100006',NULL,4,'2021-10-09','2021','10','DO_Trans',0.0,4.0,0.0,14.0,10.0,7083.33,'1','2021-10-15 07:24:32'),
(916,92,'DO2021100006',NULL,4,'2021-10-09','2021','10','DO_Trans',0.0,4.0,0.0,38.0,34.0,4833.17,'1','2021-10-15 07:24:32'),
(917,93,'DO2021100006',NULL,4,'2021-10-09','2021','10','DO_Trans',0.0,6.0,0.0,35.0,29.0,2583.00,'1','2021-10-15 07:24:32'),
(918,94,'DO2021100006',NULL,4,'2021-10-09','2021','10','DO_Trans',0.0,30.0,0.0,120.0,90.0,5200.00,'1','2021-10-15 07:24:32'),
(919,95,'DO2021100006',NULL,4,'2021-10-09','2021','10','DO_Trans',0.0,2.0,0.0,4.0,2.0,11833.00,'1','2021-10-15 07:24:32'),
(920,101,'DO2021100006',NULL,4,'2021-10-09','2021','10','DO_Trans',0.0,3.0,0.0,28.0,25.0,5500.00,'1','2021-10-15 07:24:32'),
(921,105,'DO2021100006',NULL,4,'2021-10-09','2021','10','DO_Trans',0.0,1.0,0.0,19.0,18.0,30000.00,'1','2021-10-15 07:24:32'),
(922,126,'DO2021100006',NULL,4,'2021-10-09','2021','10','DO_Trans',0.0,2.0,0.0,4.0,2.0,27000.00,'1','2021-10-15 07:24:32'),
(923,135,'DO2021100006',NULL,4,'2021-10-09','2021','10','DO_Trans',0.0,12.0,0.0,34.0,22.0,4166.00,'1','2021-10-15 07:24:32'),
(924,179,'DO2021100006',NULL,4,'2021-10-09','2021','10','DO_Trans',0.0,80.0,0.0,286.0,206.0,21818.00,'1','2021-10-15 07:24:32'),
(925,187,'DO2021100006',NULL,4,'2021-10-09','2021','10','DO_Trans',0.0,2.0,0.0,9992.0,9990.0,25000.00,'1','2021-10-15 07:24:32'),
(926,188,'DO2021100006',NULL,4,'2021-10-09','2021','10','DO_Trans',0.0,4.0,0.0,9.0,5.0,550000.00,'1','2021-10-15 07:24:32'),
(927,190,'DO2021100006',NULL,4,'2021-10-09','2021','10','DO_Trans',0.0,10.0,0.0,97.0,87.0,2500.00,'1','2021-10-15 07:24:32'),
(928,222,'DO2021100006',NULL,4,'2021-10-09','2021','10','DO_Trans',0.0,3.0,0.0,37.0,34.0,7000.00,'1','2021-10-15 07:24:32'),
(929,566,'DO2021100006',NULL,4,'2021-10-09','2021','10','DO_Trans',0.0,10.0,0.0,56.0,46.0,4300.00,'1','2021-10-15 07:24:32'),
(930,576,'DO2021100006',NULL,4,'2021-10-09','2021','10','DO_Trans',0.0,2.0,0.0,10.0,8.0,20000.00,'1','2021-10-15 07:24:32'),
(931,750,'DO2021100006',NULL,4,'2021-10-09','2021','10','DO_Trans',0.0,4.0,0.0,24.0,20.0,138500.00,'1','2021-10-15 07:24:32'),
(932,940,'DO2021100006',NULL,4,'2021-10-09','2021','10','DO_Trans',0.0,1.0,0.0,1.0,0.0,8500.00,'1','2021-10-15 07:24:32'),
(933,1137,'DO2021100006',NULL,4,'2021-10-09','2021','10','DO_Trans',0.0,12.0,0.0,68.0,56.0,5833.00,'1','2021-10-15 07:24:32'),
(934,1222,'DO2021100006',NULL,4,'2021-10-09','2021','10','DO_Trans',0.0,2.0,0.0,11.0,9.0,2500.00,'1','2021-10-15 07:24:32'),
(935,1223,'DO2021100006',NULL,4,'2021-10-09','2021','10','DO_Trans',0.0,1.0,0.0,45.0,44.0,16666.67,'1','2021-10-15 07:24:32'),
(936,1232,'DO2021100006',NULL,4,'2021-10-09','2021','10','DO_Trans',0.0,1.0,0.0,1.0,0.0,60000.00,'1','2021-10-15 07:24:32'),
(937,1259,'DO2021100006',NULL,4,'2021-10-09','2021','10','DO_Trans',0.0,1.0,0.0,2.0,1.0,50600.00,'1','2021-10-15 07:24:32'),
(938,514,'DO2021100007',NULL,4,'2021-10-08','2021','10','DO_Trans',0.0,20.0,0.0,80.0,60.0,82500.00,'1','2021-10-15 07:28:27'),
(939,1260,'IST2021100014',NULL,4,'2021-10-11','2021','10','In_Others',2.0,0.0,0.0,0.0,2.0,5000.00,'1','2021-10-15 07:39:44'),
(940,1261,'IST2021100014',NULL,4,'2021-10-11','2021','10','In_Others',2.0,0.0,0.0,0.0,2.0,5000.00,'1','2021-10-15 07:39:44'),
(941,192,'DO2021100008',NULL,4,'2021-10-11','2021','10','DO_Trans',0.0,1.0,0.0,5.0,4.0,7590.00,'1','2021-10-15 07:40:04'),
(942,244,'DO2021100008',NULL,4,'2021-10-11','2021','10','DO_Trans',0.0,15.0,0.0,20.0,5.0,38000.00,'1','2021-10-15 07:40:05'),
(943,386,'DO2021100008',NULL,4,'2021-10-11','2021','10','DO_Trans',0.0,10.0,0.0,20.0,10.0,38000.00,'1','2021-10-15 07:40:05'),
(944,1260,'DO2021100008',NULL,4,'2021-10-11','2021','10','DO_Trans',0.0,2.0,0.0,2.0,0.0,5000.00,'1','2021-10-15 07:40:05'),
(945,1261,'DO2021100008',NULL,4,'2021-10-11','2021','10','DO_Trans',0.0,2.0,0.0,2.0,0.0,5000.00,'1','2021-10-15 07:40:05'),
(946,190,'DO2021100009',NULL,4,'2021-10-13','2021','10','DO_Trans',0.0,5.0,0.0,87.0,82.0,2500.00,'1','2021-10-15 07:43:38'),
(947,190,'DO2021100010',NULL,4,'2021-10-13','2021','10','DO_Trans',0.0,5.0,0.0,82.0,77.0,2500.00,'1','2021-10-15 07:43:44'),
(948,190,'DOR2021100010',NULL,4,'2021-10-13','2021','10','Rj_do',5.0,0.0,5.0,77.0,82.0,2500.00,'1','2021-10-15 07:44:11'),
(949,84,'DO2021100011',NULL,4,'2021-10-14','2021','10','DO_Trans',0.0,10.0,0.0,35.0,25.0,3800.00,'1','2021-10-15 07:48:14'),
(950,194,'DO2021100011',NULL,4,'2021-10-14','2021','10','DO_Trans',0.0,5.0,0.0,64.0,59.0,3500.00,'1','2021-10-15 07:48:14'),
(951,283,'DO2021100012',NULL,4,'2021-10-05','2021','10','DO_Trans',0.0,50.0,0.0,100.0,50.0,12200.00,'1','2021-10-18 05:58:52'),
(952,285,'DO2021100012',NULL,4,'2021-10-05','2021','10','DO_Trans',0.0,12.5,0.0,25.5,13.0,6771.20,'1','2021-10-18 05:58:52'),
(953,286,'DO2021100013',NULL,4,'2021-10-08','2021','10','DO_Trans',0.0,9.0,0.0,9.0,0.0,475000.00,'1','2021-10-18 05:59:18'),
(954,302,'DO2021100013',NULL,4,'2021-10-08','2021','10','DO_Trans',0.0,4.0,0.0,4.0,0.0,277000.00,'1','2021-10-18 05:59:18'),
(955,114,'ISS2021100015',NULL,4,'2021-10-18','2021','10','In_Po',12.0,0.0,12.0,0.0,12.0,12500.00,'1','2021-10-18 09:11:25'),
(956,576,'ISS2021100015',NULL,4,'2021-10-18','2021','10','In_Po',60.0,0.0,60.0,8.0,68.0,7500.00,'1','2021-10-18 09:11:25'),
(957,1262,'ISS2021100015',NULL,4,'2021-10-18','2021','10','In_Po',100.0,0.0,94.0,0.0,100.0,7990.00,'1','2021-10-18 09:11:25'),
(958,179,'DO2021100014',NULL,4,'2021-10-15','2021','10','DO_Trans',0.0,60.0,0.0,206.0,146.0,21818.00,'1','2021-10-18 09:14:09'),
(959,190,'DO2021100014',NULL,4,'2021-10-15','2021','10','DO_Trans',0.0,5.0,0.0,82.0,77.0,2500.00,'1','2021-10-18 09:14:09'),
(960,222,'DO2021100014',NULL,4,'2021-10-15','2021','10','DO_Trans',0.0,2.0,0.0,34.0,32.0,7000.00,'1','2021-10-18 09:14:09'),
(961,84,'DO2021100015',NULL,4,'2021-10-17','2021','10','DO_Trans',0.0,5.0,0.0,25.0,20.0,3800.00,'1','2021-10-18 09:14:57'),
(962,89,'DO2021100015',NULL,4,'2021-10-17','2021','10','DO_Trans',0.0,1.0,0.0,10.0,9.0,7083.33,'1','2021-10-18 09:14:57'),
(963,97,'DO2021100015',NULL,4,'2021-10-17','2021','10','DO_Trans',0.0,2.0,0.0,12.0,10.0,15416.00,'1','2021-10-18 09:14:57'),
(964,194,'DO2021100015',NULL,4,'2021-10-17','2021','10','DO_Trans',0.0,8.0,0.0,59.0,51.0,3500.00,'1','2021-10-18 09:14:57'),
(965,222,'DO2021100015',NULL,4,'2021-10-17','2021','10','DO_Trans',0.0,2.5,0.0,32.0,29.5,7000.00,'1','2021-10-18 09:14:57'),
(966,179,'DO2021100016',NULL,4,'2021-10-18','2021','10','DO_Trans',0.0,60.0,0.0,146.0,86.0,21818.00,'1','2021-10-18 09:16:27'),
(967,222,'DO2021100016',NULL,4,'2021-10-18','2021','10','DO_Trans',0.0,2.5,0.0,29.5,27.0,7000.00,'1','2021-10-18 09:16:27'),
(968,1262,'DO2021100017',NULL,4,'2021-10-18','2021','10','DO_Trans',0.0,6.0,0.0,100.0,94.0,7990.00,'1','2021-10-18 09:17:16'),
(969,192,'ISS2021100016',NULL,4,'2021-10-18','2021','10','In_Po',50.0,0.0,50.0,4.0,54.0,11328.00,'1','2021-10-18 09:55:56'),
(970,25,'ISS2021100017',NULL,4,'2021-10-17','2021','10','In_Po',12.0,0.0,12.0,5.0,17.0,57500.00,'1','2021-10-19 07:08:06'),
(971,27,'ISS2021100017',NULL,4,'2021-10-17','2021','10','In_Po',12.0,0.0,12.0,4.0,16.0,8333.00,'1','2021-10-19 07:08:06'),
(972,49,'ISS2021100018',NULL,4,'2021-10-18','2021','10','In_Po',15.0,0.0,15.0,9.0,24.0,32000.00,'1','2021-10-19 07:08:20'),
(973,56,'ISS2021100018',NULL,4,'2021-10-18','2021','10','In_Po',100.0,0.0,100.0,33.0,133.0,5000.00,'1','2021-10-19 07:08:20'),
(974,76,'ISS2021100018',NULL,4,'2021-10-18','2021','10','In_Po',75.0,0.0,75.0,47.0,122.0,6933.00,'1','2021-10-19 07:08:20'),
(975,78,'ISS2021100018',NULL,4,'2021-10-18','2021','10','In_Po',100.0,0.0,100.0,52.0,152.0,10400.00,'1','2021-10-19 07:08:20'),
(976,79,'ISS2021100018',NULL,4,'2021-10-18','2021','10','In_Po',45.0,0.0,45.0,0.0,45.0,11555.00,'1','2021-10-19 07:08:20'),
(977,89,'ISS2021100018',NULL,4,'2021-10-18','2021','10','In_Po',24.0,0.0,24.0,9.0,33.0,7500.00,'1','2021-10-19 07:08:20'),
(978,1137,'ISS2021100019',NULL,4,'2021-10-19','2021','10','In_Po',120.0,0.0,120.0,56.0,176.0,7083.00,'1','2021-10-21 07:43:25'),
(979,31,'ISS2021100020',NULL,4,'2021-10-19','2021','10','In_Po',10.0,0.0,10.0,7.0,17.0,11000.00,'1','2021-10-21 07:43:35'),
(980,135,'ISS2021100021',NULL,4,'2021-10-19','2021','10','In_Po',120.0,0.0,120.0,22.0,142.0,3916.00,'1','2021-10-21 07:43:44'),
(981,286,'ISS2021100022',NULL,4,'2021-10-20','2021','10','In_Po',10.0,0.0,0.0,0.0,10.0,475000.00,'1','2021-10-21 07:49:27'),
(982,302,'ISS2021100022',NULL,4,'2021-10-20','2021','10','In_Po',5.0,0.0,0.0,0.0,5.0,282000.00,'1','2021-10-21 07:49:27'),
(983,286,'DO2021100018',NULL,4,'2021-10-22','2021','10','DO_Trans',0.0,10.0,0.0,10.0,0.0,475000.00,'1','2021-10-22 08:23:26'),
(984,302,'DO2021100018',NULL,4,'2021-10-22','2021','10','DO_Trans',0.0,5.0,0.0,5.0,0.0,282000.00,'1','2021-10-22 08:23:26'),
(985,1233,'ISS2021100023',NULL,6,'2021-10-23','2021','10','In_Po',1.0,0.0,0.0,0.0,1.0,10000.00,'1','2021-10-23 06:03:28'),
(986,39,'OSS2021100001',NULL,4,'2021-10-23','2021','10','Out_tr',0.0,1.0,0.0,1847.0,1846.0,1300.00,'1','2021-10-23 06:03:56'),
(987,39,'ISS2021100024',NULL,6,'2021-10-23','2021','10','In_Trans',1.0,0.0,1.0,0.0,1.0,1300.00,'1','2021-10-23 06:03:56'),
(988,1233,'IST2021110001',NULL,4,'2021-11-02','2021','11','In_Others',30.0,0.0,27.0,0.0,30.0,10000.00,'1','2021-11-02 15:45:12'),
(989,1232,'IST2021110001',NULL,4,'2021-11-02','2021','11','In_Others',30.0,0.0,28.0,0.0,30.0,60000.00,'1','2021-11-02 15:45:12'),
(990,1232,'DO2021110001',NULL,4,'2021-11-02','2021','11','DO_Trans',0.0,2.0,0.0,30.0,28.0,60000.00,'1','2021-11-02 15:48:04'),
(991,1233,'IST2021110002',NULL,6,'2021-11-02','2021','11','In_Others',30.0,0.0,0.0,1.0,31.0,10000.00,'1','2021-11-02 15:58:01'),
(992,1232,'IST2021110002',NULL,6,'2021-11-02','2021','11','In_Others',30.0,0.0,0.0,0.0,30.0,60000.00,'1','2021-11-02 15:58:01'),
(993,1232,'DO2021110002',NULL,6,'2021-11-02','2021','11','DO_Trans',0.0,4.0,0.0,30.0,26.0,60000.00,'1','2021-11-02 16:03:17'),
(994,1233,'DO2021110002',NULL,6,'2021-11-02','2021','11','DO_Trans',0.0,2.0,0.0,31.0,29.0,10000.00,'1','2021-11-02 16:03:17'),
(995,1232,'DO2021110003',NULL,6,'2021-11-02','2021','11','DO_Trans',0.0,3.0,0.0,26.0,23.0,60000.00,'1','2021-11-02 16:06:40'),
(996,1233,'DO2021110003',NULL,6,'2021-11-02','2021','11','DO_Trans',0.0,3.0,0.0,29.0,26.0,10000.00,'1','2021-11-02 16:06:40'),
(997,1232,'DO2021110004',NULL,6,'2021-11-02','2021','11','DO_Trans',0.0,17.0,0.0,23.0,6.0,60000.00,'1','2021-11-02 16:10:22'),
(998,1233,'DO2021110004',NULL,6,'2021-11-02','2021','11','DO_Trans',0.0,7.0,0.0,26.0,19.0,10000.00,'1','2021-11-02 16:10:22'),
(999,1233,'IST2021110003',NULL,6,'2021-11-02','2021','11','In_Others',5.0,0.0,0.0,19.0,24.0,10000.00,'1','2021-11-02 16:15:41'),
(1000,1232,'IST2021110003',NULL,6,'2021-11-02','2021','11','In_Others',5.0,0.0,0.0,6.0,11.0,60000.00,'1','2021-11-02 16:15:41'),
(1001,1232,'DO2021110005',NULL,6,'2021-11-02','2021','11','DO_Trans',0.0,1.0,0.0,11.0,10.0,60000.00,'1','2021-11-02 16:16:51'),
(1002,1233,'DO2021110005',NULL,6,'2021-11-02','2021','11','DO_Trans',0.0,1.0,0.0,24.0,23.0,10000.00,'1','2021-11-02 16:16:51'),
(1003,1232,'DO2021110006',NULL,6,'2021-11-02','2021','11','DO_Trans',0.0,1.0,0.0,10.0,9.0,60000.00,'1','2021-11-02 16:17:09'),
(1004,1233,'DO2021110006',NULL,6,'2021-11-02','2021','11','DO_Trans',0.0,1.0,0.0,23.0,22.0,10000.00,'1','2021-11-02 16:17:09'),
(1005,1232,'DO2021110007',NULL,6,'2021-11-02','2021','11','DO_Trans',0.0,1.0,0.0,9.0,8.0,60000.00,'1','2021-11-02 16:18:19'),
(1006,1233,'DO2021110007',NULL,6,'2021-11-02','2021','11','DO_Trans',0.0,1.0,0.0,22.0,21.0,10000.00,'1','2021-11-02 16:18:19'),
(1007,1232,'DO2021110008',NULL,6,'2021-11-02','2021','11','DO_Trans',0.0,1.0,0.0,8.0,7.0,60000.00,'1','2021-11-02 16:19:26'),
(1008,1233,'DO2021110008',NULL,6,'2021-11-02','2021','11','DO_Trans',0.0,1.0,0.0,21.0,20.0,10000.00,'1','2021-11-02 16:19:26'),
(1009,1232,'DO2021110009',NULL,6,'2021-11-02','2021','11','DO_Trans',0.0,1.0,0.0,7.0,6.0,60000.00,'1','2021-11-02 16:20:43'),
(1010,1233,'DO2021110009',NULL,6,'2021-11-02','2021','11','DO_Trans',0.0,1.0,0.0,20.0,19.0,10000.00,'1','2021-11-02 16:20:43'),
(1011,1232,'DO2021110010',NULL,6,'2021-11-02','2021','11','DO_Trans',0.0,1.0,0.0,6.0,5.0,60000.00,'1','2021-11-02 16:21:23'),
(1012,1233,'DO2021110010',NULL,6,'2021-11-02','2021','11','DO_Trans',0.0,1.0,0.0,19.0,18.0,10000.00,'1','2021-11-02 16:21:23'),
(1013,1232,'DO2021110012',NULL,6,'2021-11-02','2021','11','DO_Trans',0.0,1.0,0.0,5.0,4.0,60000.00,'1','2021-11-02 16:22:44'),
(1014,1233,'DO2021110012',NULL,6,'2021-11-02','2021','11','DO_Trans',0.0,1.0,0.0,18.0,17.0,10000.00,'1','2021-11-02 16:22:44'),
(1015,1232,'DO2021110013',NULL,6,'2021-11-02','2021','11','DO_Trans',0.0,1.0,0.0,4.0,3.0,60000.00,'1','2021-11-02 16:25:09'),
(1016,1233,'DO2021110013',NULL,6,'2021-11-02','2021','11','DO_Trans',0.0,1.0,0.0,17.0,16.0,10000.00,'1','2021-11-02 16:25:09'),
(1017,1232,'DO2021110014',NULL,6,'2021-11-02','2021','11','DO_Trans',0.0,1.0,0.0,3.0,2.0,60000.00,'1','2021-11-02 16:26:26'),
(1018,1233,'DO2021110014',NULL,6,'2021-11-02','2021','11','DO_Trans',0.0,1.0,0.0,16.0,15.0,10000.00,'1','2021-11-02 16:26:27'),
(1019,1232,'DO2021110015',NULL,6,'2021-11-02','2021','11','DO_Trans',0.0,1.0,0.0,2.0,1.0,60000.00,'1','2021-11-02 16:27:50'),
(1020,1233,'DO2021110015',NULL,6,'2021-11-02','2021','11','DO_Trans',0.0,1.0,0.0,15.0,14.0,10000.00,'1','2021-11-02 16:27:50'),
(1021,1232,'DO2021110016',NULL,6,'2021-11-02','2021','11','DO_Trans',0.0,1.0,0.0,1.0,0.0,60000.00,'1','2021-11-02 16:28:32'),
(1022,1233,'DO2021110016',NULL,6,'2021-11-02','2021','11','DO_Trans',0.0,1.0,0.0,14.0,13.0,10000.00,'1','2021-11-02 16:28:32'),
(1023,1232,'DOR2021110005',NULL,6,'2021-11-02','2021','11','Rj_do',1.0,0.0,0.0,0.0,1.0,60000.00,'1','2021-11-02 16:30:06'),
(1024,1233,'DOR2021110005',NULL,6,'2021-11-02','2021','11','Rj_do',1.0,0.0,0.0,13.0,14.0,10000.00,'1','2021-11-02 16:30:06'),
(1025,1232,'DOR2021110006',NULL,6,'2021-11-02','2021','11','Rj_do',1.0,0.0,0.0,1.0,2.0,60000.00,'1','2021-11-02 16:30:07'),
(1026,1233,'DOR2021110006',NULL,6,'2021-11-02','2021','11','Rj_do',1.0,0.0,0.0,14.0,15.0,10000.00,'1','2021-11-02 16:30:07'),
(1027,1232,'DOR2021110007',NULL,6,'2021-11-02','2021','11','Rj_do',1.0,0.0,0.0,2.0,3.0,60000.00,'1','2021-11-02 16:30:07'),
(1028,1233,'DOR2021110007',NULL,6,'2021-11-02','2021','11','Rj_do',1.0,0.0,0.0,15.0,16.0,10000.00,'1','2021-11-02 16:30:07'),
(1029,1232,'DOR2021110008',NULL,6,'2021-11-02','2021','11','Rj_do',1.0,0.0,0.0,3.0,4.0,60000.00,'1','2021-11-02 16:30:07'),
(1030,1233,'DOR2021110008',NULL,6,'2021-11-02','2021','11','Rj_do',1.0,0.0,0.0,16.0,17.0,10000.00,'1','2021-11-02 16:30:07'),
(1031,1232,'DOR2021110009',NULL,6,'2021-11-02','2021','11','Rj_do',1.0,0.0,0.0,4.0,5.0,60000.00,'1','2021-11-02 16:30:07'),
(1032,1233,'DOR2021110009',NULL,6,'2021-11-02','2021','11','Rj_do',1.0,0.0,0.0,17.0,18.0,10000.00,'1','2021-11-02 16:30:07'),
(1033,1232,'DOR2021110010',NULL,6,'2021-11-02','2021','11','Rj_do',1.0,0.0,0.0,5.0,6.0,60000.00,'1','2021-11-02 16:30:07'),
(1034,1233,'DOR2021110010',NULL,6,'2021-11-02','2021','11','Rj_do',1.0,0.0,0.0,18.0,19.0,10000.00,'1','2021-11-02 16:30:07'),
(1035,1232,'DOR2021110011',NULL,6,'2021-11-02','2021','11','Rj_do',0.0,0.0,0.0,6.0,6.0,60000.00,'1','2021-11-02 16:30:07'),
(1036,1232,'DOR2021110012',NULL,6,'2021-11-02','2021','11','Rj_do',1.0,0.0,0.0,6.0,7.0,60000.00,'1','2021-11-02 16:30:07'),
(1037,1233,'DOR2021110012',NULL,6,'2021-11-02','2021','11','Rj_do',1.0,0.0,0.0,19.0,20.0,10000.00,'1','2021-11-02 16:30:07'),
(1038,1232,'DOR2021110013',NULL,6,'2021-11-02','2021','11','Rj_do',1.0,0.0,0.0,7.0,8.0,60000.00,'1','2021-11-02 16:30:07'),
(1039,1233,'DOR2021110013',NULL,6,'2021-11-02','2021','11','Rj_do',1.0,0.0,0.0,20.0,21.0,10000.00,'1','2021-11-02 16:30:07'),
(1040,1232,'DOR2021110014',NULL,6,'2021-11-02','2021','11','Rj_do',1.0,0.0,0.0,8.0,9.0,60000.00,'1','2021-11-02 16:30:07'),
(1041,1233,'DOR2021110014',NULL,6,'2021-11-02','2021','11','Rj_do',1.0,0.0,0.0,21.0,22.0,10000.00,'1','2021-11-02 16:30:07'),
(1042,1232,'DOR2021110015',NULL,6,'2021-11-02','2021','11','Rj_do',1.0,0.0,0.0,9.0,10.0,60000.00,'1','2021-11-02 16:30:07'),
(1043,1233,'DOR2021110015',NULL,6,'2021-11-02','2021','11','Rj_do',1.0,0.0,0.0,22.0,23.0,10000.00,'1','2021-11-02 16:30:07'),
(1044,1232,'DOR2021110016',NULL,6,'2021-11-02','2021','11','Rj_do',1.0,0.0,0.0,10.0,11.0,60000.00,'1','2021-11-02 16:30:07'),
(1045,1233,'DOR2021110016',NULL,6,'2021-11-02','2021','11','Rj_do',1.0,0.0,0.0,23.0,24.0,10000.00,'1','2021-11-02 16:30:07'),
(1046,1233,'IST2021110004',NULL,6,'2021-11-02','2021','11','In_Others',100.0,0.0,76.0,24.0,124.0,10000.00,'1','2021-11-02 16:32:06'),
(1047,1232,'IST2021110004',NULL,6,'2021-11-02','2021','11','In_Others',100.0,0.0,59.0,11.0,111.0,60000.00,'1','2021-11-02 16:32:06'),
(1048,1232,'DO2021110017',NULL,6,'2021-11-02','2021','11','DO_Trans',0.0,26.0,0.0,111.0,85.0,60000.00,'1','2021-11-02 16:39:27'),
(1049,1233,'DO2021110017',NULL,6,'2021-11-02','2021','11','DO_Trans',0.0,24.0,0.0,124.0,100.0,10000.00,'1','2021-11-02 16:39:27'),
(1050,1232,'DOR2021110017',NULL,6,'2021-11-02','2021','11','Rj_do',26.0,0.0,26.0,85.0,111.0,60000.00,'1','2021-11-02 16:40:33'),
(1051,1233,'DOR2021110017',NULL,6,'2021-11-02','2021','11','Rj_do',24.0,0.0,24.0,100.0,124.0,10000.00,'1','2021-11-02 16:40:33'),
(1052,1232,'DO2021110018',NULL,6,'2021-11-02','2021','11','DO_Trans',0.0,26.0,0.0,111.0,85.0,60000.00,'1','2021-11-02 16:40:45'),
(1053,1233,'DO2021110018',NULL,6,'2021-11-02','2021','11','DO_Trans',0.0,24.0,0.0,124.0,100.0,10000.00,'1','2021-11-02 16:40:45');

/*Table structure for table `trn_stock_by_doc_tmp` */

DROP TABLE IF EXISTS `trn_stock_by_doc_tmp`;

CREATE TABLE `trn_stock_by_doc_tmp` (
  `stock_by_doc_id` int(11) NOT NULL AUTO_INCREMENT,
  `items_id` int(11) DEFAULT NULL COMMENT 'Id Barang',
  `doc_no` varchar(15) DEFAULT NULL COMMENT 'Update Dokumen Terakhir yang berhubungan Dengan Stok',
  `project_id` int(11) DEFAULT NULL COMMENT 'Id Project',
  `warehouse_id` int(11) DEFAULT NULL COMMENT 'Gudang Id',
  `trn_date` date DEFAULT NULL COMMENT 'Tanggal Terakhir Yang Berhubungan Dengan Stok',
  `trn_year` varchar(4) DEFAULT NULL COMMENT 'Tahun',
  `trn_month` varchar(2) DEFAULT NULL COMMENT 'Bulan',
  `activity` varchar(15) DEFAULT NULL COMMENT '1=In_Po, In_Trans, In_Others, In_Adj, Out_Trans, Write_Off, Out_Trans, Out_Others, Out_Adj',
  `items_in` decimal(12,2) DEFAULT 0.00 COMMENT 'Qty',
  `items_out` decimal(12,2) DEFAULT 0.00 COMMENT 'Qty',
  `items_remaining` decimal(12,2) NOT NULL DEFAULT 0.00 COMMENT 'Sisa Items Per Dokumen',
  `old_stock` decimal(12,2) DEFAULT 0.00 COMMENT 'Stok Awal',
  `current_stock` decimal(12,2) DEFAULT 0.00 COMMENT 'Stok Akhir',
  `items_price` decimal(12,2) DEFAULT 0.00 COMMENT 'Harga Beli',
  `pic_data` varchar(15) DEFAULT NULL,
  `data_time` datetime DEFAULT NULL,
  PRIMARY KEY (`stock_by_doc_id`),
  KEY `items_id` (`items_id`),
  KEY `warehouse_id` (`warehouse_id`),
  KEY `project_id` (`project_id`)
) ENGINE=InnoDB DEFAULT CHARSET=latin1;

/*Data for the table `trn_stock_by_doc_tmp` */

/*Table structure for table `trn_stock_hist` */

DROP TABLE IF EXISTS `trn_stock_hist`;

CREATE TABLE `trn_stock_hist` (
  `stock_hist_id` int(11) NOT NULL AUTO_INCREMENT,
  `items_id` int(11) DEFAULT NULL COMMENT 'Id Barang',
  `doc_no` varchar(15) DEFAULT NULL COMMENT 'Dokumen Transaksi Stok',
  `warehouse_id` int(11) DEFAULT NULL COMMENT 'Warehouse Id',
  `company_id` int(11) DEFAULT NULL COMMENT 'Id Company',
  `company_name` varchar(50) DEFAULT NULL COMMENT 'Nama Company',
  `trn_date` date DEFAULT NULL COMMENT 'Tanggal Transaksi',
  `trn_year` year(4) DEFAULT NULL COMMENT 'Tahun Transaksi',
  `trn_month` varchar(2) DEFAULT NULL COMMENT 'Bulan Transaksi',
  `activity` varchar(15) DEFAULT NULL COMMENT 'Aktifitas Stok',
  `qty` decimal(7,1) DEFAULT NULL COMMENT 'Qty',
  `old_stock` decimal(7,1) DEFAULT NULL COMMENT 'Stok Awal',
  `current_stock` decimal(7,1) DEFAULT NULL COMMENT 'Stok Akhir',
  PRIMARY KEY (`stock_hist_id`),
  KEY `items_id` (`items_id`),
  KEY `warehouse_id` (`warehouse_id`),
  KEY `company_id` (`company_id`),
  CONSTRAINT `trn_stock_hist_ibfk_1` FOREIGN KEY (`items_id`) REFERENCES `db_pos_master`.`mst_items` (`items_id`) ON UPDATE CASCADE,
  CONSTRAINT `trn_stock_hist_ibfk_2` FOREIGN KEY (`warehouse_id`) REFERENCES `db_pos_master`.`mst_warehouse` (`warehouse_id`) ON UPDATE CASCADE,
  CONSTRAINT `trn_stock_hist_ibfk_3` FOREIGN KEY (`company_id`) REFERENCES `db_pos_master`.`mst_company` (`company_id`) ON UPDATE CASCADE
) ENGINE=InnoDB AUTO_INCREMENT=1055 DEFAULT CHARSET=latin1;

/*Data for the table `trn_stock_hist` */

insert  into `trn_stock_hist`(`stock_hist_id`,`items_id`,`doc_no`,`warehouse_id`,`company_id`,`company_name`,`trn_date`,`trn_year`,`trn_month`,`activity`,`qty`,`old_stock`,`current_stock`) values 
(1,39,'ISS2021060001',4,1,'Suhanda Souwmpie','2021-06-17',2021,'06','In_Po',1000.0,0.0,1000.0),
(2,14,'ISS2021060002',4,1,'Suhanda Souwmpie','2021-06-22',2021,'06','In_Po',5.0,0.0,5.0),
(3,18,'ISS2021060002',4,1,'Suhanda Souwmpie','2021-06-22',2021,'06','In_Po',5.0,0.0,5.0),
(4,28,'ISS2021060002',4,1,'Suhanda Souwmpie','2021-06-22',2021,'06','In_Po',12.0,0.0,12.0),
(5,33,'ISS2021060002',4,1,'Suhanda Souwmpie','2021-06-22',2021,'06','In_Po',8.0,0.0,8.0),
(6,1232,'ISS2021060002',4,1,'Suhanda Souwmpie','2021-06-22',2021,'06','In_Po',1.0,0.0,1.0),
(7,23,'ISS2021060003',4,1,'Suhanda Souwmpie','2021-06-29',2021,'06','In_Po',36.0,0.0,36.0),
(8,179,'ISS2021070001',4,1,'Suhanda Souwmpie','2021-07-16',2021,'07','In_Po',220.0,0.0,220.0),
(10,188,'ISS2021070002',4,1,'Suhanda Souwmpie','2021-07-21',2021,'07','In_Po',15.0,0.0,15.0),
(11,74,'ISS2021070003',4,1,'Suhanda Souwmpie','2021-07-19',2021,'07','In_Po',650.0,0.0,650.0),
(12,75,'ISS2021070003',4,1,'Suhanda Souwmpie','2021-07-19',2021,'07','In_Po',880.0,0.0,880.0),
(13,750,'ISS2021070004',4,1,'Suhanda Souwmpie','2021-07-23',2021,'07','In_Po',16.0,0.0,16.0),
(14,42,'IST2021060004',4,1,'Suhanda Souwmpie','2021-06-17',2021,'06','In_Adjustment',200.0,0.0,200.0),
(15,39,'IST2021060004',4,1,'Suhanda Souwmpie','2021-06-17',2021,'06','In_Adjustment',100.0,1000.0,1100.0),
(16,39,'DO2021060001',4,1,'Suhanda Souwmpie','2021-06-17',2021,'06','DO_Trans',100.0,1100.0,1000.0),
(17,42,'DO2021060001',4,1,'Suhanda Souwmpie','2021-06-17',2021,'06','DO_Trans',200.0,200.0,0.0),
(18,129,'IST2021070005',4,1,'Suhanda Souwmpie','2021-07-13',2021,'07','In_Adjustment',1.0,0.0,1.0),
(19,129,'DO2021070001',4,1,'Suhanda Souwmpie','2021-07-13',2021,'07','DO_Trans',1.0,1.0,0.0),
(20,100,'IST2021070006',4,1,'Suhanda Souwmpie','2021-07-15',2021,'07','In_Adjustment',1.0,0.0,1.0),
(21,100,'DO2021070002',4,1,'Suhanda Souwmpie','2021-07-15',2021,'07','DO_Trans',1.0,1.0,0.0),
(22,89,'IST2021070007',4,1,'Suhanda Souwmpie','2021-07-16',2021,'07','In_Adjustment',1.0,0.0,1.0),
(23,179,'IST2021070007',4,1,'Suhanda Souwmpie','2021-07-16',2021,'07','In_Adjustment',80.0,220.0,300.0),
(24,89,'DO2021070003',4,1,'Suhanda Souwmpie','2021-07-16',2021,'07','DO_Trans',1.0,1.0,0.0),
(25,179,'DO2021070003',4,1,'Suhanda Souwmpie','2021-07-16',2021,'07','DO_Trans',80.0,300.0,220.0),
(26,179,'IST2021070008',4,1,'Suhanda Souwmpie','2021-07-16',2021,'07','In_Adjustment',40.0,220.0,260.0),
(27,179,'DO2021070004',4,1,'Suhanda Souwmpie','2021-07-16',2021,'07','DO_Trans',40.0,260.0,220.0),
(28,179,'IST2021060005',4,1,'Suhanda Souwmpie','2021-06-15',2021,'06','In_Adjustment',80.0,220.0,300.0),
(29,7,'IST2021060005',4,1,'Suhanda Souwmpie','2021-06-15',2021,'06','In_Adjustment',1.0,0.0,1.0),
(30,222,'IST2021060005',4,1,'Suhanda Souwmpie','2021-06-15',2021,'06','In_Adjustment',2.0,0.0,2.0),
(31,179,'ISR2021060005',4,1,'Suhanda Souwmpie','2021-06-15',2021,'06','Rj_InTrans',80.0,300.0,220.0),
(32,7,'ISR2021060005',4,1,'Suhanda Souwmpie','2021-06-15',2021,'06','Rj_InTrans',1.0,1.0,0.0),
(33,222,'ISR2021060005',4,1,'Suhanda Souwmpie','2021-06-15',2021,'06','Rj_InTrans',2.0,2.0,0.0),
(34,179,'IST2021060006',4,1,'Suhanda Souwmpie','2021-06-15',2021,'06','In_Adjustment',80.0,220.0,300.0),
(35,7,'IST2021060006',4,1,'Suhanda Souwmpie','2021-06-15',2021,'06','In_Adjustment',1.0,0.0,1.0),
(36,222,'IST2021060006',4,1,'Suhanda Souwmpie','2021-06-15',2021,'06','In_Adjustment',2.0,0.0,2.0),
(37,7,'DO2021060002',4,1,'Suhanda Souwmpie','2021-06-15',2021,'06','DO_Trans',1.0,1.0,0.0),
(38,179,'DO2021060002',4,1,'Suhanda Souwmpie','2021-06-15',2021,'06','DO_Trans',80.0,300.0,220.0),
(39,222,'DO2021060002',4,1,'Suhanda Souwmpie','2021-06-15',2021,'06','DO_Trans',2.0,2.0,0.0),
(40,190,'IST2021060007',4,1,'Suhanda Souwmpie','2021-06-17',2021,'06','In_Adjustment',2.0,0.0,2.0),
(41,84,'IST2021060007',4,1,'Suhanda Souwmpie','2021-06-17',2021,'06','In_Adjustment',3.0,0.0,3.0),
(42,84,'DO2021060003',4,1,'Suhanda Souwmpie','2021-06-17',2021,'06','DO_Trans',3.0,3.0,0.0),
(43,190,'DO2021060003',4,1,'Suhanda Souwmpie','2021-06-17',2021,'06','DO_Trans',2.0,2.0,0.0),
(44,214,'IST2021060008',4,1,'Suhanda Souwmpie','2021-06-20',2021,'06','In_Others',3.0,0.0,3.0),
(45,289,'IST2021060008',4,1,'Suhanda Souwmpie','2021-06-20',2021,'06','In_Others',36.0,0.0,36.0),
(46,205,'IST2021060008',4,1,'Suhanda Souwmpie','2021-06-20',2021,'06','In_Others',36.0,0.0,36.0),
(47,205,'DO2021060004',4,1,'Suhanda Souwmpie','2021-06-20',2021,'06','DO_Trans',36.0,36.0,0.0),
(48,214,'DO2021060004',4,1,'Suhanda Souwmpie','2021-06-20',2021,'06','DO_Trans',3.0,3.0,0.0),
(49,289,'DO2021060004',4,1,'Suhanda Souwmpie','2021-06-20',2021,'06','DO_Trans',36.0,36.0,0.0),
(50,179,'IST2021060009',4,1,'Suhanda Souwmpie','2021-06-16',2021,'06','In_Adjustment',100.0,220.0,320.0),
(51,222,'IST2021060009',4,1,'Suhanda Souwmpie','2021-06-16',2021,'06','In_Adjustment',3.0,0.0,3.0),
(52,7,'IST2021060009',4,1,'Suhanda Souwmpie','2021-06-16',2021,'06','In_Adjustment',1.0,0.0,1.0),
(53,7,'DO2021060005',4,1,'Suhanda Souwmpie','2021-06-16',2021,'06','DO_Trans',1.0,1.0,0.0),
(54,179,'DO2021060005',4,1,'Suhanda Souwmpie','2021-06-16',2021,'06','DO_Trans',100.0,320.0,220.0),
(55,222,'DO2021060005',4,1,'Suhanda Souwmpie','2021-06-16',2021,'06','DO_Trans',3.0,3.0,0.0),
(56,1224,'IST2021060010',4,1,'Suhanda Souwmpie','2021-06-30',2021,'06','In_Adjustment',1.0,0.0,1.0),
(57,1224,'DO2021060006',4,1,'Suhanda Souwmpie','2021-06-30',2021,'06','DO_Trans',1.0,1.0,0.0),
(58,98,'IST2021060011',4,1,'Suhanda Souwmpie','2021-06-17',2021,'06','In_Adjustment',1.0,0.0,1.0),
(59,192,'IST2021060011',4,1,'Suhanda Souwmpie','2021-06-17',2021,'06','In_Adjustment',2.0,0.0,2.0),
(60,98,'DO2021060007',4,1,'Suhanda Souwmpie','2021-06-17',2021,'06','DO_Trans',1.0,1.0,0.0),
(61,192,'DO2021060007',4,1,'Suhanda Souwmpie','2021-06-17',2021,'06','DO_Trans',2.0,2.0,0.0),
(62,21,'ISS2021060012',4,1,'Suhanda Souwmpie','2021-06-27',2021,'06','In_Po',12.0,0.0,12.0),
(63,20,'ISS2021070009',4,1,'Suhanda Souwmpie','2021-07-10',2021,'07','In_Po',96.0,0.0,96.0),
(64,179,'IST2021060013',4,1,'Suhanda Souwmpie','2021-06-15',2021,'06','In_Adjustment',80.0,220.0,300.0),
(65,7,'IST2021060013',4,1,'Suhanda Souwmpie','2021-06-15',2021,'06','In_Adjustment',1.0,0.0,1.0),
(66,222,'IST2021060013',4,1,'Suhanda Souwmpie','2021-06-15',2021,'06','In_Adjustment',2.0,0.0,2.0),
(67,136,'ISS2021070010',4,1,'Suhanda Souwmpie','2021-07-24',2021,'07','In_Po',1.0,0.0,1.0),
(68,459,'IST2021080001',4,1,'Suhanda Souwmpie','2021-08-03',2021,'08','In_Others',6.0,0.0,6.0),
(69,1234,'IST2021080001',4,1,'Suhanda Souwmpie','2021-08-03',2021,'08','In_Others',5.0,0.0,5.0),
(70,576,'IST2021070011',4,1,'Suhanda Souwmpie','2021-07-13',2021,'07','In_Adjustment',2.0,0.0,2.0),
(71,51,'IST2021070011',4,1,'Suhanda Souwmpie','2021-07-13',2021,'07','In_Adjustment',2.0,0.0,2.0),
(72,110,'IST2021070011',4,1,'Suhanda Souwmpie','2021-07-13',2021,'07','In_Adjustment',1.0,0.0,1.0),
(73,1227,'IST2021070011',4,1,'Suhanda Souwmpie','2021-07-13',2021,'07','In_Adjustment',2.0,0.0,2.0),
(74,106,'IST2021070011',4,1,'Suhanda Souwmpie','2021-07-13',2021,'07','In_Adjustment',1.0,0.0,1.0),
(75,125,'IST2021070011',4,1,'Suhanda Souwmpie','2021-07-13',2021,'07','In_Adjustment',1.0,0.0,1.0),
(76,84,'IST2021070011',4,1,'Suhanda Souwmpie','2021-07-13',2021,'07','In_Adjustment',10.0,0.0,10.0),
(77,105,'IST2021070011',4,1,'Suhanda Souwmpie','2021-07-13',2021,'07','In_Adjustment',1.0,0.0,1.0),
(78,101,'IST2021070011',4,1,'Suhanda Souwmpie','2021-07-13',2021,'07','In_Adjustment',2.0,0.0,2.0),
(79,7,'IST2021070011',4,1,'Suhanda Souwmpie','2021-07-13',2021,'07','In_Adjustment',2.0,1.0,3.0),
(80,9,'IST2021070011',4,1,'Suhanda Souwmpie','2021-07-13',2021,'07','In_Adjustment',12.0,0.0,12.0),
(81,95,'IST2021070011',4,1,'Suhanda Souwmpie','2021-07-13',2021,'07','In_Adjustment',2.0,0.0,2.0),
(82,97,'IST2021070011',4,1,'Suhanda Souwmpie','2021-07-13',2021,'07','In_Adjustment',2.0,0.0,2.0),
(83,222,'IST2021070011',4,1,'Suhanda Souwmpie','2021-07-13',2021,'07','In_Adjustment',5.0,2.0,7.0),
(84,83,'IST2021070011',4,1,'Suhanda Souwmpie','2021-07-13',2021,'07','In_Adjustment',3.0,0.0,3.0),
(85,25,'IST2021070011',4,1,'Suhanda Souwmpie','2021-07-13',2021,'07','In_Adjustment',2.0,0.0,2.0),
(86,135,'IST2021070011',4,1,'Suhanda Souwmpie','2021-07-13',2021,'07','In_Adjustment',12.0,0.0,12.0),
(87,31,'IST2021070011',4,1,'Suhanda Souwmpie','2021-07-13',2021,'07','In_Adjustment',1.0,0.0,1.0),
(88,1,'IST2021070011',4,1,'Suhanda Souwmpie','2021-07-13',2021,'07','In_Adjustment',2.0,0.0,2.0),
(89,23,'IST2021070011',4,1,'Suhanda Souwmpie','2021-07-13',2021,'07','In_Adjustment',6.0,36.0,42.0),
(90,36,'IST2021070011',4,1,'Suhanda Souwmpie','2021-07-13',2021,'07','In_Adjustment',10.0,0.0,10.0),
(91,34,'IST2021070011',4,1,'Suhanda Souwmpie','2021-07-13',2021,'07','In_Adjustment',3.0,0.0,3.0),
(92,1221,'IST2021070011',4,1,'Suhanda Souwmpie','2021-07-13',2021,'07','In_Adjustment',1.0,0.0,1.0),
(93,33,'IST2021070011',4,1,'Suhanda Souwmpie','2021-07-13',2021,'07','In_Adjustment',1.0,8.0,9.0),
(94,570,'IST2021070011',4,1,'Suhanda Souwmpie','2021-07-13',2021,'07','In_Adjustment',1.0,0.0,1.0),
(95,37,'IST2021070011',4,1,'Suhanda Souwmpie','2021-07-13',2021,'07','In_Adjustment',10.0,0.0,10.0),
(96,1137,'IST2021070011',4,1,'Suhanda Souwmpie','2021-07-13',2021,'07','In_Adjustment',12.0,0.0,12.0),
(97,22,'IST2021070011',4,1,'Suhanda Souwmpie','2021-07-13',2021,'07','In_Adjustment',1.0,0.0,1.0),
(98,77,'IST2021070011',4,1,'Suhanda Souwmpie','2021-07-13',2021,'07','In_Adjustment',10.0,0.0,10.0),
(99,80,'IST2021070011',4,1,'Suhanda Souwmpie','2021-07-13',2021,'07','In_Adjustment',10.0,0.0,10.0),
(100,79,'IST2021070011',4,1,'Suhanda Souwmpie','2021-07-13',2021,'07','In_Adjustment',10.0,0.0,10.0),
(101,74,'IST2021070011',4,1,'Suhanda Souwmpie','2021-07-13',2021,'07','In_Adjustment',30.0,650.0,680.0),
(102,56,'IST2021070011',4,1,'Suhanda Souwmpie','2021-07-13',2021,'07','In_Adjustment',20.0,0.0,20.0),
(103,49,'IST2021070011',4,1,'Suhanda Souwmpie','2021-07-13',2021,'07','In_Adjustment',2.0,0.0,2.0),
(104,39,'IST2021070011',4,1,'Suhanda Souwmpie','2021-07-13',2021,'07','In_Adjustment',150.0,1000.0,1150.0),
(105,40,'IST2021070011',4,1,'Suhanda Souwmpie','2021-07-13',2021,'07','In_Adjustment',100.0,0.0,100.0),
(106,67,'IST2021070011',4,1,'Suhanda Souwmpie','2021-07-13',2021,'07','In_Adjustment',3.0,0.0,3.0),
(107,68,'IST2021070011',4,1,'Suhanda Souwmpie','2021-07-13',2021,'07','In_Adjustment',3.0,0.0,3.0),
(108,187,'IST2021070011',4,1,'Suhanda Souwmpie','2021-07-13',2021,'07','In_Adjustment',3.0,0.0,3.0),
(109,390,'IST2021070011',4,1,'Suhanda Souwmpie','2021-07-13',2021,'07','In_Adjustment',1.0,0.0,1.0),
(110,94,'IST2021070011',4,1,'Suhanda Souwmpie','2021-07-13',2021,'07','In_Adjustment',20.0,0.0,20.0),
(111,47,'IST2021070011',4,1,'Suhanda Souwmpie','2021-07-13',2021,'07','In_Adjustment',12.0,0.0,12.0),
(112,41,'IST2021070011',4,1,'Suhanda Souwmpie','2021-07-13',2021,'07','In_Adjustment',200.0,0.0,200.0),
(113,42,'IST2021070011',4,1,'Suhanda Souwmpie','2021-07-13',2021,'07','In_Adjustment',400.0,0.0,400.0),
(114,43,'IST2021070011',4,1,'Suhanda Souwmpie','2021-07-13',2021,'07','In_Adjustment',10.0,0.0,10.0),
(115,59,'IST2021070011',4,1,'Suhanda Souwmpie','2021-07-13',2021,'07','In_Adjustment',1.0,0.0,1.0),
(116,566,'IST2021070011',4,1,'Suhanda Souwmpie','2021-07-13',2021,'07','In_Adjustment',15.0,0.0,15.0),
(117,89,'IST2021070011',4,1,'Suhanda Souwmpie','2021-07-13',2021,'07','In_Adjustment',5.0,0.0,5.0),
(118,93,'IST2021070011',4,1,'Suhanda Souwmpie','2021-07-13',2021,'07','In_Adjustment',5.0,0.0,5.0),
(119,92,'IST2021070011',4,1,'Suhanda Souwmpie','2021-07-13',2021,'07','In_Adjustment',5.0,0.0,5.0),
(120,48,'IST2021070011',4,1,'Suhanda Souwmpie','2021-07-13',2021,'07','In_Adjustment',5.0,0.0,5.0),
(121,50,'IST2021070011',4,1,'Suhanda Souwmpie','2021-07-13',2021,'07','In_Adjustment',8.0,0.0,8.0),
(122,188,'IST2021070011',4,1,'Suhanda Souwmpie','2021-07-13',2021,'07','In_Adjustment',3.0,15.0,18.0),
(123,1136,'IST2021070011',4,1,'Suhanda Souwmpie','2021-07-13',2021,'07','In_Adjustment',1.0,0.0,1.0),
(124,1,'DO2021070005',4,1,'Suhanda Souwmpie','2021-07-13',2021,'07','DO_Trans',2.0,2.0,0.0),
(125,7,'DO2021070005',4,1,'Suhanda Souwmpie','2021-07-13',2021,'07','DO_Trans',2.0,3.0,1.0),
(126,9,'DO2021070005',4,1,'Suhanda Souwmpie','2021-07-13',2021,'07','DO_Trans',12.0,12.0,0.0),
(127,22,'DO2021070005',4,1,'Suhanda Souwmpie','2021-07-13',2021,'07','DO_Trans',1.0,1.0,0.0),
(128,23,'DO2021070005',4,1,'Suhanda Souwmpie','2021-07-13',2021,'07','DO_Trans',6.0,42.0,36.0),
(129,25,'DO2021070005',4,1,'Suhanda Souwmpie','2021-07-13',2021,'07','DO_Trans',2.0,2.0,0.0),
(130,31,'DO2021070005',4,1,'Suhanda Souwmpie','2021-07-13',2021,'07','DO_Trans',1.0,1.0,0.0),
(131,33,'DO2021070005',4,1,'Suhanda Souwmpie','2021-07-13',2021,'07','DO_Trans',1.0,9.0,8.0),
(132,34,'DO2021070005',4,1,'Suhanda Souwmpie','2021-07-13',2021,'07','DO_Trans',3.0,3.0,0.0),
(133,36,'DO2021070005',4,1,'Suhanda Souwmpie','2021-07-13',2021,'07','DO_Trans',10.0,10.0,0.0),
(134,37,'DO2021070005',4,1,'Suhanda Souwmpie','2021-07-13',2021,'07','DO_Trans',10.0,10.0,0.0),
(135,39,'DO2021070005',4,1,'Suhanda Souwmpie','2021-07-13',2021,'07','DO_Trans',150.0,1150.0,1000.0),
(136,40,'DO2021070005',4,1,'Suhanda Souwmpie','2021-07-13',2021,'07','DO_Trans',100.0,100.0,0.0),
(137,41,'DO2021070005',4,1,'Suhanda Souwmpie','2021-07-13',2021,'07','DO_Trans',200.0,200.0,0.0),
(138,42,'DO2021070005',4,1,'Suhanda Souwmpie','2021-07-13',2021,'07','DO_Trans',400.0,400.0,0.0),
(139,43,'DO2021070005',4,1,'Suhanda Souwmpie','2021-07-13',2021,'07','DO_Trans',10.0,10.0,0.0),
(140,47,'DO2021070005',4,1,'Suhanda Souwmpie','2021-07-13',2021,'07','DO_Trans',12.0,12.0,0.0),
(141,48,'DO2021070005',4,1,'Suhanda Souwmpie','2021-07-13',2021,'07','DO_Trans',5.0,5.0,0.0),
(142,49,'DO2021070005',4,1,'Suhanda Souwmpie','2021-07-13',2021,'07','DO_Trans',2.0,2.0,0.0),
(143,50,'DO2021070005',4,1,'Suhanda Souwmpie','2021-07-13',2021,'07','DO_Trans',8.0,8.0,0.0),
(144,51,'DO2021070005',4,1,'Suhanda Souwmpie','2021-07-13',2021,'07','DO_Trans',2.0,2.0,0.0),
(145,56,'DO2021070005',4,1,'Suhanda Souwmpie','2021-07-13',2021,'07','DO_Trans',20.0,20.0,0.0),
(146,59,'DO2021070005',4,1,'Suhanda Souwmpie','2021-07-13',2021,'07','DO_Trans',1.0,1.0,0.0),
(147,67,'DO2021070005',4,1,'Suhanda Souwmpie','2021-07-13',2021,'07','DO_Trans',3.0,3.0,0.0),
(148,68,'DO2021070005',4,1,'Suhanda Souwmpie','2021-07-13',2021,'07','DO_Trans',3.0,3.0,0.0),
(149,74,'DO2021070005',4,1,'Suhanda Souwmpie','2021-07-13',2021,'07','DO_Trans',30.0,680.0,650.0),
(150,77,'DO2021070005',4,1,'Suhanda Souwmpie','2021-07-13',2021,'07','DO_Trans',10.0,10.0,0.0),
(151,79,'DO2021070005',4,1,'Suhanda Souwmpie','2021-07-13',2021,'07','DO_Trans',10.0,10.0,0.0),
(152,80,'DO2021070005',4,1,'Suhanda Souwmpie','2021-07-13',2021,'07','DO_Trans',10.0,10.0,0.0),
(153,83,'DO2021070005',4,1,'Suhanda Souwmpie','2021-07-13',2021,'07','DO_Trans',3.0,3.0,0.0),
(154,84,'DO2021070005',4,1,'Suhanda Souwmpie','2021-07-13',2021,'07','DO_Trans',10.0,10.0,0.0),
(155,89,'DO2021070005',4,1,'Suhanda Souwmpie','2021-07-13',2021,'07','DO_Trans',5.0,5.0,0.0),
(156,92,'DO2021070005',4,1,'Suhanda Souwmpie','2021-07-13',2021,'07','DO_Trans',5.0,5.0,0.0),
(157,93,'DO2021070005',4,1,'Suhanda Souwmpie','2021-07-13',2021,'07','DO_Trans',5.0,5.0,0.0),
(158,94,'DO2021070005',4,1,'Suhanda Souwmpie','2021-07-13',2021,'07','DO_Trans',2.0,20.0,18.0),
(159,95,'DO2021070005',4,1,'Suhanda Souwmpie','2021-07-13',2021,'07','DO_Trans',2.0,2.0,0.0),
(160,97,'DO2021070005',4,1,'Suhanda Souwmpie','2021-07-13',2021,'07','DO_Trans',2.0,2.0,0.0),
(161,101,'DO2021070005',4,1,'Suhanda Souwmpie','2021-07-13',2021,'07','DO_Trans',2.0,2.0,0.0),
(162,105,'DO2021070005',4,1,'Suhanda Souwmpie','2021-07-13',2021,'07','DO_Trans',1.0,1.0,0.0),
(163,106,'DO2021070005',4,1,'Suhanda Souwmpie','2021-07-13',2021,'07','DO_Trans',1.0,1.0,0.0),
(164,110,'DO2021070005',4,1,'Suhanda Souwmpie','2021-07-13',2021,'07','DO_Trans',1.0,1.0,0.0),
(165,125,'DO2021070005',4,1,'Suhanda Souwmpie','2021-07-13',2021,'07','DO_Trans',1.0,1.0,0.0),
(166,135,'DO2021070005',4,1,'Suhanda Souwmpie','2021-07-13',2021,'07','DO_Trans',12.0,12.0,0.0),
(167,187,'DO2021070005',4,1,'Suhanda Souwmpie','2021-07-13',2021,'07','DO_Trans',3.0,3.0,0.0),
(168,188,'DO2021070005',4,1,'Suhanda Souwmpie','2021-07-13',2021,'07','DO_Trans',3.0,18.0,15.0),
(169,222,'DO2021070005',4,1,'Suhanda Souwmpie','2021-07-13',2021,'07','DO_Trans',5.0,7.0,2.0),
(170,390,'DO2021070005',4,1,'Suhanda Souwmpie','2021-07-13',2021,'07','DO_Trans',1.0,1.0,0.0),
(171,566,'DO2021070005',4,1,'Suhanda Souwmpie','2021-07-13',2021,'07','DO_Trans',15.0,15.0,0.0),
(172,570,'DO2021070005',4,1,'Suhanda Souwmpie','2021-07-13',2021,'07','DO_Trans',1.0,1.0,0.0),
(173,576,'DO2021070005',4,1,'Suhanda Souwmpie','2021-07-13',2021,'07','DO_Trans',2.0,2.0,0.0),
(174,1136,'DO2021070005',4,1,'Suhanda Souwmpie','2021-07-13',2021,'07','DO_Trans',1.0,1.0,0.0),
(175,1137,'DO2021070005',4,1,'Suhanda Souwmpie','2021-07-13',2021,'07','DO_Trans',12.0,12.0,0.0),
(176,1221,'DO2021070005',4,1,'Suhanda Souwmpie','2021-07-13',2021,'07','DO_Trans',1.0,1.0,0.0),
(177,1227,'DO2021070005',4,1,'Suhanda Souwmpie','2021-07-13',2021,'07','DO_Trans',2.0,2.0,0.0),
(178,94,'DO2021070006',4,1,'Suhanda Souwmpie','2021-07-13',2021,'07','DO_Trans',18.0,18.0,0.0),
(179,22,'IST2021070012',4,1,'Suhanda Souwmpie','2021-07-31',2021,'07','In_Adjustment',1.0,0.0,1.0),
(180,37,'IST2021070012',4,1,'Suhanda Souwmpie','2021-07-31',2021,'07','In_Adjustment',8.0,0.0,8.0),
(181,23,'IST2021070012',4,1,'Suhanda Souwmpie','2021-07-31',2021,'07','In_Adjustment',2.0,36.0,38.0),
(182,97,'IST2021070012',4,1,'Suhanda Souwmpie','2021-07-31',2021,'07','In_Adjustment',2.0,0.0,2.0),
(183,7,'IST2021070012',4,1,'Suhanda Souwmpie','2021-07-31',2021,'07','In_Adjustment',1.0,1.0,2.0),
(184,75,'IST2021070012',4,1,'Suhanda Souwmpie','2021-07-31',2021,'07','In_Adjustment',30.0,880.0,910.0),
(185,73,'IST2021070012',4,1,'Suhanda Souwmpie','2021-07-31',2021,'07','In_Adjustment',12.0,0.0,12.0),
(186,7,'DO2021070007',4,1,'Suhanda Souwmpie','2021-07-31',2021,'07','DO_Trans',1.0,2.0,1.0),
(187,22,'DO2021070007',4,1,'Suhanda Souwmpie','2021-07-31',2021,'07','DO_Trans',1.0,1.0,0.0),
(188,23,'DO2021070007',4,1,'Suhanda Souwmpie','2021-07-31',2021,'07','DO_Trans',2.0,38.0,36.0),
(189,37,'DO2021070007',4,1,'Suhanda Souwmpie','2021-07-31',2021,'07','DO_Trans',8.0,8.0,0.0),
(190,73,'DO2021070007',4,1,'Suhanda Souwmpie','2021-07-31',2021,'07','DO_Trans',12.0,12.0,0.0),
(191,75,'DO2021070007',4,1,'Suhanda Souwmpie','2021-07-31',2021,'07','DO_Trans',30.0,910.0,880.0),
(192,97,'DO2021070007',4,1,'Suhanda Souwmpie','2021-07-31',2021,'07','DO_Trans',2.0,2.0,0.0),
(193,1,'ISS2021080002',4,1,'Suhanda Souwmpie','2021-08-04',2021,'08','In_Po',8.0,0.0,8.0),
(194,42,'ISS2021080003',4,1,'Suhanda Souwmpie','2021-08-09',2021,'08','In_Po',2500.0,0.0,2500.0),
(195,179,'DO2021080001',4,1,'Suhanda Souwmpie','2021-08-07',2021,'08','DO_Trans',20.0,300.0,280.0),
(196,179,'DO2021080002',4,1,'Suhanda Souwmpie','2021-08-07',2021,'08','DO_Trans',80.0,280.0,200.0),
(197,214,'IST2021080004',4,1,'Suhanda Souwmpie','2021-08-03',2021,'08','In_Adjustment',2.0,0.0,2.0),
(198,289,'IST2021080004',4,1,'Suhanda Souwmpie','2021-08-03',2021,'08','In_Adjustment',14.0,0.0,14.0),
(199,205,'IST2021080004',4,1,'Suhanda Souwmpie','2021-08-03',2021,'08','In_Adjustment',14.0,0.0,14.0),
(200,190,'IST2021080004',4,1,'Suhanda Souwmpie','2021-08-03',2021,'08','In_Adjustment',3.0,0.0,3.0),
(201,1181,'IST2021080004',4,1,'Suhanda Souwmpie','2021-08-03',2021,'08','In_Adjustment',1.0,0.0,1.0),
(202,194,'IST2021080004',4,1,'Suhanda Souwmpie','2021-08-03',2021,'08','In_Adjustment',5.0,0.0,5.0),
(203,706,'IST2021080004',4,1,'Suhanda Souwmpie','2021-08-03',2021,'08','In_Adjustment',1.0,0.0,1.0),
(204,382,'IST2021080004',4,1,'Suhanda Souwmpie','2021-08-03',2021,'08','In_Adjustment',12.0,0.0,12.0),
(205,220,'IST2021080004',4,1,'Suhanda Souwmpie','2021-08-03',2021,'08','In_Adjustment',5.0,0.0,5.0),
(206,190,'DO2021080003',4,1,'Suhanda Souwmpie','2021-08-03',2021,'08','DO_Trans',3.0,3.0,0.0),
(207,194,'DO2021080003',4,1,'Suhanda Souwmpie','2021-08-03',2021,'08','DO_Trans',5.0,5.0,0.0),
(208,205,'DO2021080003',4,1,'Suhanda Souwmpie','2021-08-03',2021,'08','DO_Trans',14.0,14.0,0.0),
(209,214,'DO2021080003',4,1,'Suhanda Souwmpie','2021-08-03',2021,'08','DO_Trans',2.0,2.0,0.0),
(210,220,'DO2021080003',4,1,'Suhanda Souwmpie','2021-08-03',2021,'08','DO_Trans',5.0,5.0,0.0),
(211,289,'DO2021080003',4,1,'Suhanda Souwmpie','2021-08-03',2021,'08','DO_Trans',14.0,14.0,0.0),
(212,382,'DO2021080003',4,1,'Suhanda Souwmpie','2021-08-03',2021,'08','DO_Trans',12.0,12.0,0.0),
(213,706,'DO2021080003',4,1,'Suhanda Souwmpie','2021-08-03',2021,'08','DO_Trans',1.0,1.0,0.0),
(214,1181,'DO2021080003',4,1,'Suhanda Souwmpie','2021-08-03',2021,'08','DO_Trans',1.0,1.0,0.0),
(215,1,'DOR2021070005',4,1,'Suhanda Souwmpie','2021-07-13',2021,'07','Rj_do',2.0,8.0,10.0),
(216,7,'DOR2021070005',4,1,'Suhanda Souwmpie','2021-07-13',2021,'07','Rj_do',2.0,1.0,3.0),
(217,9,'DOR2021070005',4,1,'Suhanda Souwmpie','2021-07-13',2021,'07','Rj_do',12.0,0.0,12.0),
(218,22,'DOR2021070005',4,1,'Suhanda Souwmpie','2021-07-13',2021,'07','Rj_do',1.0,0.0,1.0),
(219,23,'DOR2021070005',4,1,'Suhanda Souwmpie','2021-07-13',2021,'07','Rj_do',6.0,36.0,42.0),
(220,25,'DOR2021070005',4,1,'Suhanda Souwmpie','2021-07-13',2021,'07','Rj_do',2.0,0.0,2.0),
(221,31,'DOR2021070005',4,1,'Suhanda Souwmpie','2021-07-13',2021,'07','Rj_do',1.0,0.0,1.0),
(222,33,'DOR2021070005',4,1,'Suhanda Souwmpie','2021-07-13',2021,'07','Rj_do',1.0,8.0,9.0),
(223,34,'DOR2021070005',4,1,'Suhanda Souwmpie','2021-07-13',2021,'07','Rj_do',3.0,0.0,3.0),
(224,36,'DOR2021070005',4,1,'Suhanda Souwmpie','2021-07-13',2021,'07','Rj_do',10.0,0.0,10.0),
(225,37,'DOR2021070005',4,1,'Suhanda Souwmpie','2021-07-13',2021,'07','Rj_do',10.0,0.0,10.0),
(226,39,'DOR2021070005',4,1,'Suhanda Souwmpie','2021-07-13',2021,'07','Rj_do',150.0,1000.0,1150.0),
(227,40,'DOR2021070005',4,1,'Suhanda Souwmpie','2021-07-13',2021,'07','Rj_do',100.0,0.0,100.0),
(228,41,'DOR2021070005',4,1,'Suhanda Souwmpie','2021-07-13',2021,'07','Rj_do',200.0,0.0,200.0),
(229,42,'DOR2021070005',4,1,'Suhanda Souwmpie','2021-07-13',2021,'07','Rj_do',400.0,2500.0,2900.0),
(230,43,'DOR2021070005',4,1,'Suhanda Souwmpie','2021-07-13',2021,'07','Rj_do',10.0,0.0,10.0),
(231,47,'DOR2021070005',4,1,'Suhanda Souwmpie','2021-07-13',2021,'07','Rj_do',12.0,0.0,12.0),
(232,48,'DOR2021070005',4,1,'Suhanda Souwmpie','2021-07-13',2021,'07','Rj_do',5.0,0.0,5.0),
(233,49,'DOR2021070005',4,1,'Suhanda Souwmpie','2021-07-13',2021,'07','Rj_do',2.0,0.0,2.0),
(234,50,'DOR2021070005',4,1,'Suhanda Souwmpie','2021-07-13',2021,'07','Rj_do',8.0,0.0,8.0),
(235,51,'DOR2021070005',4,1,'Suhanda Souwmpie','2021-07-13',2021,'07','Rj_do',2.0,0.0,2.0),
(236,56,'DOR2021070005',4,1,'Suhanda Souwmpie','2021-07-13',2021,'07','Rj_do',20.0,0.0,20.0),
(237,59,'DOR2021070005',4,1,'Suhanda Souwmpie','2021-07-13',2021,'07','Rj_do',1.0,0.0,1.0),
(238,67,'DOR2021070005',4,1,'Suhanda Souwmpie','2021-07-13',2021,'07','Rj_do',3.0,0.0,3.0),
(239,68,'DOR2021070005',4,1,'Suhanda Souwmpie','2021-07-13',2021,'07','Rj_do',3.0,0.0,3.0),
(240,74,'DOR2021070005',4,1,'Suhanda Souwmpie','2021-07-13',2021,'07','Rj_do',30.0,650.0,680.0),
(241,77,'DOR2021070005',4,1,'Suhanda Souwmpie','2021-07-13',2021,'07','Rj_do',10.0,0.0,10.0),
(242,79,'DOR2021070005',4,1,'Suhanda Souwmpie','2021-07-13',2021,'07','Rj_do',10.0,0.0,10.0),
(243,80,'DOR2021070005',4,1,'Suhanda Souwmpie','2021-07-13',2021,'07','Rj_do',10.0,0.0,10.0),
(244,83,'DOR2021070005',4,1,'Suhanda Souwmpie','2021-07-13',2021,'07','Rj_do',3.0,0.0,3.0),
(245,84,'DOR2021070005',4,1,'Suhanda Souwmpie','2021-07-13',2021,'07','Rj_do',10.0,0.0,10.0),
(246,89,'DOR2021070005',4,1,'Suhanda Souwmpie','2021-07-13',2021,'07','Rj_do',5.0,0.0,5.0),
(247,92,'DOR2021070005',4,1,'Suhanda Souwmpie','2021-07-13',2021,'07','Rj_do',5.0,0.0,5.0),
(248,93,'DOR2021070005',4,1,'Suhanda Souwmpie','2021-07-13',2021,'07','Rj_do',5.0,0.0,5.0),
(249,94,'DOR2021070005',4,1,'Suhanda Souwmpie','2021-07-13',2021,'07','Rj_do',2.0,0.0,2.0),
(250,95,'DOR2021070005',4,1,'Suhanda Souwmpie','2021-07-13',2021,'07','Rj_do',2.0,0.0,2.0),
(251,97,'DOR2021070005',4,1,'Suhanda Souwmpie','2021-07-13',2021,'07','Rj_do',2.0,0.0,2.0),
(252,101,'DOR2021070005',4,1,'Suhanda Souwmpie','2021-07-13',2021,'07','Rj_do',2.0,0.0,2.0),
(253,105,'DOR2021070005',4,1,'Suhanda Souwmpie','2021-07-13',2021,'07','Rj_do',1.0,0.0,1.0),
(254,106,'DOR2021070005',4,1,'Suhanda Souwmpie','2021-07-13',2021,'07','Rj_do',1.0,0.0,1.0),
(255,110,'DOR2021070005',4,1,'Suhanda Souwmpie','2021-07-13',2021,'07','Rj_do',1.0,0.0,1.0),
(256,125,'DOR2021070005',4,1,'Suhanda Souwmpie','2021-07-13',2021,'07','Rj_do',1.0,0.0,1.0),
(257,135,'DOR2021070005',4,1,'Suhanda Souwmpie','2021-07-13',2021,'07','Rj_do',12.0,0.0,12.0),
(258,187,'DOR2021070005',4,1,'Suhanda Souwmpie','2021-07-13',2021,'07','Rj_do',3.0,0.0,3.0),
(259,188,'DOR2021070005',4,1,'Suhanda Souwmpie','2021-07-13',2021,'07','Rj_do',3.0,15.0,18.0),
(260,222,'DOR2021070005',4,1,'Suhanda Souwmpie','2021-07-13',2021,'07','Rj_do',5.0,2.0,7.0),
(261,390,'DOR2021070005',4,1,'Suhanda Souwmpie','2021-07-13',2021,'07','Rj_do',1.0,0.0,1.0),
(262,566,'DOR2021070005',4,1,'Suhanda Souwmpie','2021-07-13',2021,'07','Rj_do',15.0,0.0,15.0),
(263,570,'DOR2021070005',4,1,'Suhanda Souwmpie','2021-07-13',2021,'07','Rj_do',1.0,0.0,1.0),
(264,576,'DOR2021070005',4,1,'Suhanda Souwmpie','2021-07-13',2021,'07','Rj_do',2.0,0.0,2.0),
(265,1136,'DOR2021070005',4,1,'Suhanda Souwmpie','2021-07-13',2021,'07','Rj_do',1.0,0.0,1.0),
(266,1137,'DOR2021070005',4,1,'Suhanda Souwmpie','2021-07-13',2021,'07','Rj_do',12.0,0.0,12.0),
(267,1221,'DOR2021070005',4,1,'Suhanda Souwmpie','2021-07-13',2021,'07','Rj_do',1.0,0.0,1.0),
(268,1227,'DOR2021070005',4,1,'Suhanda Souwmpie','2021-07-13',2021,'07','Rj_do',2.0,0.0,2.0),
(269,7,'DOR2021070007',4,1,'Suhanda Souwmpie','2021-07-31',2021,'07','Rj_do',1.0,3.0,4.0),
(270,22,'DOR2021070007',4,1,'Suhanda Souwmpie','2021-07-31',2021,'07','Rj_do',1.0,1.0,2.0),
(271,23,'DOR2021070007',4,1,'Suhanda Souwmpie','2021-07-31',2021,'07','Rj_do',2.0,42.0,44.0),
(272,37,'DOR2021070007',4,1,'Suhanda Souwmpie','2021-07-31',2021,'07','Rj_do',8.0,10.0,18.0),
(273,73,'DOR2021070007',4,1,'Suhanda Souwmpie','2021-07-31',2021,'07','Rj_do',12.0,0.0,12.0),
(274,75,'DOR2021070007',4,1,'Suhanda Souwmpie','2021-07-31',2021,'07','Rj_do',30.0,880.0,910.0),
(275,97,'DOR2021070007',4,1,'Suhanda Souwmpie','2021-07-31',2021,'07','Rj_do',2.0,2.0,4.0),
(276,1240,'IST2021080005',4,1,'Suhanda Souwmpie','2021-08-05',2021,'08','In_Others',1.0,0.0,1.0),
(277,1,'DO2021070008',4,1,'Suhanda Souwmpie','2021-07-13',2021,'07','DO_Trans',2.0,10.0,8.0),
(278,7,'DO2021070008',4,1,'Suhanda Souwmpie','2021-07-13',2021,'07','DO_Trans',2.0,4.0,2.0),
(279,9,'DO2021070008',4,1,'Suhanda Souwmpie','2021-07-13',2021,'07','DO_Trans',12.0,12.0,0.0),
(280,22,'DO2021070008',4,1,'Suhanda Souwmpie','2021-07-13',2021,'07','DO_Trans',1.0,2.0,1.0),
(281,23,'DO2021070008',4,1,'Suhanda Souwmpie','2021-07-13',2021,'07','DO_Trans',6.0,44.0,38.0),
(282,25,'DO2021070008',4,1,'Suhanda Souwmpie','2021-07-13',2021,'07','DO_Trans',2.0,2.0,0.0),
(283,31,'DO2021070008',4,1,'Suhanda Souwmpie','2021-07-13',2021,'07','DO_Trans',1.0,1.0,0.0),
(284,33,'DO2021070008',4,1,'Suhanda Souwmpie','2021-07-13',2021,'07','DO_Trans',1.0,9.0,8.0),
(285,34,'DO2021070008',4,1,'Suhanda Souwmpie','2021-07-13',2021,'07','DO_Trans',3.0,3.0,0.0),
(286,36,'DO2021070008',4,1,'Suhanda Souwmpie','2021-07-13',2021,'07','DO_Trans',10.0,10.0,0.0),
(287,37,'DO2021070008',4,1,'Suhanda Souwmpie','2021-07-13',2021,'07','DO_Trans',10.0,18.0,8.0),
(288,39,'DO2021070008',4,1,'Suhanda Souwmpie','2021-07-13',2021,'07','DO_Trans',150.0,1150.0,1000.0),
(289,40,'DO2021070008',4,1,'Suhanda Souwmpie','2021-07-13',2021,'07','DO_Trans',100.0,100.0,0.0),
(290,41,'DO2021070008',4,1,'Suhanda Souwmpie','2021-07-13',2021,'07','DO_Trans',200.0,200.0,0.0),
(291,42,'DO2021070008',4,1,'Suhanda Souwmpie','2021-07-13',2021,'07','DO_Trans',400.0,2900.0,2500.0),
(292,43,'DO2021070008',4,1,'Suhanda Souwmpie','2021-07-13',2021,'07','DO_Trans',10.0,10.0,0.0),
(293,47,'DO2021070008',4,1,'Suhanda Souwmpie','2021-07-13',2021,'07','DO_Trans',12.0,12.0,0.0),
(294,48,'DO2021070008',4,1,'Suhanda Souwmpie','2021-07-13',2021,'07','DO_Trans',5.0,5.0,0.0),
(295,49,'DO2021070008',4,1,'Suhanda Souwmpie','2021-07-13',2021,'07','DO_Trans',2.0,2.0,0.0),
(296,50,'DO2021070008',4,1,'Suhanda Souwmpie','2021-07-13',2021,'07','DO_Trans',8.0,8.0,0.0),
(297,51,'DO2021070008',4,1,'Suhanda Souwmpie','2021-07-13',2021,'07','DO_Trans',2.0,2.0,0.0),
(298,56,'DO2021070008',4,1,'Suhanda Souwmpie','2021-07-13',2021,'07','DO_Trans',20.0,20.0,0.0),
(299,59,'DO2021070008',4,1,'Suhanda Souwmpie','2021-07-13',2021,'07','DO_Trans',1.0,1.0,0.0),
(300,67,'DO2021070008',4,1,'Suhanda Souwmpie','2021-07-13',2021,'07','DO_Trans',3.0,3.0,0.0),
(301,68,'DO2021070008',4,1,'Suhanda Souwmpie','2021-07-13',2021,'07','DO_Trans',3.0,3.0,0.0),
(302,74,'DO2021070008',4,1,'Suhanda Souwmpie','2021-07-13',2021,'07','DO_Trans',30.0,680.0,650.0),
(303,77,'DO2021070008',4,1,'Suhanda Souwmpie','2021-07-13',2021,'07','DO_Trans',10.0,10.0,0.0),
(304,79,'DO2021070008',4,1,'Suhanda Souwmpie','2021-07-13',2021,'07','DO_Trans',10.0,10.0,0.0),
(305,80,'DO2021070008',4,1,'Suhanda Souwmpie','2021-07-13',2021,'07','DO_Trans',10.0,10.0,0.0),
(306,83,'DO2021070008',4,1,'Suhanda Souwmpie','2021-07-13',2021,'07','DO_Trans',3.0,3.0,0.0),
(307,84,'DO2021070008',4,1,'Suhanda Souwmpie','2021-07-13',2021,'07','DO_Trans',10.0,10.0,0.0),
(308,89,'DO2021070008',4,1,'Suhanda Souwmpie','2021-07-13',2021,'07','DO_Trans',5.0,5.0,0.0),
(309,92,'DO2021070008',4,1,'Suhanda Souwmpie','2021-07-13',2021,'07','DO_Trans',5.0,5.0,0.0),
(310,93,'DO2021070008',4,1,'Suhanda Souwmpie','2021-07-13',2021,'07','DO_Trans',5.0,5.0,0.0),
(311,94,'DO2021070008',4,1,'Suhanda Souwmpie','2021-07-13',2021,'07','DO_Trans',2.0,2.0,0.0),
(312,95,'DO2021070008',4,1,'Suhanda Souwmpie','2021-07-13',2021,'07','DO_Trans',2.0,2.0,0.0),
(313,97,'DO2021070008',4,1,'Suhanda Souwmpie','2021-07-13',2021,'07','DO_Trans',2.0,4.0,2.0),
(314,101,'DO2021070008',4,1,'Suhanda Souwmpie','2021-07-13',2021,'07','DO_Trans',2.0,2.0,0.0),
(315,105,'DO2021070008',4,1,'Suhanda Souwmpie','2021-07-13',2021,'07','DO_Trans',1.0,1.0,0.0),
(316,106,'DO2021070008',4,1,'Suhanda Souwmpie','2021-07-13',2021,'07','DO_Trans',1.0,1.0,0.0),
(317,110,'DO2021070008',4,1,'Suhanda Souwmpie','2021-07-13',2021,'07','DO_Trans',1.0,1.0,0.0),
(318,125,'DO2021070008',4,1,'Suhanda Souwmpie','2021-07-13',2021,'07','DO_Trans',1.0,1.0,0.0),
(319,135,'DO2021070008',4,1,'Suhanda Souwmpie','2021-07-13',2021,'07','DO_Trans',12.0,12.0,0.0),
(320,187,'DO2021070008',4,1,'Suhanda Souwmpie','2021-07-13',2021,'07','DO_Trans',3.0,3.0,0.0),
(321,188,'DO2021070008',4,1,'Suhanda Souwmpie','2021-07-13',2021,'07','DO_Trans',3.0,18.0,15.0),
(322,222,'DO2021070008',4,1,'Suhanda Souwmpie','2021-07-13',2021,'07','DO_Trans',5.0,7.0,2.0),
(323,390,'DO2021070008',4,1,'Suhanda Souwmpie','2021-07-13',2021,'07','DO_Trans',1.0,1.0,0.0),
(324,566,'DO2021070008',4,1,'Suhanda Souwmpie','2021-07-13',2021,'07','DO_Trans',15.0,15.0,0.0),
(325,570,'DO2021070008',4,1,'Suhanda Souwmpie','2021-07-13',2021,'07','DO_Trans',1.0,1.0,0.0),
(326,576,'DO2021070008',4,1,'Suhanda Souwmpie','2021-07-13',2021,'07','DO_Trans',2.0,2.0,0.0),
(327,1136,'DO2021070008',4,1,'Suhanda Souwmpie','2021-07-13',2021,'07','DO_Trans',1.0,1.0,0.0),
(328,1137,'DO2021070008',4,1,'Suhanda Souwmpie','2021-07-13',2021,'07','DO_Trans',12.0,12.0,0.0),
(329,1221,'DO2021070008',4,1,'Suhanda Souwmpie','2021-07-13',2021,'07','DO_Trans',1.0,1.0,0.0),
(330,1227,'DO2021070008',4,1,'Suhanda Souwmpie','2021-07-13',2021,'07','DO_Trans',2.0,2.0,0.0),
(331,7,'IST2021070013',4,1,'Suhanda Souwmpie','2021-07-13',2021,'07','In_Adjustment',2.0,2.0,4.0),
(332,9,'IST2021070013',4,1,'Suhanda Souwmpie','2021-07-13',2021,'07','In_Adjustment',12.0,0.0,12.0),
(333,222,'IST2021070013',4,1,'Suhanda Souwmpie','2021-07-13',2021,'07','In_Adjustment',3.0,2.0,5.0),
(334,101,'IST2021070013',4,1,'Suhanda Souwmpie','2021-07-13',2021,'07','In_Adjustment',2.0,0.0,2.0),
(335,95,'IST2021070013',4,1,'Suhanda Souwmpie','2021-07-13',2021,'07','In_Adjustment',2.0,0.0,2.0),
(336,97,'IST2021070013',4,1,'Suhanda Souwmpie','2021-07-13',2021,'07','In_Adjustment',2.0,2.0,4.0),
(337,106,'IST2021070013',4,1,'Suhanda Souwmpie','2021-07-13',2021,'07','In_Adjustment',1.0,0.0,1.0),
(338,125,'IST2021070013',4,1,'Suhanda Souwmpie','2021-07-13',2021,'07','In_Adjustment',1.0,0.0,1.0),
(339,190,'IST2021070013',4,1,'Suhanda Souwmpie','2021-07-13',2021,'07','In_Adjustment',2.0,0.0,2.0),
(340,83,'IST2021070013',4,1,'Suhanda Souwmpie','2021-07-13',2021,'07','In_Adjustment',4.0,0.0,4.0),
(341,105,'IST2021070013',4,1,'Suhanda Souwmpie','2021-07-13',2021,'07','In_Adjustment',1.0,0.0,1.0),
(342,576,'IST2021070013',4,1,'Suhanda Souwmpie','2021-07-13',2021,'07','In_Adjustment',3.0,0.0,3.0),
(343,1224,'IST2021070013',4,1,'Suhanda Souwmpie','2021-07-13',2021,'07','In_Adjustment',1.0,0.0,1.0),
(344,1136,'IST2021070013',4,1,'Suhanda Souwmpie','2021-07-13',2021,'07','In_Adjustment',1.0,0.0,1.0),
(345,51,'IST2021070013',4,1,'Suhanda Souwmpie','2021-07-13',2021,'07','In_Adjustment',1.0,0.0,1.0),
(346,412,'IST2021070013',4,1,'Suhanda Souwmpie','2021-07-13',2021,'07','In_Adjustment',2.0,0.0,2.0),
(347,31,'IST2021070013',4,1,'Suhanda Souwmpie','2021-07-13',2021,'07','In_Adjustment',1.0,0.0,1.0),
(348,1137,'IST2021070013',4,1,'Suhanda Souwmpie','2021-07-13',2021,'07','In_Adjustment',12.0,0.0,12.0),
(349,16,'IST2021070013',4,1,'Suhanda Souwmpie','2021-07-13',2021,'07','In_Adjustment',6.0,0.0,6.0),
(350,135,'IST2021070013',4,1,'Suhanda Souwmpie','2021-07-13',2021,'07','In_Adjustment',6.0,0.0,6.0),
(351,23,'IST2021070013',4,1,'Suhanda Souwmpie','2021-07-13',2021,'07','In_Adjustment',6.0,38.0,44.0),
(352,22,'IST2021070013',4,1,'Suhanda Souwmpie','2021-07-13',2021,'07','In_Adjustment',1.0,1.0,2.0),
(353,25,'IST2021070013',4,1,'Suhanda Souwmpie','2021-07-13',2021,'07','In_Adjustment',1.0,0.0,1.0),
(354,36,'IST2021070013',4,1,'Suhanda Souwmpie','2021-07-13',2021,'07','In_Adjustment',6.0,0.0,6.0),
(355,37,'IST2021070013',4,1,'Suhanda Souwmpie','2021-07-13',2021,'07','In_Adjustment',10.0,8.0,18.0),
(356,34,'IST2021070013',4,1,'Suhanda Souwmpie','2021-07-13',2021,'07','In_Adjustment',4.0,0.0,4.0),
(357,11,'IST2021070013',4,1,'Suhanda Souwmpie','2021-07-13',2021,'07','In_Adjustment',1.0,0.0,1.0),
(358,33,'IST2021070013',4,1,'Suhanda Souwmpie','2021-07-13',2021,'07','In_Adjustment',1.0,8.0,9.0),
(359,42,'IST2021070013',4,1,'Suhanda Souwmpie','2021-07-13',2021,'07','In_Adjustment',400.0,2500.0,2900.0),
(360,41,'IST2021070013',4,1,'Suhanda Souwmpie','2021-07-13',2021,'07','In_Adjustment',50.0,0.0,50.0),
(361,58,'IST2021070013',4,1,'Suhanda Souwmpie','2021-07-13',2021,'07','In_Adjustment',2.0,0.0,2.0),
(362,62,'IST2021070013',4,1,'Suhanda Souwmpie','2021-07-13',2021,'07','In_Adjustment',6.0,0.0,6.0),
(363,66,'IST2021070013',4,1,'Suhanda Souwmpie','2021-07-13',2021,'07','In_Adjustment',12.0,0.0,12.0),
(364,94,'IST2021070013',4,1,'Suhanda Souwmpie','2021-07-13',2021,'07','In_Adjustment',20.0,0.0,20.0),
(365,89,'IST2021070013',4,1,'Suhanda Souwmpie','2021-07-13',2021,'07','In_Adjustment',2.0,0.0,2.0),
(366,39,'IST2021070013',4,1,'Suhanda Souwmpie','2021-07-13',2021,'07','In_Adjustment',100.0,1000.0,1100.0),
(367,390,'IST2021070013',4,1,'Suhanda Souwmpie','2021-07-13',2021,'07','In_Adjustment',2.0,0.0,2.0),
(368,566,'IST2021070013',4,1,'Suhanda Souwmpie','2021-07-13',2021,'07','In_Adjustment',10.0,0.0,10.0),
(369,47,'IST2021070013',4,1,'Suhanda Souwmpie','2021-07-13',2021,'07','In_Adjustment',12.0,0.0,12.0),
(370,187,'IST2021070013',4,1,'Suhanda Souwmpie','2021-07-13',2021,'07','In_Adjustment',4.0,0.0,4.0),
(371,188,'IST2021070013',4,1,'Suhanda Souwmpie','2021-07-13',2021,'07','In_Adjustment',3.0,15.0,18.0),
(372,441,'IST2021070013',4,1,'Suhanda Souwmpie','2021-07-13',2021,'07','In_Adjustment',0.5,0.0,0.5),
(373,7,'DO2021070009',4,1,'Suhanda Souwmpie','2021-07-13',2021,'07','DO_Trans',2.0,4.0,2.0),
(374,9,'DO2021070009',4,1,'Suhanda Souwmpie','2021-07-13',2021,'07','DO_Trans',12.0,12.0,0.0),
(375,11,'DO2021070009',4,1,'Suhanda Souwmpie','2021-07-13',2021,'07','DO_Trans',1.0,1.0,0.0),
(376,16,'DO2021070009',4,1,'Suhanda Souwmpie','2021-07-13',2021,'07','DO_Trans',6.0,6.0,0.0),
(377,22,'DO2021070009',4,1,'Suhanda Souwmpie','2021-07-13',2021,'07','DO_Trans',1.0,2.0,1.0),
(378,23,'DO2021070009',4,1,'Suhanda Souwmpie','2021-07-13',2021,'07','DO_Trans',6.0,44.0,38.0),
(379,25,'DO2021070009',4,1,'Suhanda Souwmpie','2021-07-13',2021,'07','DO_Trans',1.0,1.0,0.0),
(380,31,'DO2021070009',4,1,'Suhanda Souwmpie','2021-07-13',2021,'07','DO_Trans',1.0,1.0,0.0),
(381,33,'DO2021070009',4,1,'Suhanda Souwmpie','2021-07-13',2021,'07','DO_Trans',1.0,9.0,8.0),
(382,34,'DO2021070009',4,1,'Suhanda Souwmpie','2021-07-13',2021,'07','DO_Trans',4.0,4.0,0.0),
(383,36,'DO2021070009',4,1,'Suhanda Souwmpie','2021-07-13',2021,'07','DO_Trans',6.0,6.0,0.0),
(384,37,'DO2021070009',4,1,'Suhanda Souwmpie','2021-07-13',2021,'07','DO_Trans',10.0,18.0,8.0),
(385,39,'DO2021070009',4,1,'Suhanda Souwmpie','2021-07-13',2021,'07','DO_Trans',100.0,1100.0,1000.0),
(386,41,'DO2021070009',4,1,'Suhanda Souwmpie','2021-07-13',2021,'07','DO_Trans',50.0,50.0,0.0),
(387,42,'DO2021070009',4,1,'Suhanda Souwmpie','2021-07-13',2021,'07','DO_Trans',400.0,2900.0,2500.0),
(388,47,'DO2021070009',4,1,'Suhanda Souwmpie','2021-07-13',2021,'07','DO_Trans',12.0,12.0,0.0),
(389,51,'DO2021070009',4,1,'Suhanda Souwmpie','2021-07-13',2021,'07','DO_Trans',1.0,1.0,0.0),
(390,58,'DO2021070009',4,1,'Suhanda Souwmpie','2021-07-13',2021,'07','DO_Trans',2.0,2.0,0.0),
(391,62,'DO2021070009',4,1,'Suhanda Souwmpie','2021-07-13',2021,'07','DO_Trans',6.0,6.0,0.0),
(392,66,'DO2021070009',4,1,'Suhanda Souwmpie','2021-07-13',2021,'07','DO_Trans',12.0,12.0,0.0),
(393,83,'DO2021070009',4,1,'Suhanda Souwmpie','2021-07-13',2021,'07','DO_Trans',4.0,4.0,0.0),
(394,89,'DO2021070009',4,1,'Suhanda Souwmpie','2021-07-13',2021,'07','DO_Trans',2.0,2.0,0.0),
(395,94,'DO2021070009',4,1,'Suhanda Souwmpie','2021-07-13',2021,'07','DO_Trans',20.0,20.0,0.0),
(396,95,'DO2021070009',4,1,'Suhanda Souwmpie','2021-07-13',2021,'07','DO_Trans',2.0,2.0,0.0),
(397,97,'DO2021070009',4,1,'Suhanda Souwmpie','2021-07-13',2021,'07','DO_Trans',2.0,4.0,2.0),
(398,101,'DO2021070009',4,1,'Suhanda Souwmpie','2021-07-13',2021,'07','DO_Trans',2.0,2.0,0.0),
(399,105,'DO2021070009',4,1,'Suhanda Souwmpie','2021-07-13',2021,'07','DO_Trans',1.0,1.0,0.0),
(400,106,'DO2021070009',4,1,'Suhanda Souwmpie','2021-07-13',2021,'07','DO_Trans',1.0,1.0,0.0),
(401,125,'DO2021070009',4,1,'Suhanda Souwmpie','2021-07-13',2021,'07','DO_Trans',1.0,1.0,0.0),
(402,135,'DO2021070009',4,1,'Suhanda Souwmpie','2021-07-13',2021,'07','DO_Trans',6.0,6.0,0.0),
(403,187,'DO2021070009',4,1,'Suhanda Souwmpie','2021-07-13',2021,'07','DO_Trans',4.0,4.0,0.0),
(404,188,'DO2021070009',4,1,'Suhanda Souwmpie','2021-07-13',2021,'07','DO_Trans',3.0,18.0,15.0),
(405,190,'DO2021070009',4,1,'Suhanda Souwmpie','2021-07-13',2021,'07','DO_Trans',2.0,2.0,0.0),
(406,222,'DO2021070009',4,1,'Suhanda Souwmpie','2021-07-13',2021,'07','DO_Trans',3.0,5.0,2.0),
(407,390,'DO2021070009',4,1,'Suhanda Souwmpie','2021-07-13',2021,'07','DO_Trans',2.0,2.0,0.0),
(408,412,'DO2021070009',4,1,'Suhanda Souwmpie','2021-07-13',2021,'07','DO_Trans',2.0,2.0,0.0),
(409,441,'DO2021070009',4,1,'Suhanda Souwmpie','2021-07-13',2021,'07','DO_Trans',0.5,0.5,0.0),
(410,566,'DO2021070009',4,1,'Suhanda Souwmpie','2021-07-13',2021,'07','DO_Trans',10.0,10.0,0.0),
(411,576,'DO2021070009',4,1,'Suhanda Souwmpie','2021-07-13',2021,'07','DO_Trans',3.0,3.0,0.0),
(412,1136,'DO2021070009',4,1,'Suhanda Souwmpie','2021-07-13',2021,'07','DO_Trans',1.0,1.0,0.0),
(413,1137,'DO2021070009',4,1,'Suhanda Souwmpie','2021-07-13',2021,'07','DO_Trans',12.0,12.0,0.0),
(414,1224,'DO2021070009',4,1,'Suhanda Souwmpie','2021-07-13',2021,'07','DO_Trans',1.0,1.0,0.0),
(415,704,'IST2021070014',4,1,'Suhanda Souwmpie','2021-07-31',2021,'07','In_Adjustment',1.0,0.0,1.0),
(416,1181,'IST2021070014',4,1,'Suhanda Souwmpie','2021-07-31',2021,'07','In_Adjustment',1.0,0.0,1.0),
(417,717,'IST2021070014',4,1,'Suhanda Souwmpie','2021-07-31',2021,'07','In_Adjustment',2.0,0.0,2.0),
(418,705,'IST2021070014',4,1,'Suhanda Souwmpie','2021-07-31',2021,'07','In_Adjustment',1.0,0.0,1.0),
(419,84,'IST2021070014',4,1,'Suhanda Souwmpie','2021-07-31',2021,'07','In_Adjustment',3.0,0.0,3.0),
(420,1235,'IST2021070014',4,1,'Suhanda Souwmpie','2021-07-31',2021,'07','In_Adjustment',1.0,0.0,1.0),
(421,1236,'IST2021070014',4,1,'Suhanda Souwmpie','2021-07-31',2021,'07','In_Adjustment',1.0,0.0,1.0),
(422,1238,'IST2021070014',4,1,'Suhanda Souwmpie','2021-07-31',2021,'07','In_Adjustment',1.0,0.0,1.0),
(423,774,'IST2021070014',4,1,'Suhanda Souwmpie','2021-07-31',2021,'07','In_Adjustment',2.0,0.0,2.0),
(424,205,'IST2021070014',4,1,'Suhanda Souwmpie','2021-07-31',2021,'07','In_Adjustment',2.0,0.0,2.0),
(425,84,'DO2021070010',4,1,'Suhanda Souwmpie','2021-07-31',2021,'07','DO_Trans',3.0,3.0,0.0),
(426,205,'DO2021070010',4,1,'Suhanda Souwmpie','2021-07-31',2021,'07','DO_Trans',2.0,2.0,0.0),
(427,704,'DO2021070010',4,1,'Suhanda Souwmpie','2021-07-31',2021,'07','DO_Trans',1.0,1.0,0.0),
(428,705,'DO2021070010',4,1,'Suhanda Souwmpie','2021-07-31',2021,'07','DO_Trans',1.0,1.0,0.0),
(429,717,'DO2021070010',4,1,'Suhanda Souwmpie','2021-07-31',2021,'07','DO_Trans',2.0,2.0,0.0),
(430,774,'DO2021070010',4,1,'Suhanda Souwmpie','2021-07-31',2021,'07','DO_Trans',2.0,2.0,0.0),
(431,1181,'DO2021070010',4,1,'Suhanda Souwmpie','2021-07-31',2021,'07','DO_Trans',1.0,1.0,0.0),
(432,1235,'DO2021070010',4,1,'Suhanda Souwmpie','2021-07-31',2021,'07','DO_Trans',1.0,1.0,0.0),
(433,1236,'DO2021070010',4,1,'Suhanda Souwmpie','2021-07-31',2021,'07','DO_Trans',1.0,1.0,0.0),
(434,1238,'DO2021070010',4,1,'Suhanda Souwmpie','2021-07-31',2021,'07','DO_Trans',1.0,1.0,0.0),
(435,1,'IST2021070015',4,1,'Suhanda Souwmpie','2021-07-31',2021,'07','In_Adjustment',1.0,8.0,9.0),
(436,62,'IST2021070015',4,1,'Suhanda Souwmpie','2021-07-31',2021,'07','In_Adjustment',12.0,0.0,12.0),
(437,42,'IST2021070015',4,1,'Suhanda Souwmpie','2021-07-31',2021,'07','In_Adjustment',100.0,2500.0,2600.0),
(438,78,'IST2021070015',4,1,'Suhanda Souwmpie','2021-07-31',2021,'07','In_Adjustment',5.0,0.0,5.0),
(439,51,'IST2021070015',4,1,'Suhanda Souwmpie','2021-07-31',2021,'07','In_Adjustment',1.0,0.0,1.0),
(440,94,'IST2021070015',4,1,'Suhanda Souwmpie','2021-07-31',2021,'07','In_Adjustment',15.0,0.0,15.0),
(441,1,'DO2021070011',4,1,'Suhanda Souwmpie','2021-07-31',2021,'07','DO_Trans',1.0,9.0,8.0),
(442,42,'DO2021070011',4,1,'Suhanda Souwmpie','2021-07-31',2021,'07','DO_Trans',100.0,2600.0,2500.0),
(443,51,'DO2021070011',4,1,'Suhanda Souwmpie','2021-07-31',2021,'07','DO_Trans',1.0,1.0,0.0),
(444,62,'DO2021070011',4,1,'Suhanda Souwmpie','2021-07-31',2021,'07','DO_Trans',12.0,12.0,0.0),
(445,78,'DO2021070011',4,1,'Suhanda Souwmpie','2021-07-31',2021,'07','DO_Trans',5.0,5.0,0.0),
(446,94,'DO2021070011',4,1,'Suhanda Souwmpie','2021-07-31',2021,'07','DO_Trans',15.0,15.0,0.0),
(447,39,'IST2021080006',4,1,'Suhanda Souwmpie','2021-08-09',2021,'08','In_Adjustment',200.0,1000.0,1200.0),
(448,39,'DO2021080004',4,1,'Suhanda Souwmpie','2021-08-09',2021,'08','DO_Trans',200.0,1200.0,1000.0),
(449,42,'IST2021060014',4,1,'Suhanda Souwmpie','2021-06-17',2021,'06','In_Adjustment',200.0,2500.0,2700.0),
(450,39,'IST2021060014',4,1,'Suhanda Souwmpie','2021-06-17',2021,'06','In_Adjustment',100.0,1000.0,1100.0),
(451,39,'DO2021060008',4,1,'Suhanda Souwmpie','2021-06-17',2021,'06','DO_Trans',100.0,1100.0,1000.0),
(452,42,'DO2021060008',4,1,'Suhanda Souwmpie','2021-06-17',2021,'06','DO_Trans',200.0,2700.0,2500.0),
(453,100,'IST2021070016',4,1,'Suhanda Souwmpie','2021-07-15',2021,'07','In_Adjustment',1.0,0.0,1.0),
(454,100,'DO2021070012',4,1,'Suhanda Souwmpie','2021-07-15',2021,'07','DO_Trans',1.0,1.0,0.0),
(455,7,'DO2021070013',4,1,'Suhanda Souwmpie','2021-07-31',2021,'07','DO_Trans',1.0,2.0,1.0),
(456,22,'DO2021070013',4,1,'Suhanda Souwmpie','2021-07-31',2021,'07','DO_Trans',1.0,1.0,0.0),
(457,23,'DO2021070013',4,1,'Suhanda Souwmpie','2021-07-31',2021,'07','DO_Trans',2.0,38.0,36.0),
(458,37,'DO2021070013',4,1,'Suhanda Souwmpie','2021-07-31',2021,'07','DO_Trans',8.0,8.0,0.0),
(459,73,'DO2021070013',4,1,'Suhanda Souwmpie','2021-07-31',2021,'07','DO_Trans',12.0,12.0,0.0),
(460,75,'DO2021070013',4,1,'Suhanda Souwmpie','2021-07-31',2021,'07','DO_Trans',30.0,910.0,880.0),
(461,97,'DO2021070013',4,1,'Suhanda Souwmpie','2021-07-31',2021,'07','DO_Trans',2.0,2.0,0.0),
(462,188,'OSJ2021080001',4,1,'Suhanda Souwmpie','2021-08-18',2021,'08','Out_Adj',1.0,15.0,14.0),
(463,179,'OSJ2021080001',4,1,'Suhanda Souwmpie','2021-08-18',2021,'08','Out_Adj',120.0,200.0,80.0),
(464,75,'OSJ2021080001',4,1,'Suhanda Souwmpie','2021-08-18',2021,'08','Out_Adj',60.0,880.0,820.0),
(465,39,'OSJ2021080001',4,1,'Suhanda Souwmpie','2021-08-18',2021,'08','Out_Adj',453.0,1000.0,547.0),
(466,23,'OSJ2021080001',4,1,'Suhanda Souwmpie','2021-08-18',2021,'08','Out_Adj',10.0,36.0,26.0),
(467,21,'OSJ2021080001',4,1,'Suhanda Souwmpie','2021-08-18',2021,'08','Out_Adj',1.0,12.0,11.0),
(468,20,'OSJ2021080001',4,1,'Suhanda Souwmpie','2021-08-18',2021,'08','Out_Adj',5.0,96.0,91.0),
(469,750,'IST2021080007',4,1,'Suhanda Souwmpie','2021-08-18',2021,'08','In_Adjustment',8.0,16.0,24.0),
(470,222,'IST2021080007',4,1,'Suhanda Souwmpie','2021-08-18',2021,'08','In_Adjustment',50.0,2.0,52.0),
(471,74,'IST2021080007',4,1,'Suhanda Souwmpie','2021-08-18',2021,'08','In_Adjustment',13.0,650.0,663.0),
(472,42,'IST2021080007',4,1,'Suhanda Souwmpie','2021-08-18',2021,'08','In_Adjustment',250.0,2500.0,2750.0),
(473,28,'IST2021080007',4,1,'Suhanda Souwmpie','2021-08-18',2021,'08','In_Adjustment',6.0,12.0,18.0),
(474,18,'IST2021080007',4,1,'Suhanda Souwmpie','2021-08-18',2021,'08','In_Adjustment',3.0,5.0,8.0),
(475,14,'IST2021080007',4,1,'Suhanda Souwmpie','2021-08-18',2021,'08','In_Adjustment',1.0,5.0,6.0),
(476,7,'IST2021080007',4,1,'Suhanda Souwmpie','2021-08-18',2021,'08','In_Adjustment',33.0,1.0,34.0),
(477,5,'IST2021080008',4,1,'Suhanda Souwmpie','2021-08-18',2021,'08','In_Adjustment',5.0,0.0,5.0),
(478,8,'IST2021080008',4,1,'Suhanda Souwmpie','2021-08-18',2021,'08','In_Adjustment',9.0,0.0,9.0),
(479,9,'IST2021080008',4,1,'Suhanda Souwmpie','2021-08-18',2021,'08','In_Adjustment',62.0,0.0,62.0),
(480,10,'IST2021080008',4,1,'Suhanda Souwmpie','2021-08-18',2021,'08','In_Adjustment',1.0,0.0,1.0),
(481,11,'IST2021080008',4,1,'Suhanda Souwmpie','2021-08-18',2021,'08','In_Adjustment',16.0,0.0,16.0),
(482,12,'IST2021080008',4,1,'Suhanda Souwmpie','2021-08-18',2021,'08','In_Adjustment',2.0,0.0,2.0),
(483,13,'IST2021080008',4,1,'Suhanda Souwmpie','2021-08-18',2021,'08','In_Adjustment',3.0,0.0,3.0),
(484,15,'IST2021080008',4,1,'Suhanda Souwmpie','2021-08-18',2021,'08','In_Adjustment',6.0,0.0,6.0),
(485,16,'IST2021080008',4,1,'Suhanda Souwmpie','2021-08-18',2021,'08','In_Adjustment',6.0,0.0,6.0),
(486,19,'IST2021080008',4,1,'Suhanda Souwmpie','2021-08-18',2021,'08','In_Adjustment',1.0,0.0,1.0),
(487,22,'IST2021080008',4,1,'Suhanda Souwmpie','2021-08-18',2021,'08','In_Adjustment',3.0,0.0,3.0),
(488,24,'IST2021080008',4,1,'Suhanda Souwmpie','2021-08-18',2021,'08','In_Adjustment',2.0,0.0,2.0),
(489,25,'IST2021080008',4,1,'Suhanda Souwmpie','2021-08-18',2021,'08','In_Adjustment',8.0,0.0,8.0),
(490,27,'IST2021080008',4,1,'Suhanda Souwmpie','2021-08-18',2021,'08','In_Adjustment',5.0,0.0,5.0),
(491,29,'IST2021080008',4,1,'Suhanda Souwmpie','2021-08-18',2021,'08','In_Adjustment',10.0,0.0,10.0),
(492,30,'IST2021080008',4,1,'Suhanda Souwmpie','2021-08-18',2021,'08','In_Adjustment',15.0,0.0,15.0),
(493,31,'IST2021080008',4,1,'Suhanda Souwmpie','2021-08-18',2021,'08','In_Adjustment',12.0,0.0,12.0),
(494,32,'IST2021080008',4,1,'Suhanda Souwmpie','2021-08-18',2021,'08','In_Adjustment',11.0,0.0,11.0),
(495,34,'IST2021080008',4,1,'Suhanda Souwmpie','2021-08-18',2021,'08','In_Adjustment',14.0,0.0,14.0),
(496,35,'IST2021080008',4,1,'Suhanda Souwmpie','2021-08-18',2021,'08','In_Adjustment',23.0,0.0,23.0),
(497,36,'IST2021080008',4,1,'Suhanda Souwmpie','2021-08-18',2021,'08','In_Adjustment',55.0,0.0,55.0),
(498,37,'IST2021080008',4,1,'Suhanda Souwmpie','2021-08-18',2021,'08','In_Adjustment',124.0,0.0,124.0),
(499,41,'IST2021080008',4,1,'Suhanda Souwmpie','2021-08-18',2021,'08','In_Adjustment',1450.0,0.0,1450.0),
(500,43,'IST2021080008',4,1,'Suhanda Souwmpie','2021-08-18',2021,'08','In_Adjustment',96.0,0.0,96.0),
(501,47,'IST2021080008',4,1,'Suhanda Souwmpie','2021-08-18',2021,'08','In_Adjustment',56.0,0.0,56.0),
(502,48,'IST2021080008',4,1,'Suhanda Souwmpie','2021-08-18',2021,'08','In_Adjustment',29.0,0.0,29.0),
(503,49,'IST2021080008',4,1,'Suhanda Souwmpie','2021-08-18',2021,'08','In_Adjustment',7.0,0.0,7.0),
(504,50,'IST2021080008',4,1,'Suhanda Souwmpie','2021-08-18',2021,'08','In_Adjustment',102.0,0.0,102.0),
(505,51,'IST2021080008',4,1,'Suhanda Souwmpie','2021-08-18',2021,'08','In_Adjustment',4.0,0.0,4.0),
(506,52,'IST2021080008',4,1,'Suhanda Souwmpie','2021-08-18',2021,'08','In_Adjustment',6.0,0.0,6.0),
(507,56,'IST2021080008',4,1,'Suhanda Souwmpie','2021-08-18',2021,'08','In_Adjustment',88.0,0.0,88.0),
(508,57,'IST2021080008',4,1,'Suhanda Souwmpie','2021-08-18',2021,'08','In_Adjustment',76.0,0.0,76.0),
(509,58,'IST2021080008',4,1,'Suhanda Souwmpie','2021-08-18',2021,'08','In_Adjustment',3.0,0.0,3.0),
(510,59,'IST2021080008',4,1,'Suhanda Souwmpie','2021-08-18',2021,'08','In_Adjustment',26.0,0.0,26.0),
(511,60,'IST2021080008',4,1,'Suhanda Souwmpie','2021-08-18',2021,'08','In_Adjustment',63.0,0.0,63.0),
(512,64,'IST2021080008',4,1,'Suhanda Souwmpie','2021-08-18',2021,'08','In_Adjustment',30.0,0.0,30.0),
(513,65,'IST2021080008',4,1,'Suhanda Souwmpie','2021-08-18',2021,'08','In_Adjustment',60.0,0.0,60.0),
(514,67,'IST2021080008',4,1,'Suhanda Souwmpie','2021-08-18',2021,'08','In_Adjustment',27.0,0.0,27.0),
(515,68,'IST2021080008',4,1,'Suhanda Souwmpie','2021-08-18',2021,'08','In_Adjustment',12.0,0.0,12.0),
(516,72,'IST2021080008',4,1,'Suhanda Souwmpie','2021-08-18',2021,'08','In_Adjustment',24.0,0.0,24.0),
(517,73,'IST2021080008',4,1,'Suhanda Souwmpie','2021-08-18',2021,'08','In_Adjustment',12.0,0.0,12.0),
(518,76,'IST2021080008',4,1,'Suhanda Souwmpie','2021-08-18',2021,'08','In_Adjustment',64.0,0.0,64.0),
(519,77,'IST2021080008',4,1,'Suhanda Souwmpie','2021-08-18',2021,'08','In_Adjustment',70.0,0.0,70.0),
(520,78,'IST2021080008',4,1,'Suhanda Souwmpie','2021-08-18',2021,'08','In_Adjustment',82.0,0.0,82.0),
(521,79,'IST2021080008',4,1,'Suhanda Souwmpie','2021-08-18',2021,'08','In_Adjustment',10.0,0.0,10.0),
(522,80,'IST2021080008',4,1,'Suhanda Souwmpie','2021-08-18',2021,'08','In_Adjustment',56.0,0.0,56.0),
(523,81,'IST2021080008',4,1,'Suhanda Souwmpie','2021-08-18',2021,'08','In_Adjustment',20.0,0.0,20.0),
(524,82,'IST2021080008',4,1,'Suhanda Souwmpie','2021-08-18',2021,'08','In_Adjustment',2.0,0.0,2.0),
(525,83,'IST2021080008',4,1,'Suhanda Souwmpie','2021-08-18',2021,'08','In_Adjustment',3.0,0.0,3.0),
(526,84,'IST2021080008',4,1,'Suhanda Souwmpie','2021-08-18',2021,'08','In_Adjustment',40.0,0.0,40.0),
(527,85,'IST2021080008',4,1,'Suhanda Souwmpie','2021-08-18',2021,'08','In_Adjustment',2.0,0.0,2.0),
(528,86,'IST2021080008',4,1,'Suhanda Souwmpie','2021-08-18',2021,'08','In_Adjustment',2.0,0.0,2.0),
(529,87,'IST2021080008',4,1,'Suhanda Souwmpie','2021-08-18',2021,'08','In_Adjustment',6.0,0.0,6.0),
(530,88,'IST2021080008',4,1,'Suhanda Souwmpie','2021-08-18',2021,'08','In_Adjustment',5.0,0.0,5.0),
(531,89,'IST2021080008',4,1,'Suhanda Souwmpie','2021-08-18',2021,'08','In_Adjustment',23.0,0.0,23.0),
(532,90,'IST2021080008',4,1,'Suhanda Souwmpie','2021-08-18',2021,'08','In_Adjustment',2.0,0.0,2.0),
(533,91,'IST2021080008',4,1,'Suhanda Souwmpie','2021-08-18',2021,'08','In_Adjustment',14.0,0.0,14.0),
(534,92,'IST2021080008',4,1,'Suhanda Souwmpie','2021-08-18',2021,'08','In_Adjustment',7.0,0.0,7.0),
(535,93,'IST2021080008',4,1,'Suhanda Souwmpie','2021-08-18',2021,'08','In_Adjustment',2.0,0.0,2.0),
(536,94,'IST2021080008',4,1,'Suhanda Souwmpie','2021-08-18',2021,'08','In_Adjustment',5.0,0.0,5.0),
(537,95,'IST2021080008',4,1,'Suhanda Souwmpie','2021-08-18',2021,'08','In_Adjustment',5.0,0.0,5.0),
(538,96,'IST2021080008',4,1,'Suhanda Souwmpie','2021-08-18',2021,'08','In_Adjustment',5.0,0.0,5.0),
(539,97,'IST2021080008',4,1,'Suhanda Souwmpie','2021-08-18',2021,'08','In_Adjustment',2.0,0.0,2.0),
(540,98,'IST2021080008',4,1,'Suhanda Souwmpie','2021-08-18',2021,'08','In_Adjustment',12.0,0.0,12.0),
(541,99,'IST2021080008',4,1,'Suhanda Souwmpie','2021-08-18',2021,'08','In_Adjustment',84.0,0.0,84.0),
(542,101,'IST2021080008',4,1,'Suhanda Souwmpie','2021-08-18',2021,'08','In_Adjustment',5.0,0.0,5.0),
(543,105,'IST2021080008',4,1,'Suhanda Souwmpie','2021-08-18',2021,'08','In_Adjustment',20.0,0.0,20.0),
(544,106,'IST2021080008',4,1,'Suhanda Souwmpie','2021-08-18',2021,'08','In_Adjustment',1.0,0.0,1.0),
(545,108,'IST2021080008',4,1,'Suhanda Souwmpie','2021-08-18',2021,'08','In_Adjustment',1.0,0.0,1.0),
(546,110,'IST2021080008',4,1,'Suhanda Souwmpie','2021-08-18',2021,'08','In_Adjustment',5.0,0.0,5.0),
(547,116,'IST2021080008',4,1,'Suhanda Souwmpie','2021-08-18',2021,'08','In_Adjustment',1.0,0.0,1.0),
(548,124,'IST2021080008',4,1,'Suhanda Souwmpie','2021-08-18',2021,'08','In_Adjustment',1.0,0.0,1.0),
(549,126,'IST2021080008',4,1,'Suhanda Souwmpie','2021-08-18',2021,'08','In_Adjustment',7.0,0.0,7.0),
(550,127,'IST2021080008',4,1,'Suhanda Souwmpie','2021-08-18',2021,'08','In_Adjustment',7.0,0.0,7.0),
(551,130,'IST2021080008',4,1,'Suhanda Souwmpie','2021-08-18',2021,'08','In_Adjustment',1.0,0.0,1.0),
(552,132,'IST2021080008',4,1,'Suhanda Souwmpie','2021-08-18',2021,'08','In_Adjustment',1.0,0.0,1.0),
(553,135,'IST2021080008',4,1,'Suhanda Souwmpie','2021-08-18',2021,'08','In_Adjustment',58.0,0.0,58.0),
(554,144,'IST2021080008',4,1,'Suhanda Souwmpie','2021-08-18',2021,'08','In_Adjustment',1.0,0.0,1.0),
(555,147,'IST2021080008',4,1,'Suhanda Souwmpie','2021-08-18',2021,'08','In_Adjustment',1.0,0.0,1.0),
(556,183,'IST2021080008',4,1,'Suhanda Souwmpie','2021-08-18',2021,'08','In_Adjustment',4.0,0.0,4.0),
(557,185,'IST2021080008',4,1,'Suhanda Souwmpie','2021-08-18',2021,'08','In_Adjustment',18.0,0.0,18.0),
(558,190,'IST2021080008',4,1,'Suhanda Souwmpie','2021-08-18',2021,'08','In_Adjustment',113.0,0.0,113.0),
(559,192,'IST2021080008',4,1,'Suhanda Souwmpie','2021-08-18',2021,'08','In_Adjustment',8.0,0.0,8.0),
(560,194,'IST2021080008',4,1,'Suhanda Souwmpie','2021-08-18',2021,'08','In_Adjustment',64.0,0.0,64.0),
(561,202,'IST2021080008',4,1,'Suhanda Souwmpie','2021-08-18',2021,'08','In_Adjustment',23.0,0.0,23.0),
(562,207,'IST2021080008',4,1,'Suhanda Souwmpie','2021-08-18',2021,'08','In_Adjustment',61.0,0.0,61.0),
(563,210,'IST2021080008',4,1,'Suhanda Souwmpie','2021-08-18',2021,'08','In_Adjustment',117.0,0.0,117.0),
(564,213,'IST2021080008',4,1,'Suhanda Souwmpie','2021-08-18',2021,'08','In_Adjustment',25.0,0.0,25.0),
(565,214,'IST2021080008',4,1,'Suhanda Souwmpie','2021-08-18',2021,'08','In_Adjustment',2.0,0.0,2.0),
(566,215,'IST2021080008',4,1,'Suhanda Souwmpie','2021-08-18',2021,'08','In_Adjustment',1.0,0.0,1.0),
(567,216,'IST2021080008',4,1,'Suhanda Souwmpie','2021-08-18',2021,'08','In_Adjustment',21.0,0.0,21.0),
(568,224,'IST2021080008',4,1,'Suhanda Souwmpie','2021-08-18',2021,'08','In_Adjustment',2.0,0.0,2.0),
(569,225,'IST2021080008',4,1,'Suhanda Souwmpie','2021-08-18',2021,'08','In_Adjustment',1.0,0.0,1.0),
(570,226,'IST2021080008',4,1,'Suhanda Souwmpie','2021-08-18',2021,'08','In_Adjustment',6.0,0.0,6.0),
(571,181,'IST2021080008',4,1,'Suhanda Souwmpie','2021-08-18',2021,'08','In_Adjustment',37.0,0.0,37.0),
(572,235,'IST2021080008',4,1,'Suhanda Souwmpie','2021-08-18',2021,'08','In_Adjustment',1.0,0.0,1.0),
(573,244,'IST2021080008',4,1,'Suhanda Souwmpie','2021-08-18',2021,'08','In_Adjustment',20.0,0.0,20.0),
(574,258,'IST2021080008',4,1,'Suhanda Souwmpie','2021-08-18',2021,'08','In_Adjustment',18.0,0.0,18.0),
(575,283,'IST2021080008',4,1,'Suhanda Souwmpie','2021-08-18',2021,'08','In_Adjustment',50.0,0.0,50.0),
(576,285,'IST2021080008',4,1,'Suhanda Souwmpie','2021-08-18',2021,'08','In_Adjustment',13.0,0.0,13.0),
(577,343,'IST2021080008',4,1,'Suhanda Souwmpie','2021-08-18',2021,'08','In_Adjustment',3.0,0.0,3.0),
(578,386,'IST2021080008',4,1,'Suhanda Souwmpie','2021-08-18',2021,'08','In_Adjustment',20.0,0.0,20.0),
(579,412,'IST2021080008',4,1,'Suhanda Souwmpie','2021-08-18',2021,'08','In_Adjustment',2.0,0.0,2.0),
(580,416,'IST2021080008',4,1,'Suhanda Souwmpie','2021-08-18',2021,'08','In_Adjustment',5.0,0.0,5.0),
(581,466,'IST2021080008',4,1,'Suhanda Souwmpie','2021-08-18',2021,'08','In_Adjustment',2.0,0.0,2.0),
(582,534,'IST2021080008',4,1,'Suhanda Souwmpie','2021-08-18',2021,'08','In_Adjustment',1.0,0.0,1.0),
(583,539,'IST2021080008',4,1,'Suhanda Souwmpie','2021-08-18',2021,'08','In_Adjustment',2.0,0.0,2.0),
(584,566,'IST2021080008',4,1,'Suhanda Souwmpie','2021-08-18',2021,'08','In_Adjustment',76.0,0.0,76.0),
(585,576,'IST2021080008',4,1,'Suhanda Souwmpie','2021-08-18',2021,'08','In_Adjustment',13.0,0.0,13.0),
(586,585,'IST2021080008',4,1,'Suhanda Souwmpie','2021-08-18',2021,'08','In_Adjustment',20.0,0.0,20.0),
(587,586,'IST2021080008',4,1,'Suhanda Souwmpie','2021-08-18',2021,'08','In_Adjustment',22.0,0.0,22.0),
(588,593,'IST2021080008',4,1,'Suhanda Souwmpie','2021-08-18',2021,'08','In_Adjustment',19.0,0.0,19.0),
(589,615,'IST2021080008',4,1,'Suhanda Souwmpie','2021-08-18',2021,'08','In_Adjustment',1.0,0.0,1.0),
(590,635,'IST2021080008',4,1,'Suhanda Souwmpie','2021-08-18',2021,'08','In_Adjustment',36.0,0.0,36.0),
(591,648,'IST2021080008',4,1,'Suhanda Souwmpie','2021-08-18',2021,'08','In_Adjustment',1.0,0.0,1.0),
(592,650,'IST2021080008',4,1,'Suhanda Souwmpie','2021-08-18',2021,'08','In_Adjustment',57.0,0.0,57.0),
(593,651,'IST2021080008',4,1,'Suhanda Souwmpie','2021-08-18',2021,'08','In_Adjustment',9.0,0.0,9.0),
(594,702,'IST2021080008',4,1,'Suhanda Souwmpie','2021-08-18',2021,'08','In_Adjustment',5.0,0.0,5.0),
(595,703,'IST2021080008',4,1,'Suhanda Souwmpie','2021-08-18',2021,'08','In_Adjustment',9.0,0.0,9.0),
(596,704,'IST2021080008',4,1,'Suhanda Souwmpie','2021-08-18',2021,'08','In_Adjustment',1.0,0.0,1.0),
(597,705,'IST2021080008',4,1,'Suhanda Souwmpie','2021-08-18',2021,'08','In_Adjustment',2.0,0.0,2.0),
(598,706,'IST2021080008',4,1,'Suhanda Souwmpie','2021-08-18',2021,'08','In_Adjustment',4.0,0.0,4.0),
(599,707,'IST2021080008',4,1,'Suhanda Souwmpie','2021-08-18',2021,'08','In_Adjustment',19.0,0.0,19.0),
(600,719,'IST2021080008',4,1,'Suhanda Souwmpie','2021-08-18',2021,'08','In_Adjustment',5.0,0.0,5.0),
(601,720,'IST2021080008',4,1,'Suhanda Souwmpie','2021-08-18',2021,'08','In_Adjustment',6.0,0.0,6.0),
(602,722,'IST2021080008',4,1,'Suhanda Souwmpie','2021-08-18',2021,'08','In_Adjustment',18.0,0.0,18.0),
(603,730,'IST2021080008',4,1,'Suhanda Souwmpie','2021-08-18',2021,'08','In_Adjustment',1.0,0.0,1.0),
(604,752,'IST2021080008',4,1,'Suhanda Souwmpie','2021-08-18',2021,'08','In_Adjustment',8.0,0.0,8.0),
(605,756,'IST2021080008',4,1,'Suhanda Souwmpie','2021-08-18',2021,'08','In_Adjustment',9.0,0.0,9.0),
(606,773,'IST2021080008',4,1,'Suhanda Souwmpie','2021-08-18',2021,'08','In_Adjustment',18.0,0.0,18.0),
(607,775,'IST2021080008',4,1,'Suhanda Souwmpie','2021-08-18',2021,'08','In_Adjustment',88.0,0.0,88.0),
(608,791,'IST2021080008',4,1,'Suhanda Souwmpie','2021-08-18',2021,'08','In_Adjustment',12.0,0.0,12.0),
(609,813,'IST2021080008',4,1,'Suhanda Souwmpie','2021-08-18',2021,'08','In_Adjustment',1.0,0.0,1.0),
(610,829,'IST2021080008',4,1,'Suhanda Souwmpie','2021-08-18',2021,'08','In_Adjustment',1.0,0.0,1.0),
(611,832,'IST2021080008',4,1,'Suhanda Souwmpie','2021-08-18',2021,'08','In_Adjustment',1.0,0.0,1.0),
(612,848,'IST2021080008',4,1,'Suhanda Souwmpie','2021-08-18',2021,'08','In_Adjustment',30.0,0.0,30.0),
(613,859,'IST2021080008',4,1,'Suhanda Souwmpie','2021-08-18',2021,'08','In_Adjustment',4.0,0.0,4.0),
(614,917,'IST2021080008',4,1,'Suhanda Souwmpie','2021-08-18',2021,'08','In_Adjustment',12.0,0.0,12.0),
(615,940,'IST2021080008',4,1,'Suhanda Souwmpie','2021-08-18',2021,'08','In_Adjustment',1.0,0.0,1.0),
(616,949,'IST2021080008',4,1,'Suhanda Souwmpie','2021-08-18',2021,'08','In_Adjustment',3.0,0.0,3.0),
(617,985,'IST2021080008',4,1,'Suhanda Souwmpie','2021-08-18',2021,'08','In_Adjustment',80.0,0.0,80.0),
(618,986,'IST2021080008',4,1,'Suhanda Souwmpie','2021-08-18',2021,'08','In_Adjustment',2.0,0.0,2.0),
(619,997,'IST2021080008',4,1,'Suhanda Souwmpie','2021-08-18',2021,'08','In_Adjustment',6.0,0.0,6.0),
(620,1057,'IST2021080008',4,1,'Suhanda Souwmpie','2021-08-18',2021,'08','In_Adjustment',30.0,0.0,30.0),
(621,1135,'IST2021080008',4,1,'Suhanda Souwmpie','2021-08-18',2021,'08','In_Adjustment',13.0,0.0,13.0),
(622,1137,'IST2021080008',4,1,'Suhanda Souwmpie','2021-08-18',2021,'08','In_Adjustment',104.0,0.0,104.0),
(623,1138,'IST2021080008',4,1,'Suhanda Souwmpie','2021-08-18',2021,'08','In_Adjustment',1450.0,0.0,1450.0),
(624,1139,'IST2021080008',4,1,'Suhanda Souwmpie','2021-08-18',2021,'08','In_Adjustment',1.0,0.0,1.0),
(625,1141,'IST2021080008',4,1,'Suhanda Souwmpie','2021-08-18',2021,'08','In_Adjustment',1.0,0.0,1.0),
(626,1142,'IST2021080008',4,1,'Suhanda Souwmpie','2021-08-18',2021,'08','In_Adjustment',1.0,0.0,1.0),
(627,1143,'IST2021080008',4,1,'Suhanda Souwmpie','2021-08-18',2021,'08','In_Adjustment',3.0,0.0,3.0),
(628,1145,'IST2021080008',4,1,'Suhanda Souwmpie','2021-08-18',2021,'08','In_Adjustment',100.0,0.0,100.0),
(629,1146,'IST2021080008',4,1,'Suhanda Souwmpie','2021-08-18',2021,'08','In_Adjustment',28.0,0.0,28.0),
(630,1147,'IST2021080008',4,1,'Suhanda Souwmpie','2021-08-18',2021,'08','In_Adjustment',1.0,0.0,1.0),
(631,1150,'IST2021080008',4,1,'Suhanda Souwmpie','2021-08-18',2021,'08','In_Adjustment',1.0,0.0,1.0),
(632,1181,'IST2021080008',4,1,'Suhanda Souwmpie','2021-08-18',2021,'08','In_Adjustment',2.0,0.0,2.0),
(633,1221,'IST2021080008',4,1,'Suhanda Souwmpie','2021-08-18',2021,'08','In_Adjustment',4.0,0.0,4.0),
(634,1222,'IST2021080008',4,1,'Suhanda Souwmpie','2021-08-18',2021,'08','In_Adjustment',15.0,0.0,15.0),
(635,1223,'IST2021080008',4,1,'Suhanda Souwmpie','2021-08-18',2021,'08','In_Adjustment',45.0,0.0,45.0),
(636,1227,'IST2021080008',4,1,'Suhanda Souwmpie','2021-08-18',2021,'08','In_Adjustment',6.0,0.0,6.0),
(637,1236,'IST2021080008',4,1,'Suhanda Souwmpie','2021-08-18',2021,'08','In_Adjustment',13.0,0.0,13.0),
(638,1241,'IST2021080008',4,1,'Suhanda Souwmpie','2021-08-18',2021,'08','In_Adjustment',1.0,0.0,1.0),
(639,1242,'IST2021080008',4,1,'Suhanda Souwmpie','2021-08-18',2021,'08','In_Adjustment',1.0,0.0,1.0),
(640,1243,'IST2021080008',4,1,'Suhanda Souwmpie','2021-08-18',2021,'08','In_Adjustment',1.0,0.0,1.0),
(641,1244,'IST2021080008',4,1,'Suhanda Souwmpie','2021-08-18',2021,'08','In_Adjustment',1.0,0.0,1.0),
(642,1246,'IST2021080008',4,1,'Suhanda Souwmpie','2021-08-18',2021,'08','In_Adjustment',5.0,0.0,5.0),
(643,1247,'IST2021080008',4,1,'Suhanda Souwmpie','2021-08-18',2021,'08','In_Adjustment',1.0,0.0,1.0),
(644,1248,'IST2021080008',4,1,'Suhanda Souwmpie','2021-08-18',2021,'08','In_Adjustment',1.0,0.0,1.0),
(645,1249,'IST2021080008',4,1,'Suhanda Souwmpie','2021-08-18',2021,'08','In_Adjustment',40.0,0.0,40.0),
(646,1250,'IST2021080008',4,1,'Suhanda Souwmpie','2021-08-18',2021,'08','In_Adjustment',11.0,0.0,11.0),
(647,1252,'IST2021080008',4,1,'Suhanda Souwmpie','2021-08-18',2021,'08','In_Adjustment',1.0,0.0,1.0),
(648,1253,'IST2021080008',4,1,'Suhanda Souwmpie','2021-08-18',2021,'08','In_Adjustment',1.0,0.0,1.0),
(649,1254,'IST2021080008',4,1,'Suhanda Souwmpie','2021-08-18',2021,'08','In_Adjustment',3.0,0.0,3.0),
(650,1255,'IST2021080009',4,1,'Suhanda Souwmpie','2021-08-19',2021,'08','In_Adjustment',20.0,0.0,20.0),
(651,283,'DO2021080005',4,1,'Suhanda Souwmpie','2021-08-23',2021,'08','DO_Trans',10.0,50.0,40.0),
(652,48,'ISS2021080010',4,1,'Suhanda Souwmpie','2021-08-24',2021,'08','In_Po',24.0,29.0,53.0),
(653,94,'ISS2021080010',4,1,'Suhanda Souwmpie','2021-08-24',2021,'08','In_Po',50.0,5.0,55.0),
(654,179,'ISS2021080011',4,1,'Suhanda Souwmpie','2021-08-24',2021,'08','In_Po',220.0,80.0,300.0),
(655,97,'ISS2021080012',4,1,'Suhanda Souwmpie','2021-08-25',2021,'08','In_Po',12.0,2.0,14.0),
(656,100,'IST2021080013',4,1,'Suhanda Souwmpie','2021-08-25',2021,'08','In_Adjustment',100.0,0.0,100.0),
(657,7,'DO2021080006',4,1,'Suhanda Souwmpie','2021-08-25',2021,'08','DO_Trans',1.0,34.0,33.0),
(658,100,'DO2021080006',4,1,'Suhanda Souwmpie','2021-08-25',2021,'08','DO_Trans',1.0,100.0,99.0),
(659,179,'DO2021080006',4,1,'Suhanda Souwmpie','2021-08-25',2021,'08','DO_Trans',79.0,300.0,221.0),
(660,222,'DO2021080006',4,1,'Suhanda Souwmpie','2021-08-25',2021,'08','DO_Trans',3.0,52.0,49.0),
(661,100,'ISR2021080013',4,1,'Suhanda Souwmpie','2021-08-25',2021,'08','Rj_InTrans',100.0,99.0,-1.0),
(662,100,'ISS2021080014',4,1,'Suhanda Souwmpie','2021-08-25',2021,'08','In_Po',1.0,-1.0,0.0),
(663,187,'ISS2021080015',4,1,'Suhanda Souwmpie','2021-08-26',2021,'08','In_Po',5.0,0.0,5.0),
(664,106,'DO2021080007',4,1,'Suhanda Souwmpie','2021-08-26',2021,'08','DO_Trans',1.0,1.0,0.0),
(665,187,'DO2021080007',4,1,'Suhanda Souwmpie','2021-08-26',2021,'08','DO_Trans',5.0,5.0,0.0),
(666,190,'DO2021080007',4,1,'Suhanda Souwmpie','2021-08-26',2021,'08','DO_Trans',1.0,113.0,112.0),
(667,192,'DO2021080007',4,1,'Suhanda Souwmpie','2021-08-26',2021,'08','DO_Trans',1.0,8.0,7.0),
(668,207,'DO2021080007',4,1,'Suhanda Souwmpie','2021-08-26',2021,'08','DO_Trans',10.0,61.0,51.0),
(669,215,'DO2021080007',4,1,'Suhanda Souwmpie','2021-08-26',2021,'08','DO_Trans',1.0,1.0,0.0),
(670,534,'DO2021080007',4,1,'Suhanda Souwmpie','2021-08-26',2021,'08','DO_Trans',0.5,1.0,0.5),
(671,650,'DO2021080007',4,1,'Suhanda Souwmpie','2021-08-26',2021,'08','DO_Trans',10.0,57.0,47.0),
(672,1256,'ISS2021080016',4,1,'Suhanda Souwmpie','2021-08-26',2021,'08','In_Po',6.0,0.0,6.0),
(673,84,'DO2021080008',4,1,'Suhanda Souwmpie','2021-08-26',2021,'08','DO_Trans',5.0,40.0,35.0),
(674,534,'DO2021080008',4,1,'Suhanda Souwmpie','2021-08-26',2021,'08','DO_Trans',0.5,0.5,0.0),
(675,756,'DO2021080008',4,1,'Suhanda Souwmpie','2021-08-26',2021,'08','DO_Trans',3.0,9.0,6.0),
(676,1256,'DO2021080008',4,1,'Suhanda Souwmpie','2021-08-26',2021,'08','DO_Trans',6.0,6.0,0.0),
(677,283,'ISS2021080017',4,1,'Suhanda Souwmpie','2021-08-27',2021,'08','In_Po',50.0,40.0,90.0),
(678,92,'ISS2021080018',4,1,'Suhanda Souwmpie','2021-08-27',2021,'08','In_Po',36.0,7.0,43.0),
(679,93,'ISS2021080018',4,1,'Suhanda Souwmpie','2021-08-27',2021,'08','In_Po',36.0,2.0,38.0),
(680,58,'ISS2021080019',4,1,'Suhanda Souwmpie','2021-08-27',2021,'08','In_Po',11.0,3.0,14.0),
(681,61,'ISS2021080019',4,1,'Suhanda Souwmpie','2021-08-27',2021,'08','In_Po',60.0,0.0,60.0),
(682,69,'ISS2021080019',4,1,'Suhanda Souwmpie','2021-08-27',2021,'08','In_Po',60.0,0.0,60.0),
(683,70,'ISS2021080019',4,1,'Suhanda Souwmpie','2021-08-27',2021,'08','In_Po',60.0,0.0,60.0),
(684,72,'ISS2021080019',4,1,'Suhanda Souwmpie','2021-08-27',2021,'08','In_Po',120.0,24.0,144.0),
(685,73,'ISS2021080019',4,1,'Suhanda Souwmpie','2021-08-27',2021,'08','In_Po',120.0,12.0,132.0),
(686,187,'ISS2021080020',4,1,'Suhanda Souwmpie','2021-08-27',2021,'08','In_Po',5.0,0.0,5.0),
(687,187,'DO2021080009',4,1,'Suhanda Souwmpie','2021-08-27',2021,'08','DO_Trans',5.0,5.0,0.0),
(688,702,'DO2021080009',4,1,'Suhanda Souwmpie','2021-08-27',2021,'08','DO_Trans',1.0,5.0,4.0),
(689,126,'DO2021080010',4,1,'Suhanda Souwmpie','2021-08-30',2021,'08','DO_Trans',3.0,7.0,4.0),
(690,127,'DO2021080010',4,1,'Suhanda Souwmpie','2021-08-30',2021,'08','DO_Trans',1.0,7.0,6.0),
(691,107,'ISS2021080021',4,1,'Suhanda Souwmpie','2021-08-31',2021,'08','In_Po',12.0,0.0,12.0),
(692,117,'ISS2021090001',4,1,'Suhanda Souwmpie','2021-09-01',2021,'09','In_Po',2.0,0.0,2.0),
(693,737,'ISS2021090001',4,1,'Suhanda Souwmpie','2021-09-01',2021,'09','In_Po',2.0,0.0,2.0),
(694,740,'ISS2021090001',4,1,'Suhanda Souwmpie','2021-09-01',2021,'09','In_Po',2.0,0.0,2.0),
(695,117,'DO2021090001',4,1,'Suhanda Souwmpie','2021-09-01',2021,'09','DO_Trans',1.0,2.0,1.0),
(696,737,'DO2021090001',4,1,'Suhanda Souwmpie','2021-09-01',2021,'09','DO_Trans',1.0,2.0,1.0),
(697,740,'DO2021090001',4,1,'Suhanda Souwmpie','2021-09-01',2021,'09','DO_Trans',1.0,2.0,1.0),
(698,13,'ISS2021090002',4,1,'Suhanda Souwmpie','2021-09-02',2021,'09','In_Po',12.0,3.0,15.0),
(699,179,'DO2021080011',4,1,'Suhanda Souwmpie','2021-08-30',2021,'08','DO_Trans',18.0,221.0,203.0),
(700,95,'ISS2021070017',4,1,'Suhanda Souwmpie','2021-07-31',2021,'07','In_Po',1.0,5.0,6.0),
(701,179,'ISS2021080022',4,1,'Suhanda Souwmpie','2021-08-16',2021,'08','In_Po',1.0,203.0,204.0),
(702,179,'DO2021080012',4,1,'Suhanda Souwmpie','2021-08-16',2021,'08','DO_Trans',1.0,204.0,203.0),
(703,95,'DO2021070014',4,1,'Suhanda Souwmpie','2021-07-31',2021,'07','DO_Trans',1.0,6.0,5.0),
(704,1,'DO2021090002',4,1,'Suhanda Souwmpie','2021-09-04',2021,'09','DO_Trans',1.0,8.0,7.0),
(705,7,'DO2021090002',4,1,'Suhanda Souwmpie','2021-09-04',2021,'09','DO_Trans',1.0,33.0,32.0),
(706,8,'DO2021090002',4,1,'Suhanda Souwmpie','2021-09-04',2021,'09','DO_Trans',1.0,9.0,8.0),
(707,13,'DO2021090002',4,1,'Suhanda Souwmpie','2021-09-04',2021,'09','DO_Trans',3.0,15.0,12.0),
(708,14,'DO2021090002',4,1,'Suhanda Souwmpie','2021-09-04',2021,'09','DO_Trans',1.0,6.0,5.0),
(709,19,'DO2021090002',4,1,'Suhanda Souwmpie','2021-09-04',2021,'09','DO_Trans',1.0,1.0,0.0),
(710,21,'DO2021090002',4,1,'Suhanda Souwmpie','2021-09-04',2021,'09','DO_Trans',1.0,11.0,10.0),
(711,22,'DO2021090002',4,1,'Suhanda Souwmpie','2021-09-04',2021,'09','DO_Trans',1.0,3.0,2.0),
(712,23,'DO2021090002',4,1,'Suhanda Souwmpie','2021-09-04',2021,'09','DO_Trans',3.0,26.0,23.0),
(713,27,'DO2021090002',4,1,'Suhanda Souwmpie','2021-09-04',2021,'09','DO_Trans',1.0,5.0,4.0),
(714,28,'DO2021090002',4,1,'Suhanda Souwmpie','2021-09-04',2021,'09','DO_Trans',1.0,18.0,17.0),
(715,31,'DO2021090002',4,1,'Suhanda Souwmpie','2021-09-04',2021,'09','DO_Trans',1.0,12.0,11.0),
(716,34,'DO2021090002',4,1,'Suhanda Souwmpie','2021-09-04',2021,'09','DO_Trans',5.0,14.0,9.0),
(717,35,'DO2021090002',4,1,'Suhanda Souwmpie','2021-09-04',2021,'09','DO_Trans',1.0,23.0,22.0),
(718,36,'DO2021090002',4,1,'Suhanda Souwmpie','2021-09-04',2021,'09','DO_Trans',10.0,55.0,45.0),
(719,37,'DO2021090002',4,1,'Suhanda Souwmpie','2021-09-04',2021,'09','DO_Trans',20.0,124.0,104.0),
(720,41,'DO2021090002',4,1,'Suhanda Souwmpie','2021-09-04',2021,'09','DO_Trans',200.0,1450.0,1250.0),
(721,42,'DO2021090002',4,1,'Suhanda Souwmpie','2021-09-04',2021,'09','DO_Trans',400.0,2750.0,2350.0),
(722,43,'DO2021090002',4,1,'Suhanda Souwmpie','2021-09-04',2021,'09','DO_Trans',10.0,96.0,86.0),
(723,47,'DO2021090002',4,1,'Suhanda Souwmpie','2021-09-04',2021,'09','DO_Trans',12.0,56.0,44.0),
(724,51,'DO2021090002',4,1,'Suhanda Souwmpie','2021-09-04',2021,'09','DO_Trans',1.0,4.0,3.0),
(725,56,'DO2021090002',4,1,'Suhanda Souwmpie','2021-09-04',2021,'09','DO_Trans',15.0,88.0,73.0),
(726,58,'DO2021090002',4,1,'Suhanda Souwmpie','2021-09-04',2021,'09','DO_Trans',2.0,14.0,12.0),
(727,59,'DO2021090002',4,1,'Suhanda Souwmpie','2021-09-04',2021,'09','DO_Trans',2.0,26.0,24.0),
(728,61,'DO2021090002',4,1,'Suhanda Souwmpie','2021-09-04',2021,'09','DO_Trans',12.0,60.0,48.0),
(729,73,'DO2021090002',4,1,'Suhanda Souwmpie','2021-09-04',2021,'09','DO_Trans',12.0,132.0,120.0),
(730,83,'DO2021090002',4,1,'Suhanda Souwmpie','2021-09-04',2021,'09','DO_Trans',3.0,3.0,0.0),
(731,89,'DO2021090002',4,1,'Suhanda Souwmpie','2021-09-04',2021,'09','DO_Trans',5.0,23.0,18.0),
(732,92,'DO2021090002',4,1,'Suhanda Souwmpie','2021-09-04',2021,'09','DO_Trans',3.0,43.0,40.0),
(733,93,'DO2021090002',4,1,'Suhanda Souwmpie','2021-09-04',2021,'09','DO_Trans',3.0,38.0,35.0),
(734,94,'DO2021090002',4,1,'Suhanda Souwmpie','2021-09-04',2021,'09','DO_Trans',15.0,55.0,40.0),
(735,95,'DO2021090002',4,1,'Suhanda Souwmpie','2021-09-04',2021,'09','DO_Trans',1.0,5.0,4.0),
(736,105,'DO2021090002',4,1,'Suhanda Souwmpie','2021-09-04',2021,'09','DO_Trans',1.0,20.0,19.0),
(737,107,'DO2021090002',4,1,'Suhanda Souwmpie','2021-09-04',2021,'09','DO_Trans',1.0,12.0,11.0),
(738,135,'DO2021090002',4,1,'Suhanda Souwmpie','2021-09-04',2021,'09','DO_Trans',12.0,58.0,46.0),
(739,179,'DO2021090002',4,1,'Suhanda Souwmpie','2021-09-04',2021,'09','DO_Trans',60.0,203.0,143.0),
(740,185,'DO2021090002',4,1,'Suhanda Souwmpie','2021-09-04',2021,'09','DO_Trans',1.0,18.0,17.0),
(741,188,'DO2021090002',4,1,'Suhanda Souwmpie','2021-09-04',2021,'09','DO_Trans',2.0,14.0,12.0),
(742,222,'DO2021090002',4,1,'Suhanda Souwmpie','2021-09-04',2021,'09','DO_Trans',2.0,49.0,47.0),
(743,1137,'DO2021090002',4,1,'Suhanda Souwmpie','2021-09-04',2021,'09','DO_Trans',12.0,104.0,92.0),
(744,1222,'DO2021090002',4,1,'Suhanda Souwmpie','2021-09-04',2021,'09','DO_Trans',2.0,15.0,13.0),
(745,83,'ISS2021090003',4,1,'Suhanda Souwmpie','2021-09-03',2021,'09','In_Po',100.0,0.0,100.0),
(746,100,'ISS2021090004',4,1,'Suhanda Souwmpie','2021-09-03',2021,'09','In_Po',5.0,0.0,5.0),
(747,1257,'ISS2021090004',4,1,'Suhanda Souwmpie','2021-09-03',2021,'09','In_Po',3.0,0.0,3.0),
(748,1257,'DO2021090003',4,1,'Suhanda Souwmpie','2021-09-03',2021,'09','DO_Trans',1.0,3.0,2.0),
(749,7,'DOR2021070013',4,1,'Suhanda Souwmpie','2021-07-31',2021,'07','Rj_do',1.0,32.0,33.0),
(750,22,'DOR2021070013',4,1,'Suhanda Souwmpie','2021-07-31',2021,'07','Rj_do',1.0,2.0,3.0),
(751,23,'DOR2021070013',4,1,'Suhanda Souwmpie','2021-07-31',2021,'07','Rj_do',2.0,23.0,25.0),
(752,37,'DOR2021070013',4,1,'Suhanda Souwmpie','2021-07-31',2021,'07','Rj_do',8.0,104.0,112.0),
(753,73,'DOR2021070013',4,1,'Suhanda Souwmpie','2021-07-31',2021,'07','Rj_do',12.0,120.0,132.0),
(754,75,'DOR2021070013',4,1,'Suhanda Souwmpie','2021-07-31',2021,'07','Rj_do',30.0,820.0,850.0),
(755,97,'DOR2021070013',4,1,'Suhanda Souwmpie','2021-07-31',2021,'07','Rj_do',2.0,14.0,16.0),
(756,283,'DO2021090004',4,1,'Suhanda Souwmpie','2021-09-04',2021,'09','DO_Trans',40.0,90.0,50.0),
(757,283,'DO2021090005',4,1,'Suhanda Souwmpie','2021-09-10',2021,'09','DO_Trans',50.0,50.0,0.0),
(758,39,'ISS2021090005',4,1,'Suhanda Souwmpie','2021-09-10',2021,'09','In_Po',2000.0,547.0,2547.0),
(759,7,'DO2021070015',4,1,'Suhanda Souwmpie','2021-07-31',2021,'07','DO_Trans',1.0,33.0,32.0),
(760,22,'DO2021070015',4,1,'Suhanda Souwmpie','2021-07-31',2021,'07','DO_Trans',1.0,3.0,2.0),
(761,23,'DO2021070015',4,1,'Suhanda Souwmpie','2021-07-31',2021,'07','DO_Trans',2.0,25.0,23.0),
(762,37,'DO2021070015',4,1,'Suhanda Souwmpie','2021-07-31',2021,'07','DO_Trans',8.0,112.0,104.0),
(763,73,'DO2021070015',4,1,'Suhanda Souwmpie','2021-07-31',2021,'07','DO_Trans',12.0,132.0,120.0),
(764,75,'DO2021070015',4,1,'Suhanda Souwmpie','2021-07-31',2021,'07','DO_Trans',30.0,850.0,820.0),
(765,97,'DO2021070015',4,1,'Suhanda Souwmpie','2021-07-31',2021,'07','DO_Trans',2.0,16.0,14.0),
(766,187,'ISS2021090006',4,1,'Suhanda Souwmpie','2021-09-10',2021,'09','In_Po',9999.0,0.0,9999.0),
(767,1,'DO2021090006',4,1,'Suhanda Souwmpie','2021-09-10',2021,'09','DO_Trans',2.0,7.0,5.0),
(768,5,'DO2021090006',4,1,'Suhanda Souwmpie','2021-09-10',2021,'09','DO_Trans',2.0,5.0,3.0),
(769,7,'DO2021090006',4,1,'Suhanda Souwmpie','2021-09-10',2021,'09','DO_Trans',2.0,32.0,30.0),
(770,12,'DO2021090006',4,1,'Suhanda Souwmpie','2021-09-10',2021,'09','DO_Trans',1.0,2.0,1.0),
(771,13,'DO2021090006',4,1,'Suhanda Souwmpie','2021-09-10',2021,'09','DO_Trans',2.0,12.0,10.0),
(772,20,'DO2021090006',4,1,'Suhanda Souwmpie','2021-09-10',2021,'09','DO_Trans',12.0,91.0,79.0),
(773,21,'DO2021090006',4,1,'Suhanda Souwmpie','2021-09-10',2021,'09','DO_Trans',1.0,10.0,9.0),
(774,22,'DO2021090006',4,1,'Suhanda Souwmpie','2021-09-10',2021,'09','DO_Trans',1.0,2.0,1.0),
(775,23,'DO2021090006',4,1,'Suhanda Souwmpie','2021-09-10',2021,'09','DO_Trans',6.0,23.0,17.0),
(776,25,'DO2021090006',4,1,'Suhanda Souwmpie','2021-09-10',2021,'09','DO_Trans',1.0,8.0,7.0),
(777,31,'DO2021090006',4,1,'Suhanda Souwmpie','2021-09-10',2021,'09','DO_Trans',2.0,11.0,9.0),
(778,33,'DO2021090006',4,1,'Suhanda Souwmpie','2021-09-10',2021,'09','DO_Trans',1.0,8.0,7.0),
(779,34,'DO2021090006',4,1,'Suhanda Souwmpie','2021-09-10',2021,'09','DO_Trans',3.0,9.0,6.0),
(780,36,'DO2021090006',4,1,'Suhanda Souwmpie','2021-09-10',2021,'09','DO_Trans',20.0,45.0,25.0),
(781,37,'DO2021090006',4,1,'Suhanda Souwmpie','2021-09-10',2021,'09','DO_Trans',10.0,104.0,94.0),
(782,39,'DO2021090006',4,1,'Suhanda Souwmpie','2021-09-10',2021,'09','DO_Trans',400.0,2547.0,2147.0),
(783,42,'DO2021090006',4,1,'Suhanda Souwmpie','2021-09-10',2021,'09','DO_Trans',400.0,2350.0,1950.0),
(784,43,'DO2021090006',4,1,'Suhanda Souwmpie','2021-09-10',2021,'09','DO_Trans',10.0,86.0,76.0),
(785,47,'DO2021090006',4,1,'Suhanda Souwmpie','2021-09-10',2021,'09','DO_Trans',15.0,44.0,29.0),
(786,48,'DO2021090006',4,1,'Suhanda Souwmpie','2021-09-10',2021,'09','DO_Trans',5.0,53.0,48.0),
(787,49,'DO2021090006',4,1,'Suhanda Souwmpie','2021-09-10',2021,'09','DO_Trans',5.0,7.0,2.0),
(788,50,'DO2021090006',4,1,'Suhanda Souwmpie','2021-09-10',2021,'09','DO_Trans',8.0,102.0,94.0),
(789,51,'DO2021090006',4,1,'Suhanda Souwmpie','2021-09-10',2021,'09','DO_Trans',1.0,3.0,2.0),
(790,52,'DO2021090006',4,1,'Suhanda Souwmpie','2021-09-10',2021,'09','DO_Trans',1.0,6.0,5.0),
(791,56,'DO2021090006',4,1,'Suhanda Souwmpie','2021-09-10',2021,'09','DO_Trans',20.0,73.0,53.0),
(792,58,'DO2021090006',4,1,'Suhanda Souwmpie','2021-09-10',2021,'09','DO_Trans',2.0,12.0,10.0),
(793,61,'DO2021090006',4,1,'Suhanda Souwmpie','2021-09-10',2021,'09','DO_Trans',12.0,48.0,36.0),
(794,64,'DO2021090006',4,1,'Suhanda Souwmpie','2021-09-10',2021,'09','DO_Trans',12.0,30.0,18.0),
(795,69,'DO2021090006',4,1,'Suhanda Souwmpie','2021-09-10',2021,'09','DO_Trans',12.0,60.0,48.0),
(796,75,'DO2021090006',4,1,'Suhanda Souwmpie','2021-09-10',2021,'09','DO_Trans',40.0,820.0,780.0),
(797,76,'DO2021090006',4,1,'Suhanda Souwmpie','2021-09-10',2021,'09','DO_Trans',10.0,64.0,54.0),
(798,78,'DO2021090006',4,1,'Suhanda Souwmpie','2021-09-10',2021,'09','DO_Trans',20.0,82.0,62.0),
(799,79,'DO2021090006',4,1,'Suhanda Souwmpie','2021-09-10',2021,'09','DO_Trans',10.0,10.0,0.0),
(800,80,'DO2021090006',4,1,'Suhanda Souwmpie','2021-09-10',2021,'09','DO_Trans',20.0,56.0,36.0),
(801,82,'DO2021090006',4,1,'Suhanda Souwmpie','2021-09-10',2021,'09','DO_Trans',2.0,2.0,0.0),
(802,83,'DO2021090006',4,1,'Suhanda Souwmpie','2021-09-10',2021,'09','DO_Trans',4.0,100.0,96.0),
(803,89,'DO2021090006',4,1,'Suhanda Souwmpie','2021-09-10',2021,'09','DO_Trans',3.0,18.0,15.0),
(804,92,'DO2021090006',4,1,'Suhanda Souwmpie','2021-09-10',2021,'09','DO_Trans',2.0,40.0,38.0),
(805,94,'DO2021090006',4,1,'Suhanda Souwmpie','2021-09-10',2021,'09','DO_Trans',20.0,40.0,20.0),
(806,101,'DO2021090006',4,1,'Suhanda Souwmpie','2021-09-10',2021,'09','DO_Trans',2.0,5.0,3.0),
(807,107,'DO2021090006',4,1,'Suhanda Souwmpie','2021-09-10',2021,'09','DO_Trans',1.0,11.0,10.0),
(808,135,'DO2021090006',4,1,'Suhanda Souwmpie','2021-09-10',2021,'09','DO_Trans',12.0,46.0,34.0),
(809,187,'DO2021090006',4,1,'Suhanda Souwmpie','2021-09-10',2021,'09','DO_Trans',3.0,9999.0,9996.0),
(810,188,'DO2021090006',4,1,'Suhanda Souwmpie','2021-09-10',2021,'09','DO_Trans',3.0,12.0,9.0),
(811,190,'DO2021090006',4,1,'Suhanda Souwmpie','2021-09-10',2021,'09','DO_Trans',10.0,112.0,102.0),
(812,222,'DO2021090006',4,1,'Suhanda Souwmpie','2021-09-10',2021,'09','DO_Trans',3.0,47.0,44.0),
(813,412,'DO2021090006',4,1,'Suhanda Souwmpie','2021-09-10',2021,'09','DO_Trans',2.0,2.0,0.0),
(814,566,'DO2021090006',4,1,'Suhanda Souwmpie','2021-09-10',2021,'09','DO_Trans',20.0,76.0,56.0),
(815,576,'DO2021090006',4,1,'Suhanda Souwmpie','2021-09-10',2021,'09','DO_Trans',3.0,13.0,10.0),
(816,1137,'DO2021090006',4,1,'Suhanda Souwmpie','2021-09-10',2021,'09','DO_Trans',24.0,92.0,68.0),
(817,1222,'DO2021090006',4,1,'Suhanda Souwmpie','2021-09-10',2021,'09','DO_Trans',2.0,13.0,11.0),
(818,416,'DO2021090007',4,1,'Suhanda Souwmpie','2021-09-10',2021,'09','DO_Trans',2.0,5.0,3.0),
(819,514,'ISS2021090007',4,1,'Suhanda Souwmpie','2021-09-14',2021,'09','In_Po',80.0,0.0,80.0),
(820,283,'ISS2021090008',4,1,'Suhanda Souwmpie','2021-09-21',2021,'09','In_Po',50.0,0.0,50.0),
(821,7,'DO2021090008',4,1,'Suhanda Souwmpie','2021-09-15',2021,'09','DO_Trans',1.0,30.0,29.0),
(822,100,'DO2021090008',4,1,'Suhanda Souwmpie','2021-09-15',2021,'09','DO_Trans',1.0,5.0,4.0),
(823,179,'DO2021090008',4,1,'Suhanda Souwmpie','2021-09-15',2021,'09','DO_Trans',17.0,143.0,126.0),
(824,190,'DO2021090008',4,1,'Suhanda Souwmpie','2021-09-15',2021,'09','DO_Trans',1.0,102.0,101.0),
(825,192,'DO2021090008',4,1,'Suhanda Souwmpie','2021-09-15',2021,'09','DO_Trans',1.0,7.0,6.0),
(826,222,'DO2021090008',4,1,'Suhanda Souwmpie','2021-09-15',2021,'09','DO_Trans',2.0,44.0,42.0),
(827,22,'ISS2021090009',4,1,'Suhanda Souwmpie','2021-09-21',2021,'09','In_Po',15.0,1.0,16.0),
(828,1258,'ISS2021090010',4,1,'Suhanda Souwmpie','2021-09-22',2021,'09','In_Po',10.0,0.0,10.0),
(829,23,'DO2021060009',4,1,'Suhanda Souwmpie','2021-06-23',2021,'06','DO_Trans',2.0,17.0,15.0),
(830,36,'DO2021060009',4,1,'Suhanda Souwmpie','2021-06-23',2021,'06','DO_Trans',10.0,25.0,15.0),
(831,41,'DO2021060009',4,1,'Suhanda Souwmpie','2021-06-23',2021,'06','DO_Trans',100.0,1250.0,1150.0),
(832,42,'DO2021060009',4,1,'Suhanda Souwmpie','2021-06-23',2021,'06','DO_Trans',200.0,1950.0,1750.0),
(833,89,'DO2021060009',4,1,'Suhanda Souwmpie','2021-06-23',2021,'06','DO_Trans',3.0,15.0,12.0),
(834,135,'DO2021060009',4,1,'Suhanda Souwmpie','2021-06-23',2021,'06','DO_Trans',12.0,34.0,22.0),
(835,135,'IST2021100001',4,1,'Suhanda Souwmpie','2021-10-06',2021,'10','In_Others',12.0,22.0,34.0),
(836,36,'IST2021100001',4,1,'Suhanda Souwmpie','2021-10-06',2021,'10','In_Others',10.0,15.0,25.0),
(837,23,'IST2021100001',4,1,'Suhanda Souwmpie','2021-10-06',2021,'10','In_Others',2.0,15.0,17.0),
(838,89,'IST2021100001',4,1,'Suhanda Souwmpie','2021-10-06',2021,'10','In_Others',3.0,12.0,15.0),
(839,41,'IST2021100001',4,1,'Suhanda Souwmpie','2021-10-06',2021,'10','In_Others',100.0,1150.0,1250.0),
(840,42,'IST2021100001',4,1,'Suhanda Souwmpie','2021-10-06',2021,'10','In_Others',200.0,1750.0,1950.0),
(841,112,'IST2021100002',4,1,'Suhanda Souwmpie','2021-10-03',2021,'10','In_Others',1.0,0.0,1.0),
(842,111,'IST2021100002',4,1,'Suhanda Souwmpie','2021-10-03',2021,'10','In_Others',1.0,0.0,1.0),
(843,111,'DO2021100001',4,1,'Suhanda Souwmpie','2021-10-03',2021,'10','DO_Trans',1.0,1.0,0.0),
(844,112,'DO2021100001',4,1,'Suhanda Souwmpie','2021-10-03',2021,'10','DO_Trans',1.0,1.0,0.0),
(845,179,'DO2021100002',4,1,'Suhanda Souwmpie','2021-10-04',2021,'10','DO_Trans',60.0,126.0,66.0),
(846,222,'DO2021100002',4,1,'Suhanda Souwmpie','2021-10-04',2021,'10','DO_Trans',2.5,42.0,39.5),
(847,179,'ISS2021100003',4,1,'Suhanda Souwmpie','2021-10-04',2021,'10','In_Po',220.0,66.0,286.0),
(848,82,'ISS2021100004',4,1,'Suhanda Souwmpie','2021-10-05',2021,'10','In_Po',8.0,0.0,8.0),
(849,47,'ISS2021100005',4,1,'Suhanda Souwmpie','2021-10-05',2021,'10','In_Po',96.0,29.0,125.0),
(850,49,'ISS2021100005',4,1,'Suhanda Souwmpie','2021-10-05',2021,'10','In_Po',9.0,2.0,11.0),
(851,94,'ISS2021100005',4,1,'Suhanda Souwmpie','2021-10-05',2021,'10','In_Po',100.0,20.0,120.0),
(852,1259,'ISS2021100006',4,1,'Suhanda Souwmpie','2021-10-08',2021,'10','In_Po',2.0,0.0,2.0),
(853,125,'ISS2021100007',4,1,'Suhanda Souwmpie','2021-10-08',2021,'10','In_Po',5.0,0.0,5.0),
(854,89,'DO2021100003',4,1,'Suhanda Souwmpie','2021-10-08',2021,'10','DO_Trans',1.0,15.0,14.0),
(855,97,'DO2021100003',4,1,'Suhanda Souwmpie','2021-10-08',2021,'10','DO_Trans',2.0,14.0,12.0),
(856,125,'DO2021100003',4,1,'Suhanda Souwmpie','2021-10-08',2021,'10','DO_Trans',1.0,5.0,4.0),
(857,187,'DO2021100003',4,1,'Suhanda Souwmpie','2021-10-08',2021,'10','DO_Trans',4.0,9996.0,9992.0),
(858,190,'DO2021100003',4,1,'Suhanda Souwmpie','2021-10-08',2021,'10','DO_Trans',3.0,101.0,98.0),
(859,283,'ISS2021090011',4,1,'Suhanda Souwmpie','2021-09-21',2021,'09','In_Po',50.0,50.0,100.0),
(860,283,'ISS2021100008',4,1,'Suhanda Souwmpie','2021-10-05',2021,'10','In_Po',50.0,100.0,150.0),
(861,285,'ISS2021100008',4,1,'Suhanda Souwmpie','2021-10-05',2021,'10','In_Po',25.0,13.0,38.0),
(862,286,'ISS2021100009',4,1,'Suhanda Souwmpie','2021-10-08',2021,'10','In_Po',9.0,0.0,9.0),
(863,302,'ISS2021100009',4,1,'Suhanda Souwmpie','2021-10-08',2021,'10','In_Po',4.0,0.0,4.0),
(864,286,'ISR2021100009',4,1,'Suhanda Souwmpie','2021-10-08',2021,'10','Rj_InTrans',9.0,9.0,0.0),
(865,302,'ISR2021100009',4,1,'Suhanda Souwmpie','2021-10-08',2021,'10','Rj_InTrans',4.0,4.0,0.0),
(866,286,'ISS2021100010',4,1,'Suhanda Souwmpie','2021-10-08',2021,'10','In_Po',9.0,0.0,9.0),
(867,302,'ISS2021100010',4,1,'Suhanda Souwmpie','2021-10-08',2021,'10','In_Po',4.0,0.0,4.0),
(868,283,'DO2021100004',4,1,'Suhanda Souwmpie','2021-10-07',2021,'10','DO_Trans',50.0,150.0,100.0),
(869,285,'DO2021100004',4,1,'Suhanda Souwmpie','2021-10-07',2021,'10','DO_Trans',12.5,38.0,25.5),
(870,190,'DO2021100005',4,1,'Suhanda Souwmpie','2021-10-09',2021,'10','DO_Trans',1.0,98.0,97.0),
(871,192,'DO2021100005',4,1,'Suhanda Souwmpie','2021-10-09',2021,'10','DO_Trans',1.0,6.0,5.0),
(872,222,'DO2021100005',4,1,'Suhanda Souwmpie','2021-10-09',2021,'10','DO_Trans',2.5,39.5,37.0),
(873,101,'ISS2021100011',4,1,'Suhanda Souwmpie','2021-10-13',2021,'10','In_Po',25.0,3.0,28.0),
(874,106,'ISS2021100011',4,1,'Suhanda Souwmpie','2021-10-13',2021,'10','In_Po',12.0,0.0,12.0),
(875,659,'ISS2021100011',4,1,'Suhanda Souwmpie','2021-10-13',2021,'10','In_Po',12.0,0.0,12.0),
(876,34,'ISS2021100012',4,1,'Suhanda Souwmpie','2021-10-13',2021,'10','In_Po',25.0,6.0,31.0),
(877,36,'ISS2021100012',4,1,'Suhanda Souwmpie','2021-10-13',2021,'10','In_Po',100.0,25.0,125.0),
(878,37,'ISS2021100012',4,1,'Suhanda Souwmpie','2021-10-13',2021,'10','In_Po',96.0,94.0,190.0),
(879,42,'ISS2021100013',4,1,'Suhanda Souwmpie','2021-10-14',2021,'10','In_Po',2500.0,1950.0,4450.0),
(880,1,'DO2021100006',4,1,'Suhanda Souwmpie','2021-10-09',2021,'10','DO_Trans',1.0,5.0,4.0),
(881,7,'DO2021100006',4,1,'Suhanda Souwmpie','2021-10-09',2021,'10','DO_Trans',2.0,29.0,27.0),
(882,8,'DO2021100006',4,1,'Suhanda Souwmpie','2021-10-09',2021,'10','DO_Trans',2.0,8.0,6.0),
(883,11,'DO2021100006',4,1,'Suhanda Souwmpie','2021-10-09',2021,'10','DO_Trans',2.0,16.0,14.0),
(884,20,'DO2021100006',4,1,'Suhanda Souwmpie','2021-10-09',2021,'10','DO_Trans',12.0,79.0,67.0),
(885,21,'DO2021100006',4,1,'Suhanda Souwmpie','2021-10-09',2021,'10','DO_Trans',1.0,9.0,8.0),
(886,22,'DO2021100006',4,1,'Suhanda Souwmpie','2021-10-09',2021,'10','DO_Trans',2.0,16.0,14.0),
(887,23,'DO2021100006',4,1,'Suhanda Souwmpie','2021-10-09',2021,'10','DO_Trans',5.0,17.0,12.0),
(888,25,'DO2021100006',4,1,'Suhanda Souwmpie','2021-10-09',2021,'10','DO_Trans',2.0,7.0,5.0),
(889,29,'DO2021100006',4,1,'Suhanda Souwmpie','2021-10-09',2021,'10','DO_Trans',1.0,10.0,9.0),
(890,31,'DO2021100006',4,1,'Suhanda Souwmpie','2021-10-09',2021,'10','DO_Trans',2.0,9.0,7.0),
(891,34,'DO2021100006',4,1,'Suhanda Souwmpie','2021-10-09',2021,'10','DO_Trans',6.0,31.0,25.0),
(892,36,'DO2021100006',4,1,'Suhanda Souwmpie','2021-10-09',2021,'10','DO_Trans',10.0,125.0,115.0),
(893,37,'DO2021100006',4,1,'Suhanda Souwmpie','2021-10-09',2021,'10','DO_Trans',15.0,190.0,175.0),
(894,39,'DO2021100006',4,1,'Suhanda Souwmpie','2021-10-09',2021,'10','DO_Trans',300.0,2147.0,1847.0),
(895,41,'DO2021100006',4,1,'Suhanda Souwmpie','2021-10-09',2021,'10','DO_Trans',100.0,1250.0,1150.0),
(896,42,'DO2021100006',4,1,'Suhanda Souwmpie','2021-10-09',2021,'10','DO_Trans',500.0,4450.0,3950.0),
(897,43,'DO2021100006',4,1,'Suhanda Souwmpie','2021-10-09',2021,'10','DO_Trans',10.0,76.0,66.0),
(898,47,'DO2021100006',4,1,'Suhanda Souwmpie','2021-10-09',2021,'10','DO_Trans',20.0,125.0,105.0),
(899,48,'DO2021100006',4,1,'Suhanda Souwmpie','2021-10-09',2021,'10','DO_Trans',4.0,48.0,44.0),
(900,49,'DO2021100006',4,1,'Suhanda Souwmpie','2021-10-09',2021,'10','DO_Trans',2.0,11.0,9.0),
(901,50,'DO2021100006',4,1,'Suhanda Souwmpie','2021-10-09',2021,'10','DO_Trans',10.0,94.0,84.0),
(902,51,'DO2021100006',4,1,'Suhanda Souwmpie','2021-10-09',2021,'10','DO_Trans',1.0,2.0,1.0),
(903,52,'DO2021100006',4,1,'Suhanda Souwmpie','2021-10-09',2021,'10','DO_Trans',1.0,5.0,4.0),
(904,56,'DO2021100006',4,1,'Suhanda Souwmpie','2021-10-09',2021,'10','DO_Trans',20.0,53.0,33.0),
(905,70,'DO2021100006',4,1,'Suhanda Souwmpie','2021-10-09',2021,'10','DO_Trans',12.0,60.0,48.0),
(906,73,'DO2021100006',4,1,'Suhanda Souwmpie','2021-10-09',2021,'10','DO_Trans',12.0,120.0,108.0),
(907,74,'DO2021100006',4,1,'Suhanda Souwmpie','2021-10-09',2021,'10','DO_Trans',30.0,663.0,633.0),
(908,75,'DO2021100006',4,1,'Suhanda Souwmpie','2021-10-09',2021,'10','DO_Trans',40.0,780.0,740.0),
(909,76,'DO2021100006',4,1,'Suhanda Souwmpie','2021-10-09',2021,'10','DO_Trans',7.0,54.0,47.0),
(910,77,'DO2021100006',4,1,'Suhanda Souwmpie','2021-10-09',2021,'10','DO_Trans',7.0,70.0,63.0),
(911,78,'DO2021100006',4,1,'Suhanda Souwmpie','2021-10-09',2021,'10','DO_Trans',10.0,62.0,52.0),
(912,80,'DO2021100006',4,1,'Suhanda Souwmpie','2021-10-09',2021,'10','DO_Trans',10.0,36.0,26.0),
(913,82,'DO2021100006',4,1,'Suhanda Souwmpie','2021-10-09',2021,'10','DO_Trans',3.0,8.0,5.0),
(914,83,'DO2021100006',4,1,'Suhanda Souwmpie','2021-10-09',2021,'10','DO_Trans',3.0,96.0,93.0),
(915,89,'DO2021100006',4,1,'Suhanda Souwmpie','2021-10-09',2021,'10','DO_Trans',4.0,14.0,10.0),
(916,92,'DO2021100006',4,1,'Suhanda Souwmpie','2021-10-09',2021,'10','DO_Trans',4.0,38.0,34.0),
(917,93,'DO2021100006',4,1,'Suhanda Souwmpie','2021-10-09',2021,'10','DO_Trans',6.0,35.0,29.0),
(918,94,'DO2021100006',4,1,'Suhanda Souwmpie','2021-10-09',2021,'10','DO_Trans',30.0,120.0,90.0),
(919,95,'DO2021100006',4,1,'Suhanda Souwmpie','2021-10-09',2021,'10','DO_Trans',2.0,4.0,2.0),
(920,101,'DO2021100006',4,1,'Suhanda Souwmpie','2021-10-09',2021,'10','DO_Trans',3.0,28.0,25.0),
(921,105,'DO2021100006',4,1,'Suhanda Souwmpie','2021-10-09',2021,'10','DO_Trans',1.0,19.0,18.0),
(922,126,'DO2021100006',4,1,'Suhanda Souwmpie','2021-10-09',2021,'10','DO_Trans',2.0,4.0,2.0),
(923,135,'DO2021100006',4,1,'Suhanda Souwmpie','2021-10-09',2021,'10','DO_Trans',12.0,34.0,22.0),
(924,179,'DO2021100006',4,1,'Suhanda Souwmpie','2021-10-09',2021,'10','DO_Trans',80.0,286.0,206.0),
(925,187,'DO2021100006',4,1,'Suhanda Souwmpie','2021-10-09',2021,'10','DO_Trans',2.0,9992.0,9990.0),
(926,188,'DO2021100006',4,1,'Suhanda Souwmpie','2021-10-09',2021,'10','DO_Trans',4.0,9.0,5.0),
(927,190,'DO2021100006',4,1,'Suhanda Souwmpie','2021-10-09',2021,'10','DO_Trans',10.0,97.0,87.0),
(928,222,'DO2021100006',4,1,'Suhanda Souwmpie','2021-10-09',2021,'10','DO_Trans',3.0,37.0,34.0),
(929,566,'DO2021100006',4,1,'Suhanda Souwmpie','2021-10-09',2021,'10','DO_Trans',10.0,56.0,46.0),
(930,576,'DO2021100006',4,1,'Suhanda Souwmpie','2021-10-09',2021,'10','DO_Trans',2.0,10.0,8.0),
(931,750,'DO2021100006',4,1,'Suhanda Souwmpie','2021-10-09',2021,'10','DO_Trans',4.0,24.0,20.0),
(932,940,'DO2021100006',4,1,'Suhanda Souwmpie','2021-10-09',2021,'10','DO_Trans',1.0,1.0,0.0),
(933,1137,'DO2021100006',4,1,'Suhanda Souwmpie','2021-10-09',2021,'10','DO_Trans',12.0,68.0,56.0),
(934,1222,'DO2021100006',4,1,'Suhanda Souwmpie','2021-10-09',2021,'10','DO_Trans',2.0,11.0,9.0),
(935,1223,'DO2021100006',4,1,'Suhanda Souwmpie','2021-10-09',2021,'10','DO_Trans',1.0,45.0,44.0),
(936,1232,'DO2021100006',4,1,'Suhanda Souwmpie','2021-10-09',2021,'10','DO_Trans',1.0,1.0,0.0),
(937,1259,'DO2021100006',4,1,'Suhanda Souwmpie','2021-10-09',2021,'10','DO_Trans',1.0,2.0,1.0),
(938,514,'DO2021100007',4,1,'Suhanda Souwmpie','2021-10-08',2021,'10','DO_Trans',20.0,80.0,60.0),
(939,1260,'IST2021100014',4,1,'Suhanda Souwmpie','2021-10-11',2021,'10','In_Others',2.0,0.0,2.0),
(940,1261,'IST2021100014',4,1,'Suhanda Souwmpie','2021-10-11',2021,'10','In_Others',2.0,0.0,2.0),
(941,192,'DO2021100008',4,1,'Suhanda Souwmpie','2021-10-11',2021,'10','DO_Trans',1.0,5.0,4.0),
(942,244,'DO2021100008',4,1,'Suhanda Souwmpie','2021-10-11',2021,'10','DO_Trans',15.0,20.0,5.0),
(943,386,'DO2021100008',4,1,'Suhanda Souwmpie','2021-10-11',2021,'10','DO_Trans',10.0,20.0,10.0),
(944,1260,'DO2021100008',4,1,'Suhanda Souwmpie','2021-10-11',2021,'10','DO_Trans',2.0,2.0,0.0),
(945,1261,'DO2021100008',4,1,'Suhanda Souwmpie','2021-10-11',2021,'10','DO_Trans',2.0,2.0,0.0),
(946,190,'DO2021100009',4,1,'Suhanda Souwmpie','2021-10-13',2021,'10','DO_Trans',5.0,87.0,82.0),
(947,190,'DO2021100010',4,1,'Suhanda Souwmpie','2021-10-13',2021,'10','DO_Trans',5.0,82.0,77.0),
(948,190,'DOR2021100010',4,1,'Suhanda Souwmpie','2021-10-13',2021,'10','Rj_do',5.0,77.0,82.0),
(949,84,'DO2021100011',4,1,'Suhanda Souwmpie','2021-10-14',2021,'10','DO_Trans',10.0,35.0,25.0),
(950,194,'DO2021100011',4,1,'Suhanda Souwmpie','2021-10-14',2021,'10','DO_Trans',5.0,64.0,59.0),
(951,283,'DO2021100012',4,1,'Suhanda Souwmpie','2021-10-05',2021,'10','DO_Trans',50.0,100.0,50.0),
(952,285,'DO2021100012',4,1,'Suhanda Souwmpie','2021-10-05',2021,'10','DO_Trans',12.5,25.5,13.0),
(953,286,'DO2021100013',4,1,'Suhanda Souwmpie','2021-10-08',2021,'10','DO_Trans',9.0,9.0,0.0),
(954,302,'DO2021100013',4,1,'Suhanda Souwmpie','2021-10-08',2021,'10','DO_Trans',4.0,4.0,0.0),
(955,114,'ISS2021100015',4,1,'Suhanda Souwmpie','2021-10-18',2021,'10','In_Po',12.0,0.0,12.0),
(956,576,'ISS2021100015',4,1,'Suhanda Souwmpie','2021-10-18',2021,'10','In_Po',60.0,8.0,68.0),
(957,1262,'ISS2021100015',4,1,'Suhanda Souwmpie','2021-10-18',2021,'10','In_Po',100.0,0.0,100.0),
(958,179,'DO2021100014',4,1,'Suhanda Souwmpie','2021-10-15',2021,'10','DO_Trans',60.0,206.0,146.0),
(959,190,'DO2021100014',4,1,'Suhanda Souwmpie','2021-10-15',2021,'10','DO_Trans',5.0,82.0,77.0),
(960,222,'DO2021100014',4,1,'Suhanda Souwmpie','2021-10-15',2021,'10','DO_Trans',2.0,34.0,32.0),
(961,84,'DO2021100015',4,1,'Suhanda Souwmpie','2021-10-17',2021,'10','DO_Trans',5.0,25.0,20.0),
(962,89,'DO2021100015',4,1,'Suhanda Souwmpie','2021-10-17',2021,'10','DO_Trans',1.0,10.0,9.0),
(963,97,'DO2021100015',4,1,'Suhanda Souwmpie','2021-10-17',2021,'10','DO_Trans',2.0,12.0,10.0),
(964,194,'DO2021100015',4,1,'Suhanda Souwmpie','2021-10-17',2021,'10','DO_Trans',8.0,59.0,51.0),
(965,222,'DO2021100015',4,1,'Suhanda Souwmpie','2021-10-17',2021,'10','DO_Trans',2.5,32.0,29.5),
(966,179,'DO2021100016',4,1,'Suhanda Souwmpie','2021-10-18',2021,'10','DO_Trans',60.0,146.0,86.0),
(967,222,'DO2021100016',4,1,'Suhanda Souwmpie','2021-10-18',2021,'10','DO_Trans',2.5,29.5,27.0),
(968,1262,'DO2021100017',4,1,'Suhanda Souwmpie','2021-10-18',2021,'10','DO_Trans',6.0,100.0,94.0),
(969,192,'ISS2021100016',4,1,'Suhanda Souwmpie','2021-10-18',2021,'10','In_Po',50.0,4.0,54.0),
(970,25,'ISS2021100017',4,1,'Suhanda Souwmpie','2021-10-17',2021,'10','In_Po',12.0,5.0,17.0),
(971,27,'ISS2021100017',4,1,'Suhanda Souwmpie','2021-10-17',2021,'10','In_Po',12.0,4.0,16.0),
(972,49,'ISS2021100018',4,1,'Suhanda Souwmpie','2021-10-18',2021,'10','In_Po',15.0,9.0,24.0),
(973,56,'ISS2021100018',4,1,'Suhanda Souwmpie','2021-10-18',2021,'10','In_Po',100.0,33.0,133.0),
(974,76,'ISS2021100018',4,1,'Suhanda Souwmpie','2021-10-18',2021,'10','In_Po',75.0,47.0,122.0),
(975,78,'ISS2021100018',4,1,'Suhanda Souwmpie','2021-10-18',2021,'10','In_Po',100.0,52.0,152.0),
(976,79,'ISS2021100018',4,1,'Suhanda Souwmpie','2021-10-18',2021,'10','In_Po',45.0,0.0,45.0),
(977,89,'ISS2021100018',4,1,'Suhanda Souwmpie','2021-10-18',2021,'10','In_Po',24.0,9.0,33.0),
(978,1137,'ISS2021100019',4,1,'Suhanda Souwmpie','2021-10-19',2021,'10','In_Po',120.0,56.0,176.0),
(979,31,'ISS2021100020',4,1,'Suhanda Souwmpie','2021-10-19',2021,'10','In_Po',10.0,7.0,17.0),
(980,135,'ISS2021100021',4,1,'Suhanda Souwmpie','2021-10-19',2021,'10','In_Po',120.0,22.0,142.0),
(981,286,'ISS2021100022',4,1,'Suhanda Souwmpie','2021-10-20',2021,'10','In_Po',10.0,0.0,10.0),
(982,302,'ISS2021100022',4,1,'Suhanda Souwmpie','2021-10-20',2021,'10','In_Po',5.0,0.0,5.0),
(983,286,'DO2021100018',4,1,'Suhanda Souwmpie','2021-10-22',2021,'10','DO_Trans',10.0,10.0,0.0),
(984,302,'DO2021100018',4,1,'Suhanda Souwmpie','2021-10-22',2021,'10','DO_Trans',5.0,5.0,0.0),
(985,1233,'ISS2021100023',6,1,'Suhanda Souwmpie','2021-10-23',2021,'10','In_Po',1.0,0.0,1.0),
(986,39,'OSS2021100001',4,1,'Suhanda Souwmpie','2021-10-23',2021,'10','Out_tr',1.0,1847.0,1846.0),
(987,39,'ISS2021100024',6,1,'Suhanda Souwmpie','2021-10-23',2021,'10','In_Trans',1.0,0.0,1.0),
(988,1233,'IST2021110001',4,1,'Suhanda Souwmpie','2021-11-02',2021,'11','In_Others',30.0,0.0,30.0),
(989,1232,'IST2021110001',4,1,'Suhanda Souwmpie','2021-11-02',2021,'11','In_Others',30.0,0.0,30.0),
(990,1232,'DO2021110001',4,1,'Suhanda Souwmpie','2021-11-02',2021,'11','DO_Trans',2.0,0.0,-2.0),
(991,1233,'IST2021110002',6,1,'Suhanda Souwmpie','2021-11-02',2021,'11','In_Others',30.0,1.0,31.0),
(992,1232,'IST2021110002',6,1,'Suhanda Souwmpie','2021-11-02',2021,'11','In_Others',30.0,0.0,30.0),
(993,1232,'DO2021110002',6,1,'Suhanda Souwmpie','2021-11-02',2021,'11','DO_Trans',4.0,30.0,26.0),
(994,1233,'DO2021110002',6,1,'Suhanda Souwmpie','2021-11-02',2021,'11','DO_Trans',2.0,31.0,29.0),
(995,1232,'DO2021110003',6,1,'Suhanda Souwmpie','2021-11-02',2021,'11','DO_Trans',3.0,26.0,23.0),
(996,1233,'DO2021110003',6,1,'Suhanda Souwmpie','2021-11-02',2021,'11','DO_Trans',3.0,29.0,26.0),
(997,1232,'DO2021110004',6,1,'Suhanda Souwmpie','2021-11-02',2021,'11','DO_Trans',17.0,23.0,6.0),
(998,1233,'DO2021110004',6,1,'Suhanda Souwmpie','2021-11-02',2021,'11','DO_Trans',7.0,26.0,19.0),
(999,1233,'IST2021110003',6,1,'Suhanda Souwmpie','2021-11-02',2021,'11','In_Others',5.0,19.0,24.0),
(1000,1232,'IST2021110003',6,1,'Suhanda Souwmpie','2021-11-02',2021,'11','In_Others',5.0,6.0,11.0),
(1001,1232,'DO2021110005',6,1,'Suhanda Souwmpie','2021-11-02',2021,'11','DO_Trans',1.0,11.0,10.0),
(1002,1233,'DO2021110005',6,1,'Suhanda Souwmpie','2021-11-02',2021,'11','DO_Trans',1.0,24.0,23.0),
(1003,1232,'DO2021110006',6,1,'Suhanda Souwmpie','2021-11-02',2021,'11','DO_Trans',1.0,10.0,9.0),
(1004,1233,'DO2021110006',6,1,'Suhanda Souwmpie','2021-11-02',2021,'11','DO_Trans',1.0,23.0,22.0),
(1005,1232,'DO2021110007',6,1,'Suhanda Souwmpie','2021-11-02',2021,'11','DO_Trans',1.0,9.0,8.0),
(1006,1233,'DO2021110007',6,1,'Suhanda Souwmpie','2021-11-02',2021,'11','DO_Trans',1.0,22.0,21.0),
(1007,1232,'DO2021110008',6,1,'Suhanda Souwmpie','2021-11-02',2021,'11','DO_Trans',1.0,8.0,7.0),
(1008,1233,'DO2021110008',6,1,'Suhanda Souwmpie','2021-11-02',2021,'11','DO_Trans',1.0,21.0,20.0),
(1009,1232,'DO2021110009',6,1,'Suhanda Souwmpie','2021-11-02',2021,'11','DO_Trans',1.0,7.0,6.0),
(1010,1233,'DO2021110009',6,1,'Suhanda Souwmpie','2021-11-02',2021,'11','DO_Trans',1.0,20.0,19.0),
(1011,1232,'DO2021110010',6,1,'Suhanda Souwmpie','2021-11-02',2021,'11','DO_Trans',1.0,6.0,5.0),
(1012,1233,'DO2021110010',6,1,'Suhanda Souwmpie','2021-11-02',2021,'11','DO_Trans',1.0,19.0,18.0),
(1013,1232,'DO2021110011',6,1,'Suhanda Souwmpie','2021-11-02',2021,'11','DO_Trans',0.0,5.0,5.0),
(1014,1232,'DO2021110012',6,1,'Suhanda Souwmpie','2021-11-02',2021,'11','DO_Trans',1.0,5.0,4.0),
(1015,1233,'DO2021110012',6,1,'Suhanda Souwmpie','2021-11-02',2021,'11','DO_Trans',1.0,18.0,17.0),
(1016,1232,'DO2021110013',6,1,'Suhanda Souwmpie','2021-11-02',2021,'11','DO_Trans',1.0,4.0,3.0),
(1017,1233,'DO2021110013',6,1,'Suhanda Souwmpie','2021-11-02',2021,'11','DO_Trans',1.0,17.0,16.0),
(1018,1232,'DO2021110014',6,1,'Suhanda Souwmpie','2021-11-02',2021,'11','DO_Trans',1.0,3.0,2.0),
(1019,1233,'DO2021110014',6,1,'Suhanda Souwmpie','2021-11-02',2021,'11','DO_Trans',1.0,16.0,15.0),
(1020,1232,'DO2021110015',6,1,'Suhanda Souwmpie','2021-11-02',2021,'11','DO_Trans',1.0,2.0,1.0),
(1021,1233,'DO2021110015',6,1,'Suhanda Souwmpie','2021-11-02',2021,'11','DO_Trans',1.0,15.0,14.0),
(1022,1232,'DO2021110016',6,1,'Suhanda Souwmpie','2021-11-02',2021,'11','DO_Trans',1.0,1.0,0.0),
(1023,1233,'DO2021110016',6,1,'Suhanda Souwmpie','2021-11-02',2021,'11','DO_Trans',1.0,14.0,13.0),
(1024,1232,'DOR2021110005',6,1,'Suhanda Souwmpie','2021-11-02',2021,'11','Rj_do',1.0,0.0,1.0),
(1025,1233,'DOR2021110005',6,1,'Suhanda Souwmpie','2021-11-02',2021,'11','Rj_do',1.0,13.0,14.0),
(1026,1232,'DOR2021110006',6,1,'Suhanda Souwmpie','2021-11-02',2021,'11','Rj_do',1.0,1.0,2.0),
(1027,1233,'DOR2021110006',6,1,'Suhanda Souwmpie','2021-11-02',2021,'11','Rj_do',1.0,14.0,15.0),
(1028,1232,'DOR2021110007',6,1,'Suhanda Souwmpie','2021-11-02',2021,'11','Rj_do',1.0,2.0,3.0),
(1029,1233,'DOR2021110007',6,1,'Suhanda Souwmpie','2021-11-02',2021,'11','Rj_do',1.0,15.0,16.0),
(1030,1232,'DOR2021110008',6,1,'Suhanda Souwmpie','2021-11-02',2021,'11','Rj_do',1.0,3.0,4.0),
(1031,1233,'DOR2021110008',6,1,'Suhanda Souwmpie','2021-11-02',2021,'11','Rj_do',1.0,16.0,17.0),
(1032,1232,'DOR2021110009',6,1,'Suhanda Souwmpie','2021-11-02',2021,'11','Rj_do',1.0,4.0,5.0),
(1033,1233,'DOR2021110009',6,1,'Suhanda Souwmpie','2021-11-02',2021,'11','Rj_do',1.0,17.0,18.0),
(1034,1232,'DOR2021110010',6,1,'Suhanda Souwmpie','2021-11-02',2021,'11','Rj_do',1.0,5.0,6.0),
(1035,1233,'DOR2021110010',6,1,'Suhanda Souwmpie','2021-11-02',2021,'11','Rj_do',1.0,18.0,19.0),
(1036,1232,'DOR2021110011',6,1,'Suhanda Souwmpie','2021-11-02',2021,'11','Rj_do',0.0,6.0,6.0),
(1037,1232,'DOR2021110012',6,1,'Suhanda Souwmpie','2021-11-02',2021,'11','Rj_do',1.0,6.0,7.0),
(1038,1233,'DOR2021110012',6,1,'Suhanda Souwmpie','2021-11-02',2021,'11','Rj_do',1.0,19.0,20.0),
(1039,1232,'DOR2021110013',6,1,'Suhanda Souwmpie','2021-11-02',2021,'11','Rj_do',1.0,7.0,8.0),
(1040,1233,'DOR2021110013',6,1,'Suhanda Souwmpie','2021-11-02',2021,'11','Rj_do',1.0,20.0,21.0),
(1041,1232,'DOR2021110014',6,1,'Suhanda Souwmpie','2021-11-02',2021,'11','Rj_do',1.0,8.0,9.0),
(1042,1233,'DOR2021110014',6,1,'Suhanda Souwmpie','2021-11-02',2021,'11','Rj_do',1.0,21.0,22.0),
(1043,1232,'DOR2021110015',6,1,'Suhanda Souwmpie','2021-11-02',2021,'11','Rj_do',1.0,9.0,10.0),
(1044,1233,'DOR2021110015',6,1,'Suhanda Souwmpie','2021-11-02',2021,'11','Rj_do',1.0,22.0,23.0),
(1045,1232,'DOR2021110016',6,1,'Suhanda Souwmpie','2021-11-02',2021,'11','Rj_do',1.0,10.0,11.0),
(1046,1233,'DOR2021110016',6,1,'Suhanda Souwmpie','2021-11-02',2021,'11','Rj_do',1.0,23.0,24.0),
(1047,1233,'IST2021110004',6,1,'Suhanda Souwmpie','2021-11-02',2021,'11','In_Others',100.0,24.0,124.0),
(1048,1232,'IST2021110004',6,1,'Suhanda Souwmpie','2021-11-02',2021,'11','In_Others',100.0,11.0,111.0),
(1049,1232,'DO2021110017',6,1,'Suhanda Souwmpie','2021-11-02',2021,'11','DO_Trans',26.0,111.0,85.0),
(1050,1233,'DO2021110017',6,1,'Suhanda Souwmpie','2021-11-02',2021,'11','DO_Trans',24.0,124.0,100.0),
(1051,1232,'DOR2021110017',6,1,'Suhanda Souwmpie','2021-11-02',2021,'11','Rj_do',26.0,85.0,111.0),
(1052,1233,'DOR2021110017',6,1,'Suhanda Souwmpie','2021-11-02',2021,'11','Rj_do',24.0,100.0,124.0),
(1053,1232,'DO2021110018',6,1,'Suhanda Souwmpie','2021-11-02',2021,'11','DO_Trans',26.0,111.0,85.0),
(1054,1233,'DO2021110018',6,1,'Suhanda Souwmpie','2021-11-02',2021,'11','DO_Trans',24.0,124.0,100.0);

/*Table structure for table `trn_stock_hist_tmp` */

DROP TABLE IF EXISTS `trn_stock_hist_tmp`;

CREATE TABLE `trn_stock_hist_tmp` (
  `stock_hist_id` int(11) NOT NULL AUTO_INCREMENT,
  `items_id` int(11) DEFAULT NULL COMMENT 'Id Barang',
  `doc_no` varchar(15) DEFAULT NULL COMMENT 'Dokumen Transaksi Stok',
  `warehouse_id` int(11) DEFAULT NULL COMMENT 'Warehouse Id',
  `company_id` int(11) DEFAULT NULL COMMENT 'Id Company',
  `company_name` varchar(50) DEFAULT NULL COMMENT 'Nama Company',
  `trn_date` date DEFAULT NULL COMMENT 'Tanggal Transaksi',
  `trn_year` year(4) DEFAULT NULL COMMENT 'Tahun Transaksi',
  `trn_month` varchar(2) DEFAULT NULL COMMENT 'Bulan Transaksi',
  `activity` varchar(15) DEFAULT NULL COMMENT 'Aktifitas Stok',
  `qty` decimal(12,2) DEFAULT NULL COMMENT 'Qty',
  `old_stock` decimal(12,2) DEFAULT NULL COMMENT 'Stok Awal',
  `current_stock` decimal(12,2) DEFAULT NULL COMMENT 'Stok Akhir',
  PRIMARY KEY (`stock_hist_id`),
  KEY `items_id` (`items_id`),
  KEY `warehouse_id` (`warehouse_id`),
  KEY `company_id` (`company_id`)
) ENGINE=InnoDB DEFAULT CHARSET=latin1;

/*Data for the table `trn_stock_hist_tmp` */

/*Table structure for table `trn_stock_tmp` */

DROP TABLE IF EXISTS `trn_stock_tmp`;

CREATE TABLE `trn_stock_tmp` (
  `stock_id` int(11) NOT NULL AUTO_INCREMENT,
  `items_id` int(11) DEFAULT NULL COMMENT 'Id Barang',
  `doc_no` varchar(15) DEFAULT NULL COMMENT 'Update Dokumen Terakhir yang berhubungan Dengan Stok',
  `warehouse_id` int(11) DEFAULT NULL COMMENT 'Gudang Id',
  `company_id` int(11) DEFAULT NULL COMMENT 'Id Company',
  `company_name` varchar(50) DEFAULT NULL COMMENT 'Nama Company',
  `trn_date` date DEFAULT NULL COMMENT 'Tanggal Terakhir Yang Berhubungan Dengan Stok',
  `trn_year` year(4) DEFAULT NULL COMMENT 'Tahun',
  `trn_month` varchar(2) DEFAULT NULL COMMENT 'Bulan',
  `activity` varchar(15) DEFAULT NULL COMMENT 'In_Po, In_Trans, In_Others, In_Adj, Out_Trans, Write_Off, Out_Trans, Out_Others, Out_Adj',
  `items_in` decimal(12,2) DEFAULT NULL COMMENT 'Qty',
  `items_out` decimal(12,2) DEFAULT NULL COMMENT 'Qty',
  `adj_in` decimal(12,2) DEFAULT NULL COMMENT 'Qty',
  `adj_out` decimal(12,2) DEFAULT NULL COMMENT 'Qty',
  `old_stock` decimal(12,2) DEFAULT NULL COMMENT 'Stok Awal',
  `current_stock` decimal(12,2) DEFAULT NULL COMMENT 'Stok Akhir',
  PRIMARY KEY (`stock_id`),
  UNIQUE KEY `items_id` (`items_id`,`warehouse_id`),
  KEY `warehouse_id` (`warehouse_id`),
  KEY `company_id` (`company_id`)
) ENGINE=InnoDB DEFAULT CHARSET=latin1;

/*Data for the table `trn_stock_tmp` */

/*Table structure for table `trn_unit_conversion` */

DROP TABLE IF EXISTS `trn_unit_conversion`;

CREATE TABLE `trn_unit_conversion` (
  `uv_id` int(11) NOT NULL AUTO_INCREMENT COMMENT 'Id Tabel',
  `uv_no` varchar(15) DEFAULT NULL COMMENT 'No Table',
  `warehouse_id` int(11) DEFAULT NULL,
  `items_id_from` int(11) NOT NULL COMMENT 'Id Item Asal',
  `units_id_from` int(11) NOT NULL COMMENT 'Id Stuan Asal',
  `qty_from` decimal(10,2) NOT NULL DEFAULT 0.00 COMMENT 'Quantiti Asal',
  `price_from` decimal(11,2) DEFAULT 0.00,
  `items_id_to` int(11) NOT NULL COMMENT 'Id Item Tujuan',
  `units_id_to` int(11) NOT NULL COMMENT 'Id Stuan Tujuan',
  `qty_to` decimal(10,2) NOT NULL DEFAULT 0.00 COMMENT 'Quantiti Tujuan',
  `price_to` decimal(11,2) DEFAULT 0.00,
  `remarks` varchar(195) DEFAULT NULL COMMENT 'Catatan',
  `is_active` smallint(1) DEFAULT NULL COMMENT 'Status',
  `pic_input` int(11) DEFAULT NULL,
  `input_time` datetime DEFAULT NULL,
  `pic_edit` int(11) DEFAULT NULL,
  `edit_time` datetime DEFAULT NULL,
  PRIMARY KEY (`uv_id`),
  KEY `items_id_from` (`items_id_from`),
  KEY `items_id_to` (`items_id_to`),
  KEY `units_id_from` (`units_id_from`),
  KEY `units_id_to` (`units_id_to`),
  KEY `warehouse_id` (`warehouse_id`),
  CONSTRAINT `trn_unit_conversion_ibfk_1` FOREIGN KEY (`items_id_from`) REFERENCES `db_pos_master`.`mst_items` (`items_id`) ON UPDATE CASCADE,
  CONSTRAINT `trn_unit_conversion_ibfk_2` FOREIGN KEY (`items_id_to`) REFERENCES `db_pos_master`.`mst_items` (`items_id`) ON UPDATE CASCADE,
  CONSTRAINT `trn_unit_conversion_ibfk_3` FOREIGN KEY (`units_id_from`) REFERENCES `db_pos_master`.`mst_items_unit` (`items_unit_id`) ON UPDATE CASCADE,
  CONSTRAINT `trn_unit_conversion_ibfk_4` FOREIGN KEY (`units_id_to`) REFERENCES `db_pos_master`.`mst_items_unit` (`items_unit_id`) ON UPDATE CASCADE,
  CONSTRAINT `trn_unit_conversion_ibfk_5` FOREIGN KEY (`warehouse_id`) REFERENCES `db_pos_master`.`mst_warehouse` (`warehouse_id`) ON UPDATE CASCADE
) ENGINE=InnoDB DEFAULT CHARSET=latin1;

/*Data for the table `trn_unit_conversion` */

/*!40101 SET SQL_MODE=@OLD_SQL_MODE */;
/*!40014 SET FOREIGN_KEY_CHECKS=@OLD_FOREIGN_KEY_CHECKS */;
/*!40014 SET UNIQUE_CHECKS=@OLD_UNIQUE_CHECKS */;
/*!40111 SET SQL_NOTES=@OLD_SQL_NOTES */;
